50365310 112.357708 -12.69596 2.1713484 5.8181633
88863718 122.580465 -5.513852 1.9316462 11.2154
238597883 122.178195 -48.802811 3.5730141 11.3113
169904935 120.704811 -11.101521 4.55072 6.54449
156115721 124.359239 -27.273521 2.5047918 8.6950898
65212867 112.752393 -4.463359 6.9989206 14.7752
440801822 109.382839 13.395219 2.0483755 3.19621
231663901 318.737012 -55.871863 1.4303699 13.1874503
139853601 112.293981 -21.832912 0.6808702 5.9115908
114018671 113.984761 -32.841999 2.4704981 1.44656
175310067 116.110771 -36.098285 12.6889415 14.0608342
149603524 87.139821 -63.988329 4.4119378 15.4706
143994283 119.30075 -42.999149 1.90879 3.34688
47384844 162.96491 -5.788708 3.09574 3.4262
388624270 125.434634 -51.759442 14.2694372 3.7255381
20318757 167.133275 -29.653135 3.2834565 2.87648
20318757 167.133275 -29.653135 11.02875 2.76586
20318757 167.133275 -29.653135 5.0113292 2.52314
447283466 157.098337 -51.705409 1.01606 1.20704
336732616 312.457488 -24.428694 3.547854 14.581841
464296022 155.831478 -57.590248 12.1246519 17.6729
304021498 140.88389 -67.026006 5.652623 8.94354
146589986 159.221506 -42.541639 5.6643704 14.7738943
149601557 87.282586 -60.498444 29.0162503 9.84223
400595342 134.441752 -49.000578 3.6344692 4.2048368
146172354 157.867112 -42.240448 3.7795212 5.98375
363260203 147.385172 -63.306478 1.2025238 6.31106
90544017 128.454638 -49.940347 3.2235985 5.51341
231670397 319.949697 -58.148933 4.0872956 13.6237732
310483807 128.61421 -61.488262 2.55555 11.5901
360286627 141.975215 -61.33004 0.7581018 10.0744
90448944 128.302319 -52.714202 1.4415577 3.61078
54044474 159.887704 -32.51188 3.7039994 17.57
309787037 126.419468 -60.907514 1.3042553 9.36472
370745311 144.581535 -67.505097 0.62627 5.72162
384549882 136.527702 -54.903922 0.30412 10.417
16288184 253.768848 -28.710584 2.1805277 16.808853
144065872 337.457824 -48.003099 2.1846669 13.7028527
259863352 40.365939 -71.462749 21.701669 2.3751494
317060587 337.510274 -75.646561 9.139804 3.0629855
112395568 290.977117 -33.351416 5.742625 13.088532
366989877 302.114174 -54.317501 15.5077855 2.43432
320004517 293.286615 -54.532728 17.4713078 3.5766828
421894914 339.258703 -76.917605 5.3079507 3.0486928
323132914 127.996917 -78.407564 51.1701501 2.9366826
31553893 288.911772 -31.790813 11.1296441 12.8402271
380783252 269.714503 -60.922727 9.4496506 17.0216
38846515 68.959816 -64.027039 2.8493825 16.3869
101230735 299.290995 -48.934476 2.0685633 3.89739
253990973 284.688908 -41.242483 0.540933 2.28501
299799658 38.120968 -78.023683 4.1150576 2.30057
406976746 230.555493 -83.056214 10.0665634 2.09966
79748331 296.003935 -47.56203 6.4438657 2.460344
79748331 296.003935 -47.56203 12.2265595 2.6014766
201604954 285.096517 -54.893341 4.606184 12.962219
201642601 288.672005 -59.57935 3.1316735 9.4995191
6663331 284.399762 -49.138513 3.180362 13.446487
31858843 289.479212 -32.860124 2.9776446 14.4339
120247528 280.184169 -58.459388 3.553814 12.539744
158297421 287.484402 -49.664942 3.9228016 13.3368705
327301957 310.761004 -72.010267 13.9428705 2.4233421
351601843 309.971209 -65.449699 0.6047392 1.8625587
360742636 294.633694 -55.330269 2.5495611 12.9171288
369960846 173.810798 -88.096213 1.6062693 12.6436029
370133522 306.928646 -56.462287 0.5182425 1.3485121
379240073 283.119492 -55.387928 3.1644075 14.8814743
289793076 316.96148 -26.09672 3.0440541 12.1086799
161032923 276.368325 -52.214573 3.9652485 1.2305102
253728991 282.140409 -40.11177 2.98278 11.467011
261108236 83.275809 -80.815478 16.3469053 3.5059571
322270620 296.822194 -87.32281 12.9802953 2.4241912
380589029 268.890707 -61.7474 1.3484961 15.8824638
381979901 77.605399 -59.535664 3.2541181 14.9476
468148930 305.56982 -88.568495 3.7178828 14.6986197
426077080 238.001011 -76.49349 9.30992 14.2968
343648136 272.311383 -76.300955 1.15395 5.48364
29344935 313.215475 -25.687376 2.76676 12.2867389
193413306 222.101134 -56.025931 1.725841 15.0024
136274063 230.498827 -53.819601 0.5971314 9.08382
375223080 133.968965 -75.926187 1.4821386 13.7339261
375225453 133.826684 -73.173308 0.9209526 5.7349089
360630575 189.775859 -74.57402 9.188506 2.16591
360630575 189.775859 -74.57402 13.9028391 2.6136848
383390264 192.589285 -88.121111 10.1826983 3.0538057
290348383 328.718171 -77.338802 6.441006 2.56374
281459670 5.618525 -59.942589 3.1743504 14.9172256
318608749 9.126138 -83.567067 20.0731588 4.0506906
271581073 319.551469 -77.529113 2.66903 9.36823
311890977 263.003209 -76.858265 6.63371 2.75375
451599528 279.721286 -85.709137 341.2811281 4.7531892
274151135 146.053969 -89.471513 10.8680523 2.90726
384513078 253.110033 -79.135182 11.1149 14.7645
394561119 155.607863 -82.218869 4.0782392 13.898174
50309953 30.198486 -77.610376 7.04083 8.46404
355703913 0.774487 -62.469317 2.1061569 13.086872
446549905 286.791829 -58.697242 2.4545635 11.1276
412014494 291.373783 -60.941042 11.4756978 14.1098
369864738 163.628917 -87.269735 2.78186 4.92567
290348382 328.710839 -77.337433 6.4410082 4.59203
379286801 283.301843 -54.910806 4.45199 15.8858
304100538 27.699972 -75.848774 5.0100708 2.3107394
295541511 273.602061 -66.419974 2.2281625 2.56778
388104525 55.933639 -65.19378 2.4997996 13.8516093
143257766 293.389272 -45.892667 1.66226 13.3343
304774444 281.369481 -52.262928 3.6245513 4.3503
469782185 292.391505 -37.304009 1.20928 15.1764
128790976 300.212928 -43.982529 3.5187707 14.0061
80166433 298.287708 -46.369991 0.7724825 4.1624907
405862830 279.062469 -43.620606 1.6268695 2.36498
425721385 289.761799 -43.074223 13.5499 6.24633
91576611 284.157959 -29.398357 4.43651 19.9664
97409519 332.714337 -30.749719 3.372877 14.201803
254113311 286.376004 -41.43764 8.34998 11.1424
254113311 286.376004 -41.43764 4.0686405 3.7548333
198213332 248.433545 61.718334 0.5860366 4.906408
267489265 298.781281 54.781445 1.5502952 3.34528
69997672 294.824079 31.958037 1.80709 4.86242
122220263 290.02096 36.637774 18.6922101 18.1458
154872375 193.39637 85.129495 8.0277331 9.08479
142276270 192.184898 64.855276 12.5187279 5.58857
142276270 192.184898 64.855276 6.2586065 2.51593
142276270 192.184898 64.855276 26.3208756 2.71349
142276270 192.184898 64.855276 18.795547 2.1597669
110428269 291.463084 25.189437 0.64971 6.23181
202563254 304.034336 31.925687 4.4780798 11.3678
25155310 63.374706 -69.226593 3.2887898 10.5135877
320525204 264.961539 56.078974 13.7431134 12.2235
160268701 182.538652 77.352264 11.2071839 17.4989
28230919 297.710176 48.081864 4.8878037 5.29152
21755546 292.286802 30.297329 0.660179 6.1672487
349827430 161.909027 71.655727 5.5514888 15.8043
281541555 6.70264 -56.316102 4.7423709 10.5505922
154840461 182.691562 85.705076 6.0360758 9.86763
459970307 254.924043 64.699214 21.745537 2.10208
48188920 282.42081 48.098942 0.73774 5.28215
238176110 357.846434 -70.152862 2.7985802 11.9514993
458478250 232.146641 66.35871 2.2552845 14.688
138361973 293.764981 37.53859 1.8824539 8.29008
232967666 198.152378 71.618139 15.196 4.96345
302518439 134.120039 72.533276 6.7075429 17.4647
322307342 15.006077 -58.904724 3.5862962 16.4747611
232967440 197.683097 70.768012 7.0643978 9.39131
154089169 209.217175 68.618211 8.9534775 2.35888
30329585 289.238688 31.323574 7.5022708 5.55812
230088370 247.35668 71.505873 14.0077738 12.764
169177766 297.30004 41.326844 1.692892 11.2371
359496368 279.101036 55.391781 2.6652139 2.32848
148914726 187.055897 67.240043 1.2615323 8.67407
266980320 349.559266 -56.903986 6.0344667 4.44029
158002130 214.555774 82.193764 9.6867516 3.00336
229510866 297.215817 64.354351 2.1031647 16.7087
258777137 286.74712 71.712377 5.9294073 11.5196
233087860 272.20452 60.678785 5.7484439 2.35215
83210867 297.459433 34.829667 1.1967018 10.3239
289539327 251.633465 65.715035 11.2463935 17.7197
372757221 162.893176 81.322174 2.5941968 4.47229
278683844 99.238421 -58.016153 5.5411114 2.04482
278683844 99.238421 -58.016153 10.6917268 1.79811
287196418 292.734132 59.403853 3.6950015 14.1288
89643259 301.41088 33.049205 2.2219839 15.4416
147950620 167.821481 69.964775 2.3106428 8.76741
24364065 291.12047 33.273702 4.05135 14.2359
69068526 291.707693 17.808736 5.5376617 15.6557
92677094 293.26832 15.736136 4.5960377 16.2166
203189770 304.800032 32.581045 3.612771 19.3662
99869022 166.880658 61.352572 3.6714717 10.678
394137592 4.447163 -66.358928 11.535076 12.215808
288185138 222.841424 82.952258 0.8352406 6.4875
29960110 42.2477 -14.537283 2.4919771 2.2187585
23434737 168.226736 -34.406937 25.5195307 2.9641461
467666275 169.119109 -60.567675 1.381238 2.0216034
287776397 127.128017 -74.954728 2.3922703 3.5905923
308034948 180.325704 -60.200439 0.831542 1.881684
364393429 116.594329 -64.056009 2.6282553 0.9817044
273985865 30.508742 -83.227962 3.4239436 1.7581475
273985865 30.508742 -83.227962 10.983042 2.5070075
273985865 30.508742 -83.227962 17.726449 2.261664
30037565 73.541918 -70.379109 40.7199388 3.2352713
207081058 331.867517 -41.815511 14.7741056 15.3936
33878688 66.221959 -73.333516 79.3739596 2.17454
50312495 31.178933 -73.126759 18.1663644 2.80447
389924075 87.874157 -70.991808 105.5850893 2.5033335
399144800 163.198824 -67.387472 27.2149622 8.3475973
451606970 285.049519 -84.448187 19.1807264 2.4311768
453260209 146.87585 -77.296816 1.2124493 0.879419
141527965 87.714849 -75.688563 4.5541831 0.8887417
248092710 193.260548 -44.09936 41.4856125 12.5121956
294781547 71.484109 -68.761805 13.7738265 1.8971927
294981566 72.332562 -67.368745 1.9142544 2.04421
231702397 332.948236 -58.946085 5.0780325 2.6347763
319259194 71.650779 -78.561605 70.3607265 8.2807306
349095149 107.921025 -65.508857 91.6827832 3.239855
374997123 99.224785 -63.079384 10.1944993 2.7392825
382437043 117.214876 -63.720125 14.64319 3.41248
299798795 37.197836 -80.899105 4.1782656 2.1023854
299798795 37.197836 -80.899105 17.9453645 3.3839124
150428703 97.166308 -64.596432 13.896396 2.4586343
150428703 97.166308 -64.596432 8.1213102 2.3157186
177115354 103.754836 -69.867129 3.9287851 2.329279
360156606 186.767363 -72.45185 27.3613778 6.4522449
300038935 107.843685 -68.83334 29.0497517 2.84674
287156968 118.129594 -83.825063 25.0571312 3.2396838
447061717 156.74726 -52.467872 24.2454967 3.878568
364395234 116.501399 -61.879794 14.2545623 10.7048234
260647166 186.574063 -51.363052 14.1758947 2.6231641
260647166 186.574063 -51.363052 19.5901578 3.0026428
260647166 186.574063 -51.363052 6.2036219 2.056748
260647166 186.574063 -51.363052 3.79589 1.553135
90504905 290.57223 26.319493 2.2645386 5.1936764
103633434 152.218255 69.27662 3.4447015 2.00495
120757718 286.040876 36.632536 3.0300715 12.7529892
120960812 286.638391 39.487904 12.72038 4.96046
120960812 286.638391 39.487904 6.238755 2.9728283
153951307 201.382339 68.836068 3.2947591 2.36106
153951307 201.382339 68.836068 0.7645787 1.33541
154716798 158.011286 84.030377 12.6396982 4.6025162
158170594 286.110305 43.680961 1.7208555 13.4646314
159107668 289.73973 44.647347 4.7802597 7.6126429
198212955 248.553295 60.195927 0.3814849 2.0605
219698776 135.732641 71.636416 4.6595169 2.1961507
219850915 256.279559 69.519093 6.4002807 2.2730301
229781583 283.53553 69.633534 4.8204512 2.36747
230127302 251.11587 70.429992 18.6548829 4.3869878
230127302 251.11587 70.429992 4.3074513 3.2819879
230127302 251.11587 70.429992 5.9041278 2.4489454
230127302 251.11587 70.429992 37.9251983 3.241643
232540264 227.867864 71.841296 15.9234883 2.18203
232612416 259.023592 63.105607 4.3601536 6.9564258
232976128 200.561576 66.308533 13.0791581 3.25485
52368076 23.593425 -66.676349 4.6517186 2.66889
52368076 23.593425 -66.676349 9.1549418 2.62011
52368076 23.593425 -66.676349 19.9815709 2.54717
233059608 269.807391 64.142644 1.4415044 3.8345209
233120979 273.529238 62.858243 5.9630544 10.0859
233211762 266.686079 70.784502 1.1219715 3.9968417
233684822 260.902889 64.862363 4.6756797 4.02964
236714379 239.201466 65.888838 1.0180114 6.5875997
237222864 296.24462 74.062858 10.2888871 2.73221
274762761 301.346363 38.228325 1.0332441 4.087988
278348461 303.195436 18.104778 5.4526479 14.5502
288132261 209.484313 79.583322 10.2613397 3.60391
288735205 282.100166 79.256476 3.4779776 12.5541925
70440470 339.489275 -35.154203 3.0353977 13.7911583
355867695 157.144071 65.854199 3.1274634 2.5802896
355867695 157.144071 65.854199 7.4931613 2.7733674
355867695 157.144071 65.854199 49.825166 3.8319135
356311210 268.016064 53.730699 18.0574016 3.8092663
365938305 180.726502 74.061009 20.8774413 2.16145
406672232 309.353641 22.654366 1.0214555 1.46266
416195870 287.242092 57.344126 2.7441672 7.84317
424865156 292.24719 47.969543 2.2047452 17.9781
467179528 197.996583 65.833697 10.8948421 2.4691414
467179528 197.996583 65.833697 18.8016111 1.9112282
158561566 287.708814 47.33305 6.7900981 9.7548481
142394656 198.388583 62.30538 8.157721 9.31888
198241702 249.69664 64.559181 4.2529641 2.3483383
198241702 249.69664 64.559181 9.2378703 2.22995
234523599 15.551889 -61.756133 3.7955178 10.3261619
237200747 293.032494 74.891073 14.3034613 18.4949
286923464 203.509956 53.728188 6.1349783 13.1383
417948359 199.196204 49.861059 3.3159772 4.5947
445859771 214.120856 58.390253 4.6313014 9.34848
459969957 254.816154 65.747438 19.3203478 9.38964
13499636 320.201905 28.055829 11.3246821 4.2917226
43064903 302.669134 40.668628 6.261169 1.3468319
153949511 172.747799 66.796529 14.8559691 2.72638
163539739 320.478444 35.648625 14.4751062 8.6976173
224297258 185.062873 56.201409 9.6141636 3.2264735
391949880 79.520938 -80.964384 4.9404714 2.3216
230017324 291.465322 61.776153 9.692636 3.21431
232971294 199.442645 71.721051 6.390888 2.47201
236445129 314.268523 31.661019 0.9689927 17.1331258
266593143 324.535978 30.488188 10.338505 11.8729
267561446 311.513651 56.86715 1.283251 2.558112
274662200 316.86724 46.865373 1.2284388 1.866263
277507814 310.953619 59.576628 0.6166953 10.4852
352764091 308.747621 63.474938 9.6001126 2.4070295
365733349 313.167029 65.608783 2.6998294 4.94551
408203470 307.210941 33.413959 0.581322 2.2014886
201248411 0.185606 -54.830823 0.980972 5.9162923
417676622 291.03231 49.040213 5.3987355 2.25345
198186769 245.818009 62.925121 7.16199 5.05452
199688472 253.14033 57.97415 1.4412175 17.0442
202504234 230.310094 63.565285 1.6849938 3.76716
219015370 223.092641 70.476557 3.9152737 9.43435
219852584 256.672203 67.871503 3.1968838 14.9685779
219854185 256.770639 70.238481 3.9443668 14.5727196
229536616 195.821133 67.823436 3.93034 14.8838
237104103 241.322901 70.19004 4.5371361 9.8153513
263003176 12.546778 -83.743767 14.3392144 2.2963233
293687315 216.523825 59.444274 2.8716983 18.1267
356867115 275.862543 71.581748 6.0964074 2.5856853
441797803 264.378942 73.261193 5.6666168 14.8589
185405474 301.717674 45.499227 1.56029 18.4825
186000935 303.072972 44.495878 8.8735214 6.0401
235037761 353.828713 -64.561917 6.2407826 16.0959
294179389 300.83864 53.29562 2.6796 11.8862
405904232 301.562631 52.164181 11.0765063 12.8076
11111899 303.824831 36.651807 0.6193401 8.84136
136848581 317.7479 43.551895 2.6400663 18.2671
137284119 318.235161 46.26809 2.5778717 18.687
15565627 307.016647 39.87713 3.80509 8.57193
167098530 318.627107 40.017017 0.890967 2.89678
89020549 338.399662 -43.436872 2.1096849 3.5175748
256886630 329.385067 41.449509 2.03905 6.42307
266688542 321.02381 46.384673 2.9424142 9.70968
274942910 322.92657 41.797465 1.0793011 3.31116
330332501 315.110366 46.060449 4.0157492 6.47219
345996087 327.480039 44.08006 2.01976 7.3626
219338557 354.397374 -58.955078 8.1995368 1.9226211
387664866 323.548627 50.481445 2.65646 12.1711
395171208 325.014536 48.406767 4.7201912 15.2105
89759617 301.564685 35.588396 3.3295394 14.3988
92783821 303.017318 35.524628 3.8615978 13.8394
260128333 92.133096 -59.540985 95.174 7.8498891
269701147 302.025625 66.850301 8.8803247 3.19902
269701147 302.025625 66.850301 28.5804571 2.55979
269701147 302.025625 66.850301 38.3513495 2.6167
234994474 350.028592 -60.065729 1.4015183 1.4616853
233681149 260.36481 65.012281 8.5874668 5.3744721
358631536 317.575459 48.464282 3.4040139 5.34279
1400770435 264.961539 56.078974 13.7431164 16.0334
160487753 238.031812 74.406742 8.47134 16.9325
219852882 256.622675 68.843303 5.5025577 2.7049797
219852882 256.622675 68.843303 1.7622537 2.5235818
229747848 280.326681 70.290054 0.8474218 1.7536544
229747848 280.326681 70.290054 4.8420438 1.6177405
229770036 282.173361 70.840191 2.14056 1.83828
272635712 231.162129 67.464751 12.71672 2.7546
267263253 7.328916 -76.304032 4.1269046 17.0952
233953967 305.395161 56.462656 5.5402372 17.4013
336740528 334.738559 61.148988 5.29625 14.6325
279177746 313.885156 46.502085 4.4350025 9.91393
365683032 312.179957 51.910696 1.4287976 9.00484
372264750 331.307643 66.775296 2.1702725 15.2590586
357972447 316.955806 50.500883 0.33759 2.96097
275501623 320.116115 61.12025 1.67346 5.10182
416624606 310.038053 50.323742 2.5152549 13.4294
410153553 340.496204 -69.172108 0.4628844 1.3543237
330468175 315.166199 47.785991 0.70902 5.18865
277447970 320.829517 52.8147 2.2374051 12.119751
395142888 335.300845 59.560814 1.9173816 17.5081
230017325 291.469121 61.776068 9.6926439 13.0906
26880783 293.44357 53.464527 1.7753644 9.49405
129539786 343.953614 39.645117 2.0881134 5.41738
136971594 317.966114 43.592849 1.25562 2.95064
155005217 345.243825 42.549318 7.6047417 6.14418
176957796 101.297491 -66.238326 4.8173797 1.71137
155114483 345.748458 44.564848 5.2651271 11.2446
164150539 335.753569 30.572726 6.1600888 8.22262
176899385 354.774092 42.465987 3.8529962 15.6058
190430205 324.922517 46.220215 1.06884 10.3628
190442486 324.935562 41.950794 5.4561177 5.78741
190743990 325.787112 45.646806 1.7380504 4.42263
277683130 328.926018 -61.673257 6.1982658 7.84585
274170255 316.446344 46.845151 1.41072 8.4993
276360911 329.05345 55.740977 0.44482 10.8884
313506357 347.757547 45.93369 1.532703 10.8699
328167090 331.663464 55.686255 0.7131492 4.89712
343019899 334.504103 54.319045 25.8386422 4.31235
343442463 341.518718 55.162935 0.78381 3.89595
346338552 344.445363 38.674919 4.4653014 14.5338
62483237 336.402414 -34.909713 11.0708575 2.3337648
365389353 323.86462 51.323577 2.6380089 12.8098
389182138 343.635061 54.161814 2.7260173 4.98036
416987878 322.892141 50.320713 2.86876 8.48351
430528566 333.171245 52.900886 0.5590256 4.22851
431156009 340.395784 51.965285 2.958148 4.47387
468472950 321.283221 40.887821 0.98736 3.41784
468845640 337.8341 53.796052 3.99307 6.35126
66445643 341.386298 48.161556 6.5560604 13.1465
66783360 341.970903 49.918072 1.3812787 5.91488
140068425 330.301777 -49.060077 2.2813432 12.7387194
258801269 287.025089 66.290697 5.48923 11.8401
259129875 291.880247 68.014695 0.43889 6.69456
328750515 332.287103 57.938972 2.3359622 18.3852989
352239069 292.196087 58.614764 6.8674054 2.4024
352239069 292.196087 58.614764 14.431887 3.73311
231736113 82.127963 -48.409067 10.5739824 9.43898
69747919 336.576123 -18.011665 9.9783319 2.0515332
364186197 313.511047 72.580646 4.424712 8.05593
364186197 313.511047 72.580646 2.2222094 1.39527
115771549 339.815915 33.889459 4.7182888 15.2763
403224672 338.983717 -59.864829 1.0082361 1.7202
199444169 334.882849 42.560314 1.2168732 3.43106
116483514 232.946047 47.055551 1.4520486 1.404
116483734 233.065833 47.860746 4.731977 6.97384
119700084 333.253171 37.627574 6.1182129 6.1579891
125442121 351.579721 38.55294 3.0197807 17.9176077
148782377 219.037047 42.378458 14.4193583 4.7835825
158025009 216.923489 41.952986 1.0697621 1.60037
164173105 335.825303 35.03492 3.0726434 19.9197757
224600500 254.958579 58.462633 0.6763235 1.700035
311035838 206.094014 48.028565 2.8997405 10.0433
425934411 4.60586 -62.847875 0.8533534 12.600718
321857016 322.941809 66.349005 6.9561134 12.090823
333473672 354.240829 39.639279 13.001789 3.84805
346418409 344.609651 39.658712 2.7556532 6.4145519
418959198 344.907267 36.517666 4.8962484 3.5246468
128501004 339.03342 37.841042 0.78999 1.99
2041563029 346.517442 43.898633 12.80758 11.4222
377304435 287.050161 55.303691 11.35626 12.9372
138968089 295.101088 40.986723 0.6412558 4.841202
25375553 328.767739 -22.6126 2.3109689 17.30428
293954617 300.615453 53.377442 7.4341456 1.97737
375506058 316.203692 55.588022 2.650232 15.9327
256783784 329.401792 36.321404 6.1095756 2.19963
138588540 176.380591 65.541314 29.902663 2.0294563
153976959 203.537946 67.62123 0.6858278 1.216
154383539 215.602155 55.334259 0.8675883 1.4302423
198356533 256.138751 56.842549 18.84101 2.11414
229650439 280.923784 74.937833 5.1396634 3.08154
229650439 280.923784 74.937833 9.4280907 2.37465
232982558 241.763937 67.87764 27.6439059 3.9949468
261136679 84.29928 -80.464604 6.267832 1.99779
233617847 283.794562 64.53137 15.5174519 2.43592
233617847 283.794562 64.53137 4.6274206 1.43332
233951353 305.412906 58.140828 22.092974 2.33525
235683377 287.292101 74.174276 0.4090681 1.1833779
237232044 297.398678 76.139178 23.5406962 2.13419
258514800 305.474925 70.943705 0.4702801 1.5890513
259172391 292.76774 71.497358 9.8130697 2.67352
259172391 292.76774 71.497358 4.7842093 2.14401
294471966 302.001457 51.361796 6.3170657 2.4720516
294471966 302.001457 51.361796 4.5057387 1.7133121
298073824 201.336817 75.982713 1.2273079 3.6075647
343628284 316.324003 57.771095 8.0970819 2.6354043
356158613 300.708664 39.668371 2.3691849 1.614201
265612438 333.174716 -55.978803 5.13002 8.86428
377293776 286.854063 59.086625 2.0439268 1.0924808
417931607 186.524282 61.258929 16.5379864 2.51948
420112589 290.173974 73.195108 11.0619937 1.6184944
198390247 258.22327 57.197778 6.5886848 2.14386
198390247 258.22327 57.197778 4.3135259 1.12982
294179385 300.842307 53.294181 2.6794168 13.6925582
387259626 308.670288 66.440384 3.6231429 18.4111
199376584 306.741134 33.744388 18.712253 10.3984
191284318 9.573034 42.463096 2.7759225 14.235101
16920150 19.361773 26.745951 9.155934 2.4949092
17005768 20.610639 26.925729 6.8424983 16.4578474
188768068 261.349585 52.790472 2.1779407 1.28228
190998418 7.053937 42.061345 2.8791023 12.0920506
229944666 288.384969 62.203124 11.3125266 2.686447
236887394 303.38187 65.162331 1.4200248 12.5242
237086564 307.396532 61.550725 1.8718991 2.40733
240968774 19.114644 49.233138 5.9711357 1.8721145
243185500 16.653872 19.224919 15.5324385 2.013576
243185500 16.653872 19.224919 1.880531 1.4548629
283722336 348.337203 57.169626 3.0929674 1.3536173
283722336 348.337203 57.169626 6.7650278 1.27931
284441182 10.089143 61.213387 2.5272822 2.2007181
306263608 30.905006 21.281327 20.7724316 3.91576
306263608 30.905006 21.281327 52.5637056 3.28372
306955329 14.114261 48.637517 6.3634106 4.4784698
352413427 15.598144 37.185439 5.254492 2.16083
427654774 349.289072 70.190576 5.222621 3.7216015
431514478 357.001275 49.790533 8.4953513 5.2961699
432549364 0.362099 39.383795 1.2175089 12.1383898
240681314 9.458744 51.288778 2.7324809 18.2785375
409794137 126.433743 -13.559548 10.1802014 12.3422
421308357 288.818098 57.760569 16.6828999 17.1854
393940766 338.320803 -38.159828 4.86709 7.42915
197650870 336.705071 52.227842 2.1853174 14.8742
252616865 345.994881 52.562695 5.7121916 15.4584
452803785 338.435039 52.636337 5.0037857 6.77338
67309890 343.156204 48.55001 1.1623941 8.21669
377191482 285.937105 59.164074 2.9551881 5.60201
233541860 281.197877 62.685644 0.2666485 1.30468
459978312 255.565408 64.600893 23.28798 14.6492
198457103 261.921033 57.510557 0.4721054 1.3988866
219751469 261.199848 61.423521 6.98301 13.6402
283474780 13.017676 36.393013 3.9943 11.9767
53875855 14.652947 34.148042 4.4902667 5.56985
354594208 1.887805 32.43753 0.86673 3.54647
15692883 17.47474 25.681649 5.14124 18.0411
411608801 18.995312 21.616906 5.0267996 12.9814741
384045439 327.275942 53.293768 10.82661 11.5303
371673488 343.233217 59.850951 0.8165295 4.12435
316402246 321.97348 54.519818 1.4014167 11.8932
271893367 112.965421 -73.606036 5.8574075 13.8892762
329145325 332.712572 59.650554 1.077774 10.1773
410528770 328.215897 60.569156 2.7536237 11.1685
428065977 339.120372 52.115714 1.6534102 6.07704
326114850 331.569908 52.701917 1.2456423 3.80598
331034236 326.091506 58.551567 3.4272549 7.7503736
64836837 338.796529 55.031026 10.9115374 18.4382
430677414 333.669705 53.239557 0.46741 7.77804
415741431 339.14435 58.276061 2.1575124 11.8527
272828463 356.588834 60.487025 1.577609 9.73924
382302241 83.349121 -58.745093 1.59782 3.59995
377739433 348.574188 65.957972 1.23852 7.11712
376682699 340.352259 69.074447 1.1025238 15.8737
269509393 350.373796 60.175637 1.76589 4.06597
270238522 351.648417 64.304699 1.36991 11.8886
470709084 357.368097 61.682819 3.66505 7.19016
376637093 340.08462 69.503731 2.0560153 17.2767
427761355 352.267521 67.034806 1.902606 19.576504
272049972 355.416664 62.921485 1.0960111 9.05714
403287048 332.357482 -62.334453 7.00776 8.1288
269238073 350.232731 62.161179 6.1461734 6.96236
366074069 356.770579 69.049522 4.1812866 15.448
367102581 314.269036 78.674917 2.9798592 4.92227
387413037 311.236535 69.151807 6.72694 5.19273
276380902 308.065776 58.328901 0.6171788 7.26341
313761775 318.347586 56.943732 1.5309799 6.01061
202375913 5.965461 51.468293 5.0625891 15.2343
231081369 68.073785 -66.916299 7.6316384 12.4425
312469860 12.881425 55.710926 0.50261 6.28067
327579226 4.736238 57.200629 8.905407 12.3602
345143460 355.246721 57.485242 3.6458046 2.93272
345143460 355.246721 57.485242 8.0637954 9.29431
354600221 6.074676 57.881718 1.41853 3.93221
420288086 10.962717 61.835626 6.5344463 15.3823
445137888 11.3024 56.070058 2.013653 9.0269074
173612049 348.58145 44.508759 6.4902646 3.24146
177244357 356.995693 47.655601 6.54692 5.62882
252636888 346.518266 52.787014 2.590266 9.54526
389525208 313.261454 -38.594923 6.74657 16.2785
319068154 350.108816 55.52411 3.7983639 13.7263
367607434 348.874923 46.576022 8.2916 6.71582
431585347 357.674034 50.354962 5.13664 7.04152
127425841 6.030617 40.165571 1.5166573 7.73846
194203348 1.196825 41.59388 1.13345 3.03424
409520860 355.451893 37.186566 0.71933 3.45648
440100539 4.358519 42.282204 12.6017 3.34292
129637892 321.11498 -37.850181 5.4499753 5.28759
288348498 19.700387 41.506112 1.67546 6.44889
326919774 22.972973 46.399826 7.57193 10.2119
327341626 24.690503 42.677739 5.9382147 18.7642
299158887 289.226288 49.548281 9.4341589 6.3734064
441732151 257.876742 72.135555 2.09989 10.1564
405794804 324.714399 65.039172 1.44127 9.20279
320506985 8.163572 54.654594 1.08697 4.98445
241040309 20.717398 48.955364 3.4648951 9.72728
220518305 41.467598 -64.320687 14.152 10.6751
241076290 29.032856 52.585482 0.2580006 6.2776081
245462406 38.821696 55.703217 2.27456 13.266
249862365 38.123017 52.704091 0.98999 3.95137
249945230 38.810203 48.273763 1098.2258586 5.13949
256414077 15.606503 60.715521 3.01106 7.20703
284050395 8.989872 65.026035 1.35932 10.3751
285666479 43.61065 52.07103 1.71614 14.1349
140691463 73.70144 -76.680606 2.0845434 13.4432705
285674856 53.196298 51.884502 1.74626 5.62786
285677945 53.098973 50.49904 1.2427 6.05271
302773669 42.436612 71.753088 21.216464 13.1431
316254876 51.988839 54.865617 2.4611008 12.3334
327011842 23.466893 45.010329 0.783879 9.6813253
332154944 19.278636 57.514232 0.99837 5.29489
348135793 34.376965 56.42149 1.97741 17.5768
403136413 333.578718 -55.378981 2.51266 13.3617
354469661 28.282572 52.053921 4.7947729 18.5565
403256331 4.249336 58.679253 3.77188 10.0329
444415148 6.308908 62.543115 1.83641 10.6176
458914949 48.423422 61.907831 12.5343031 8.71775
50120414 39.891102 62.433306 3.581083 17.1017
394657039 51.782268 -78.549831 3.7628372 17.3305867
186599508 45.08847 39.068266 5.6318074 4.8217692
192372961 45.598372 43.183802 2.06313 11.9118
201154493 56.143332 41.064351 1.51233 11.1245
385105624 50.808098 46.682113 1.74903 9.17868
431899140 56.222542 45.507188 1.9734615 16.6678
68152139 44.401798 40.016703 0.73772 4.68288
67418624 28.660315 37.005042 1.1020719 4.33066
129979528 36.712738 37.550444 1.2198382 18.2179311
253917293 337.500827 -31.924356 4.608 7.99698
187029841 34.555963 38.478824 0.36113 6.69136
139375960 38.361569 41.013432 5.33155 14.6101
129991079 37.13241 40.891254 6.15952 3.90515
73448352 38.308075 30.360453 4.7321727 15.0238
125735470 56.660282 27.471523 4.7126743 6.97602
26433869 56.814344 30.149498 1.0357235 15.828
138017750 50.80115 33.078133 2.4727289 13.9005086
229951289 288.675423 60.670948 13.3118 2.67981
348770361 46.686553 -82.316371 2.7684331 4.61938
219776325 263.543417 61.121472 2.5287981 2.29951
264678534 325.201645 84.333761 16.2017137 2.3594
268403451 277.478075 85.233321 2.8641388 15.5276
272625214 356.318574 62.142699 5.2469991 5.46087
317397615 349.796329 75.017864 0.7438074 9.77911
322054600 323.87017 68.987307 1.3433022 4.72169
322202434 325.32505 68.807202 1.4013505 3.7143
376838000 340.909648 69.091928 2.1679 5.32848
377144784 342.443925 68.251071 2.3866952 9.72386
99493790 317.639908 -23.305817 7.764691 15.6068
378291076 358.213636 61.36026 1.5982014 2.28827
387260717 309.348824 70.954088 6.453624 1.35756
388076005 318.049804 68.05247 1.7126115 2.01928
407394748 5.420651 77.880071 0.7522775 6.75509
461387302 3.021798 66.650523 5.8089284 3.79308
470852531 359.741171 61.554089 1.49446 4.21366
157586003 279.262473 40.018691 3.3326189 15.6399082
424435940 274.701253 45.172219 5.0172146 13.5478019
284475976 291.162386 55.473027 2.1436364 18.0537588
310003988 224.872859 46.9601 4.5421594 17.3816
179317684 79.768253 -71.895527 4.2311173 14.6260711
317597583 352.016676 75.552607 12.0557352 2.4063
29054413 50.916451 25.047935 15.2521892 2.8346585
51024887 42.155188 62.18926 8.2491871 8.0476984
165551882 266.767331 57.226662 12.1582804 1.9160277
201186294 56.39061 37.11228 0.98933 1.8303854
230086768 246.624072 66.144224 34.9270483 18.8285063
269892793 44.292951 33.312657 1.7729239 14.9468862
286355915 37.893241 34.368925 4.076684 17.5223182
312862941 15.321545 55.69801 0.9150623 5.386904
348673213 35.807322 56.570014 0.901465 3.4348127
79395355 320.054292 -51.309972 7.31898 8.79673
396562848 44.338874 76.551405 1.9495403 1.3929217
422923265 40.245588 42.871248 1.8646725 12.8352
298647682 272.264241 53.217729 20.0795217 2.7170462
22843856 39.006522 25.588461 1.8497201 11.2477
184679932 32.294112 40.401942 2.1721416 18.0850347
387527558 312.32708 70.796604 3.623909 6.9347137
376353509 45.401179 69.229924 7.3315684 2.77433
350743714 88.886226 -57.290745 7.7576444 13.3028
122485078 76.851285 36.275085 9.1505 11.1497
138168780 94.792955 73.827567 3.7649949 17.8182
154867950 188.3547 84.678957 0.6664948 3.217
266500992 61.172234 52.256992 3.2786557 3.63296
27677846 66.370139 46.365902 5.6309047 7.00844
286561122 65.876229 35.495109 0.6803433 8.1888041
288631580 277.925194 82.305949 5.8775548 2.1822904
288631580 277.925194 82.305949 3.3985674 1.18609
147203645 323.196086 -44.018036 5.0611315 9.1484302
311121985 85.581285 49.513452 1.3561596 4.12493
339538183 93.318904 63.685008 2.6093167 11.4272
353367071 89.934847 33.506969 2.37532 13.5855
353782445 276.937885 55.755753 11.8350822 2.51934
354006740 88.369051 37.339411 1.76406 12.3762
368536386 89.420179 36.765805 1.69433 5.20733
417705690 348.607533 76.93432 2.363311 2.74038
428679607 45.956474 83.587427 2.6800572 2.36311
441739020 259.017252 72.161181 40.7501028 10.1271
441739020 259.017252 72.161181 10.9836724 2.35616
441739020 259.017252 72.161181 123.0586028 2.9538423
459903429 130.969393 86.228398 8.13664 11.75
468828873 91.872047 66.857699 3.8954139 5.15915
470315428 64.648489 52.865034 1.08625 4.65122
73104318 61.721603 58.465452 7.45494 15.1922
81831095 47.806635 61.762385 3.133084 10.3743
8400842 65.469581 57.817209 3.1915241 16.3994
87090944 58.486586 58.9683 0.6435807 4.8452813
9837861 70.54858 54.292058 0.6565741 5.01154
369457671 311.64359 -37.904399 2.31446 3.40668
259168516 292.313979 65.973802 4.8026561 1.4202459
321041369 81.671049 56.963615 1.5379289 8.379
367366318 78.295591 33.317953 2.7347659 17.7592
58542531 65.97965 27.82237 3.057524 2.4878486
85031598 65.346085 62.245206 1.1549928 9.37111
28900646 68.593953 43.03704 0.6691449 1.9200407
102672709 61.731142 66.119599 6.705326 3.7294648
103448870 66.834993 73.023689 10.2596322 3.9130735
198384408 257.78508 56.658901 9.1238101 2.0471844
183120439 16.778688 -75.198945 2.2554459 11.0535293
268334473 272.404118 86.860343 16.7368995 2.88015
288636342 279.46436 78.61111 17.7286608 4.9572307
288636342 279.46436 78.61111 32.2079698 7.3178089
353475866 90.308345 34.77309 1.766692 1.5574734
396740648 97.74871 66.360596 3.7701296 5.4800266
422756130 21.921735 72.296615 3.1342946 1.7992966
470381900 65.280648 48.819831 2.5005291 3.1713853
1884091865 290.10886 61.085447 10.716524 2.34185
22705558 125.188745 46.203604 4.5470055 3.0070741
394698182 54.989595 -83.088518 3.7115129 13.941
23650642 126.088625 42.104735 1.12355 3.49799
274215536 99.898189 42.131339 1.33418 4.94538
371210825 111.559352 32.383825 0.40312 2.95177
453387619 113.874367 49.478068 1.2016105 5.3210497
95129101 114.932863 28.120146 3.929983 6.51515
137500798 132.635012 82.92712 13.2054538 3.74642
230377505 285.205602 60.233671 4.5156165 2.0572
230377505 285.205602 60.233671 7.4058178 1.57897
240148934 101.382168 31.465533 2.02365 5.96472
241173474 116.107291 43.009079 11.44192 9.64245
29119552 118.629831 45.807841 7.6288424 18.0261
309257814 124.269428 -63.213403 1.238601 12.1897562
309257814 124.269428 -63.213403 1.8135767 7.660458
445805961 94.283837 76.21102 24.2833782 5.21152
461662295 124.446664 51.01037 10.2558 7.44683
15863518 100.520595 39.842904 0.5572565 3.2761782
239154970 113.184238 33.835021 3.4744763 19.6131
142090065 79.073505 79.737727 2.8269356 4.8112209
14336130 105.083329 56.824194 8.0823313 2.77252
149833117 104.628546 67.677336 4.0524036 12.6674
257241363 112.018025 30.321732 5.5870396 4.24332
293617835 135.297462 55.85994 2.7552586 9.65945
29857954 316.631879 -26.692865 9.47686 9.80856
356473034 117.026769 50.225147 2.6158597 13.1204
51234631 110.388028 58.268109 4.1250429 15.3479
85242435 114.345213 61.153925 9.6052235 3.86469
71431780 116.797198 68.476685 13.7270395 2.95921
81212286 127.032597 56.427529 0.6850808 1.9806358
130181866 117.47937 27.363134 7.107934 2.2881711
130181866 117.47937 27.363134 20.5438153 2.5734283
241225337 93.558549 53.135925 1.8308782 2.1988321
285048486 120.611679 64.797153 3.4913952 4.9395
270341214 33.458853 -80.582711 29.7537451 11.9868976
270341214 33.458853 -80.582711 9.1702265 2.6317754
318022259 107.865826 48.327933 6.2262315 2.75524
318022259 107.865826 48.327933 2.1555232 1.47809
318022259 107.865826 48.327933 12.5739572 2.4359
371234684 110.168516 37.140595 3.9228042 15.8493
470987100 111.801451 53.045268 4.1192231 2.2236629
53427308 118.881765 54.596601 5.80322 6.3744
224596152 254.503289 57.305263 28.8745078 2.7122882
365673804 313.339157 64.229166 10.3857602 2.37414
408618999 43.434461 69.101345 7.0731184 2.73682
233009109 248.253233 72.925534 14.4479443 2.79779
104208182 54.502163 50.955115 3.6985817 4.3816478
159418353 240.172481 83.258659 8.3032978 1.8472693
425997655 55.459031 -62.767267 17.6671687 1.87042
425997655 55.459031 -62.767267 29.7975205 1.60982
425997655 55.459031 -62.767267 12.1623316 1.15643
425997655 55.459031 -62.767267 3.9766833 0.757588
425997655 55.459031 -62.767267 7.9076222 0.969819
174041208 351.017992 43.37667 19.428419 2.4616462
198206613 247.043455 63.499098 10.9406641 1.36492
219857012 257.328868 71.876672 21.269127 1.89435
219860288 257.747332 71.872204 4.2660553 3.30511
229455001 294.291071 60.881302 22.3417026 2.77807
232635922 281.13629 54.949899 5.984871 3.4443503
232650365 281.767709 54.910682 2.5253323 1.4761503
232650365 281.767709 54.910682 3.8776815 1.365807
233071822 270.80605 60.675192 2.7546556 2.17262
233071926 270.73931 60.417638 1.8318623 1.5299007
233602827 282.737228 64.419466 4.4891367 1.9980298
233602827 282.737228 64.419466 9.0447039 2.2493746
233602827 282.737228 64.419466 2.3889051 1.3399401
307210830 124.53286 -68.314466 3.6906795 1.36751
307210830 124.53286 -68.314466 7.4507305 3.04528
307210830 124.53286 -68.314466 2.2531134 1.01428
237099296 240.301978 68.9373 11.3373614 2.619494
287080092 243.488853 63.53353 37.4686602 2.3352
287139872 253.461486 60.70962 0.9351891 1.8032935
287139872 253.461486 60.70962 32.7135406 2.4202837
289580577 252.469835 61.173577 5.3846239 2.6170633
332477926 265.59431 57.447771 16.2143217 2.8235075
356978132 273.781707 56.878102 60.1849546 17.6582
364074068 306.328774 77.636412 2.7830114 1.7104603
367753709 255.400714 79.067126 2.125687 1.6780073
367753709 255.400714 79.067126 5.0097113 1.6316574
367858035 354.741581 75.685232 20.7051499 3.39245
408636441 326.851662 62.753816 18.8500438 3.09094
272086159 115.003473 -72.205678 16.155373 10.424281
420112587 290.173976 73.195993 11.062666 2.6437021
424391516 281.577645 75.303367 11.5922513 2.4230886
435680451 17.915004 79.165492 24.141229 4.0770689
441739871 259.564164 74.302721 3.797872 1.9296055
1551345500 277.29301 55.313107 47.3860753 9.77368
272672133 234.241791 67.452579 3.493958 5.65971
67666096 148.643119 40.387945 2.7033942 16.72
8767448 140.102965 33.882329 4.3532339 16.2509
137906197 152.102783 55.53996 7.3377236 3.2807
287225295 144.000344 51.607784 0.6097554 3.5774
262530407 20.438428 -46.714723 2.8531016 2.02068
457138169 141.367951 50.908874 1.0924536 6.5935026
252479260 155.681459 50.128711 3.2122302 13.0356
85293053 156.837704 34.39095 8.0542207 2.8337706
332064670 133.146837 28.329815 0.7365463 2.0231121
4897275 148.161931 35.111008 16.7100422 2.7396616
9348006 150.115101 39.457751 10.2405483 8.69623
21535395 164.777291 40.983718 2.8009915 1.4033915
29191624 151.807032 46.114881 14.6503935 1.81908
39699648 136.777644 46.672425 6.5159507 2.8299713
67646988 147.768528 35.968556 1.8817191 10.9698
251848941 7.302011 -30.454116 6.5578513 2.54474
251848941 7.302011 -30.454116 20.708504 3.751004
251848941 7.302011 -30.454116 9.9616347 2.2807327
251848941 7.302011 -30.454116 3.2384253 1.5148369
99834717 165.167198 64.963845 1.7063264 10.1999
137881699 150.572626 53.950824 2.9720774 15.6498
160045097 213.078772 74.411791 4.9877056 2.4703077
160045097 213.078772 74.411791 1.8290294 2.1268375
160045097 213.078772 74.411791 18.7559765 2.9737536
229938290 287.681017 64.153662 1.4198659 2.2822776
241196395 153.549683 29.085524 2.0937563 6.75578
230386259 285.728523 63.948849 11.0023133 4.25882
86280613 141.721087 61.698996 9.573548 15.6118
450327768 160.229227 35.913354 5.34326 10.4171
172518755 142.743406 26.539995 3.2087149 12.3921
207141131 44.262014 -56.191869 4.1374379 2.6757659
310981412 161.42778 69.20078 9.62517 2.03371
233684293 260.762886 63.110741 48.4808217 2.36501
29191596 151.720029 45.883328 8.8164887 1.28915
304142124 164.856336 -56.623556 55.087 4.36639
286916251 203.397486 49.060843 8.765603 2.96768
135083444 184.3669 19.839989 2.7917911 6.0002066
138819293 175.550536 26.703067 2.6438856 3.812114
368435330 162.776697 25.641065 3.6451549 2.99324
368435330 162.776697 25.641065 1.0376109 1.53671
198153540 211.093937 46.519283 8.0215043 2.25689
198153540 211.093937 46.519283 0.4378069 1.499704
8967242 167.232915 34.303015 7.093853 1.6277147
51912829 14.298639 -67.496189 0.8353899 10.0508253
17993892 171.274935 41.028021 4.1244833 12.4249
119584412 175.575599 23.027033 10.6439385 1.98891
138762614 164.255313 24.882338 16.7961107 2.5066457
144401492 178.046105 35.1718 12.8858629 4.21693
144401492 178.046105 35.1718 6.2932111 2.98555
148679712 172.171122 46.480464 4.9246365 2.74529
165763244 232.140492 55.18532 24.0509437 2.87107
166648874 166.118147 30.458576 15.1512051 2.8411799
166648874 166.118147 30.458576 8.1960758 2.7663658
166648874 166.118147 30.458576 0.5019031 1.8451862
180695581 201.282626 38.922367 0.54937 1.53904
307734817 171.59704 28.056535 2.1075001 11.7706128
347329162 183.36604 23.055687 4.6170519 12.4681
76923707 352.172541 -34.49141 4.5320502 7.0590799
373693175 188.266205 44.915367 1.3273482 15.4709
376524552 188.922358 27.214377 3.7130701 11.7215
207425167 242.747885 58.294553 11.6098182 2.7371461
207425167 242.747885 58.294553 48.3320223 5.0923959
377290815 286.592985 56.629312 0.798 2.95586
160440924 236.816882 77.232643 6.3684627 5.1407901
237108272 257.139454 78.587055 22.7873 2.42982
285094173 186.581874 46.470824 13.398256 5.93967
330799746 193.131175 34.901028 5.5115037 9.63687
341815767 267.520221 54.636127 3.09374 1.72207
76989773 353.293998 -35.463992 1.76918 11.6236
393831507 187.686721 27.452002 4.860673 11.4272
82308728 168.637658 25.710596 9.4893231 2.4304
9392421 167.777848 39.526673 9.6136615 14.5701
142381532 196.21972 63.753261 38.8135498 8.20695
142387023 197.731229 61.744849 22.8085719 2.45459
229750058 280.679168 66.303112 10.1824299 10.7723
229400092 292.458821 62.529189 4.1419805 12.9812632
390651552 191.981531 9.749418 1.467119 1.3241394
232982938 241.562248 69.621802 9.0941239 8.09838
235905185 290.877426 78.754217 6.2895835 15.9901
20182165 226.181249 38.605375 9.7815625 18.205
27194429 200.452735 17.765435 0.5553244 4.4033839
307956397 256.662266 63.778635 4.1508569 7.61178
61098812 205.454246 -0.128171 3.6935997 17.0086591
71612483 202.294251 31.401916 1.2164402 16.0243
347332255 189.839224 20.027338 5.6419598 1.8245844
207468071 245.907924 54.690077 20.3807063 6.34261
207468071 245.907924 54.690077 1.7727505 2.73549
144441148 207.905911 33.49239 5.8182239 7.8231031
162689341 246.69204 51.041133 2.1747062 14.231871
381714186 196.833111 5.852046 1.4238067 2.6855348
165987272 195.981836 30.640145 7.8456075 14.2866
168699373 213.14386 47.014783 4.3011975 15.3684
404505029 201.962655 9.030644 9.5739531 12.4956
258871793 287.894787 66.328065 9.1469122 12.7002634
198108326 209.388645 43.49331 3.2130578 11.0975
272758199 237.317086 71.442944 3.6610026 13.3480688
198385543 257.954965 54.527848 3.9306746 1.7902006
54002556 23.52145 -14.419149 35.4557945 8.9807
54002556 23.52145 -14.419149 12.7645811 4.21676
219824469 204.440006 48.250123 5.4809161 8.64837
23740089 208.099647 37.748612 9.862756 8.40839
100100827 24.354462 -45.677794 0.9414525 15.342
149577217 195.761884 21.923072 7.39143 16.4641
378976682 197.748635 6.686564 6.0179742 10.0342
219728669 197.072025 23.120937 2.3601883 13.4654
73540072 211.459347 16.99237 1.2436239 3.89334
157225097 206.845428 19.758454 2.5267353 12.697976
81247740 205.353953 17.686872 1.3641482 19.5876
224313733 234.099145 57.890738 197.0336254 12.0713
180652891 199.607344 35.953983 0.7759895 10.4239
424733642 199.412592 22.850101 2.0912089 18.3695
229742722 279.831764 69.522873 63.4839358 11.1495
279741379 51.750188 -63.500166 35.6134391 3.12194
279741379 51.750188 -63.500166 7.7897726 1.00084
202426247 226.456731 64.047682 1.0662082 1.0883
323295479 130.80013 -83.061258 742.5142746 11.1888239
321668398 264.26302 53.021275 5.6442112 11.4462895
356919658 273.580728 57.992976 1.42611 9.21032
229791084 284.443905 69.570837 1.6453265 19.0536
207425203 242.919358 58.477001 1.2239134 7.38849
400430915 295.382219 57.325664 2.1863095 10.9791817
400476523 295.558877 59.589129 18.10671 19.3734
230087585 247.125627 69.030975 8.8263579 12.1777996
299780329 37.530328 -79.75656 1.6024387 5.5640916
260304296 94.615541 -57.013501 0.5125807 19.2342563
230375747 285.020668 63.42983 2.7633917 16.4097207
233503636 251.235703 77.344038 3.40612 8.60495
229490898 296.257303 64.791904 2.2349708 11.1799
328933398 212.568476 84.371858 24.9341884 3.93465
328933398 212.568476 84.371858 900.1930987 3.6185236
328933398 212.568476 84.371858 7.0056805 3.1039232
232641326 281.44921 56.381701 17.8683999 19.3843075
233047097 268.6609 60.356411 11.3091849 15.4356
233078665 271.611889 62.176751 6.4827647 11.487382
233497719 249.519983 77.756401 3.801591 14.4297
219762508 262.605271 63.123014 3.2351013 6.9705803
243335710 289.861603 59.670112 13.7045951 17.0437214
280830734 44.555588 -70.760786 1.1619531 3.4842503
359357695 182.726187 -75.13193 1.7262631 8.4380757
59859387 110.369675 -45.567737 1.1203828 5.96207
396368313 212.839201 -75.833202 3.0898836 18.4456585
348755728 134.089246 -12.930644 4.5063838 5.5521734
219879302 261.129456 67.989121 6.7822781 9.0508641
258510872 304.665223 66.155954 6.5440665 14.1513
403136415 333.559696 -55.373338 2.5128483 12.8342008
229586455 271.368524 75.145628 2.2001583 2.5006782
459997997 156.250032 -60.575142 5.547485 11.48
139771134 324.128236 -52.513101 0.9134495 5.4104686
278866211 100.807811 -55.244376 2.1940608 8.0065
288636599 279.744502 79.23835 19.9676936 10.0136343
139198430 345.630986 -46.085195 15.3617729 14.7142
63698669 5.165323 -33.984476 1837.8897313 2.231604
280865159 100.798591 -78.281094 739.2389832 6.2876421
384159646 243.713459 -81.680597 748.0739416 9.5710516
420645189 48.370422 75.268379 48.5338626 7.9008
91987762 144.5553 23.546746 45.5221456 9.7055757
172370679 299.426847 40.143346 29.0902271 12.1826517
166739520 36.775811 -50.284425 10.0205998 11.7679183
178879588 67.418582 -28.197215 3.0566277 12.5182693
19684256 140.087589 -31.269212 1.3666563 15.437
272212970 180.208788 -46.13642 1.6091845 16.7675
77156657 68.136479 -38.968297 3.8404319 12.3434
272213425 180.165072 -45.799456 4.3247708 17.0257
429302040 188.386428 -10.146214 5.72226 12.8433
308098254 168.292908 -17.657779 9.6246665 12.3182
37718056 4.146347 -10.976423 3.65688 12.8031
232038798 96.744643 -46.821364 4.1536624 12.7595
183532609 359.900874 -35.031335 8.1587261 12.7393
437261733 170.324325 -22.388177 5.4161129 13.3752
44745133 61.657801 -25.349667 7.8181434 9.95177
50712784 126.337825 -11.500989 5.4053583 13.4237
53458803 102.847425 -29.058655 3.3489038 13.011038
53750200 103.517356 -27.050416 4.1933422 11.5425702
98283926 108.452399 -33.437346 2.2920348 13.2497142
98545929 109.104521 -31.244395 1.888231 14.4776426
339522221 296.688442 -63.565649 1.82069 15.6593
308425348 167.582816 -58.982985 3.39829 7.06633
102192004 195.794015 -41.384862 4.2337078 19.6222
183537452 357.879198 -39.907121 3.9227122 7.23153
363851359 200.634864 -44.688839 2.5441537 10.5577
112099249 209.51701 -30.348153 5.17958 14.829
112604564 112.419225 -29.937916 4.5768651 19.1571223
114299824 114.283382 -32.755419 4.2041585 12.1025
371443216 147.580067 -66.113925 2.8240691 17.7861
118956453 135.416303 -20.720369 2.3447752 13.4487
143143769 89.598895 -30.811799 1.3372349 3.0265786
14344979 163.788852 -0.737066 4.1117731 15.4112805
207077681 320.762876 -40.048439 2.278575 14.7731999
157266693 176.628323 -33.860076 3.8537616 14.7144
183985250 358.668877 -37.628224 0.7920646 12.9674
160578764 223.658719 -38.744547 2.8786641 12.863
162922904 171.845053 -44.088703 3.8186276 11.3749
386259537 127.38723 -12.944768 5.6107737 18.3701736
172598832 100.571247 -29.77678 3.2633165 15.0902486
125739286 215.122762 -31.20207 4.5111234 18.5483
176685457 141.920643 -19.347648 4.4352884 11.2110231
178289267 60.948278 -19.056818 2.3506186 12.801
268301217 116.370721 -52.383259 0.9466787 14.6661
128449971 219.389377 -42.0294 12.7060866 11.4460032
211438925 5.160562 -23.935789 4.8996461 15.9746
7413227 212.647819 -27.993072 3.4158668 19.3376794
167009792 95.102051 -66.400466 1.13305 2.16887
308919449 122.61813 -65.852379 1.6563738 1.42047
382980571 183.704117 -63.086718 1.742564 2.86502
357536526 137.66287 -64.471528 1.57363 7.59717
31268146 88.071315 -70.920308 3.6473383 1.9083777
334125713 182.772117 -52.672196 4.6211026 15.4381
230982885 24.605139 -55.772001 2.0727598 14.2954
356590734 172.156226 -78.801587 4.829406 19.9103402
394509844 154.996219 -79.802603 6.89132 11.3151
242536549 215.145569 -41.983318 0.6923563 10.6207
466113537 165.033297 -59.978409 4.9064175 9.7548163
166184426 206.105083 -40.336403 16.3152 2.23088
334911765 213.978422 -62.906643 0.88958 3.8492
302659412 134.966386 -67.955597 14.5187891 3.60283
400323948 166.085979 -67.991833 3.2242808 8.5752112
234519192 14.551689 -64.761541 1.1630372 8.4237328
318828309 173.314149 -60.075995 5.3418199 5.7387
179319057 211.593423 -40.523909 6.7018963 5.02216
242083025 201.642206 -39.629886 0.6467049 6.88932
242120884 209.982525 -43.327316 0.6227257 6.3159749
320079492 174.845028 -65.176299 0.4262195 5.09474
210445631 212.193247 -56.322341 3.97195 13.8556
293708935 222.333572 -60.080256 2.6855915 3.5729712
441462736 353.033186 -21.801201 14.278122 8.3566078
162695785 190.720365 -53.688304 2.5599662 17.4735
253132689 194.769773 -57.253713 3.217824 5.84702
267414551 176.070255 -59.911853 4.7631 4.06445
295562522 171.378387 -67.778575 5.438218 14.7798
467281353 168.076087 -60.93258 2.8319354 4.18335
383531859 216.147711 -60.383601 17.0614756 17.1048027
458856474 161.140515 -59.737608 6.0783344 16.9877965
12421862 2.271509 -27.121745 10.2150168 1.4777754
127793615 218.270079 -43.298512 9.27898 15.0807
378613125 155.59062 -63.65462 2.4763492 4.72716
437329044 207.584824 -23.383379 17.1725007 9.89011
89535068 127.281049 -57.194209 6.1110945 5.873208
162246865 168.871533 -44.428987 0.5646193 3.01498
349088467 185.331855 -14.062379 2.5861465 11.9748
161156159 190.132487 -48.740903 2.2818488 7.2854
309792357 80.105873 -59.895433 104.8729635 10.223
457939414 158.670633 -59.748482 3.7899524 11.7871267
82707763 169.958638 -51.866071 6.6570835 14.8934
147340931 162.91688 -44.984741 4.31224 12.3576
453464017 152.28015 -72.798117 3.9416903 19.6321
445903569 147.174575 -51.756564 4.0337201 11.5159
299023386 143.466387 -53.561643 3.1056464 13.2277
142378043 181.632505 -31.645713 1.8359766 5.11603
429295277 184.259218 -51.075153 1.10833 4.58274
410214986 354.915467 -69.196043 8.1382222 6.1757682
371188886 146.397063 -66.686631 9.1270425 8.36201
371188886 146.397063 -66.686631 3.098367 2.47118
356453768 134.190203 -61.371461 2.3330349 15.6213
439610306 143.46695 -55.175763 1.79988 3.32197
147660886 164.031654 -43.376697 17.30714 12.2024
41173048 91.22465 -69.360322 6.40938 10.1474
70887357 63.857632 -16.902144 723.8345008 13.1361697
243187830 16.908292 22.952868 1071.0898448 2.2407785
350618622 87.401782 -54.910423 52.9781419 11.4471492
350618622 87.401782 -54.910423 5.8492379 1.18919
26547036 292.166942 53.487369 1134.6723963 11.7582195
136916387 230.440115 -48.318817 11.5778362 1.5422129
136916387 230.440115 -48.318817 27.5920718 2.7050278
138294130 229.99122 36.229545 3.0565259 15.1633
188589164 239.577568 35.408114 2.6162769 1.0972867
368287008 232.132653 27.361073 3.3491408 5.37673
219508169 246.797267 42.687767 6.8161231 3.03305
219508169 246.797267 42.687767 2.4590369 2.74738
219508169 246.797267 42.687767 25.3369848 3.23582
357416482 228.949819 27.36181 5.49826 16.2801
357501308 229.837442 29.207877 7.4355709 2.2761564
159781361 234.431765 48.955206 15.3468182 3.99579
355509914 15.52504 -59.087724 1.7386695 9.455763
39903405 245.151432 41.04796 5.633477 13.2583
236312126 240.549275 28.169625 3.9415041 13.8352
11996814 31.17055 65.289331 0.4487349 5.8054498
16884216 232.863345 33.902516 11.1900486 1.6608182
255930614 247.622983 38.347535 2.8758831 8.33267
394050135 282.795256 82.245414 8.8720542 11.9849813
407059875 5.469534 66.168119 7.1925327 2.5719
335996558 333.331904 62.857385 1.46329 3.54656
336456596 334.434433 62.465008 0.77871 6.16036
445254275 12.216148 59.386718 2.57134 10.7406
259962054 43.018076 -67.687016 51.94509 0.705818
422656370 349.672086 68.299217 1.3254567 14.4076
470127886 331.117808 81.565951 5.7156075 13.6015651
470159478 333.311732 81.739729 17.0096703 13.5294
53617134 17.680098 65.249648 18.8243063 8.51397
427279997 351.380744 54.601182 2.89453 6.20845
53709089 17.73671 61.092107 8.51226 5.90105
368320811 233.014923 24.085016 1.261045 4.24615
405559035 234.861293 55.153498 11.1518929 2.91771
235937532 293.914601 81.554791 3.7321195 19.158
237071229 307.022746 61.871411 11.2479927 4.96692
281781375 12.97601 -59.343647 43.8297863 2.8243863
427730490 352.27473 71.506474 3.8608551 11.2224
54364414 19.234846 62.35169 1.37477 3.0101
269424395 350.369407 60.801171 2.41872 7.23529
346929661 0.977557 59.334681 12.0135752 3.7307
270333769 351.880281 61.392515 4.1207509 7.46471
347013211 1.119248 54.934497 9.07763 12.6842
468574941 16.184942 74.331306 1.4971447 16.2528494
363761216 5.867146 71.158807 7.4072589 14.4456
159873822 237.924107 52.306308 13.7905315 2.60168
314835525 346.90982 56.694513 5.30329 11.7443
281575427 7.975464 -56.965081 4.2529842 2.26991
316468545 323.908297 65.437536 13.5970194 2.03572
375850439 336.295039 67.971168 1.1633325 5.5717234
1100766816 238.501017 19.596887 1.62263 4.33692
315755496 310.331372 82.435302 4.27808 17.8096125
378355116 358.248392 60.481667 3.5684459 5.87762
396356111 2.599567 58.489439 10.2207 2.95608
229888286 226.116513 28.215715 5.5986627 9.34167
326732851 359.678289 62.625907 1.51567 14.18
403308915 5.198855 55.542814 3.7543552 4.6716
55650590 73.73822 -62.521874 0.7363132 1.5332682
285542903 13.27005 60.618112 2.2657506 8.00485
327577308 4.747716 56.367066 1.45655 1.83776
373785851 27.778642 63.081422 4.04163 13.1608
334811204 331.70177 63.599044 21.07626 11.6504
115524421 254.130502 44.302536 8.8036803 8.9006
147951030 167.865299 71.540754 8.8128067 2.33219
417931300 186.27356 60.418346 7.768982 1.77405
198187049 245.728968 61.694836 5.9214229 1.0470381
233182695 219.043374 68.940695 6.3838817 2.30075
198360694 256.601181 57.661033 5.6739336 2.587582
441642457 209.882326 58.93291 53.1991439 2.8396233
158075010 218.184395 43.756428 177.5830512 3.5953731
23814735 210.044615 38.705641 4.7981694 2.3133532
27491137 217.392016 39.790399 10.3563596 2.4103206
27491137 217.392016 39.790399 35.1257472 3.17021
27491137 217.392016 39.790399 21.0153047 3.78219
230075227 244.376954 68.894664 6.1155829 1.56167
159244568 227.179973 82.446925 6.2772478 2.5385441
224298134 185.338193 57.752364 1.4923242 1.21108
224298134 185.338193 57.752364 9.3174072 1.93397
314865962 53.28158 -72.744051 22.4586196 2.1229458
367739494 250.382981 80.04588 63.5809449 3.0597346
321669174 264.302263 53.025567 10.5054362 1.947929
321669174 264.302263 53.025567 5.1097197 1.3996848
160039081 241.581203 53.514641 30.2004765 2.6056
233633993 284.767733 60.154455 17.969639 3.0570342
441738827 259.254539 72.747023 6.0784031 2.07448
441738827 259.254539 72.747023 8.1490285 2.5781465
230387153 285.921685 65.785672 41.7540004 2.75297
230387153 285.921685 65.785672 20.261655 2.4206095
441765914 261.374894 75.88228 124.72987 3.5130935
341815197 267.307163 54.415932 49.9950015 2.65286
52204645 19.394178 -66.903066 4.3794298 2.3149088
233721037 276.394048 64.636881 230.92212 3.6785805
219778329 263.852071 64.380132 177.2188871 2.0323111
393965778 212.547487 45.563868 4.3032437 2.66568
402898317 302.737523 70.869653 53.8108713 2.2249096
356016119 254.142533 70.027316 18.7931749 1.7151271
235678745 285.636524 75.418514 17.664866 1.2984859
235678745 285.636524 75.418514 28.1722501 1.4475246
142748283 151.618699 74.827211 3.1190716 1.6229796
142748283 151.618699 74.827211 6.3878202 2.041471
279982557 297.393769 66.293958 1.7890217 1.6741803
230386397 285.786011 64.230256 19.5078657 3.92839
141608198 88.96184 -73.985288 9.0105414 2.1513682
219436394 205.59347 76.647981 23.6573994 3.0681221
165527918 266.13371 54.090971 9.0753271 2.5831328
289590465 253.442793 65.293961 6.7060238 2.12647
160491359 239.016918 73.07392 2.6620728 1.2172175
160491359 239.016918 73.07392 20.2926468 1.7004976
367630162 151.612215 83.08784 3.2723118 1.46772
367630162 151.612215 83.08784 5.904369 1.35959
367630162 151.612215 83.08784 15.1808746 1.86864
367630162 151.612215 83.08784 1.9803146 1.16969
367630162 151.612215 83.08784 9.56111 1.6790876
156199502 181.064438 83.438034 15.9152686 2.2277479
393911494 207.178453 44.911752 0.6332593 5.3027904
446549906 286.796541 -58.696835 2.45457 14.183
392476080 253.186297 16.579915 0.67249 15.7288
300293197 110.279707 -68.578366 6.5638575 7.6270781
394029948 282.229631 78.568946 32.76639 3.20531
356235833 260.096376 20.281856 1.2680452 2.24707
427320001 343.854335 70.29729 14.0120582 4.4835127
427320001 343.854335 70.29729 155.8237 5.5521957
1400212743 267.354593 40.457105 5.24612 5.61881
9828416 261.096395 33.205073 6.2099619 14.369
54464870 19.595393 63.545086 3.6944323 3.05838
422838133 23.829473 72.936844 5.309031 3.29096
279212407 25.690461 65.895769 28.6620782 12.4971
17416749 242.201 35.691135 2.34483 4.2647
236387002 244.429882 26.304211 7.2008611 12.0629
206609630 22.550024 -59.583246 0.3352715 4.4688
389900760 23.507315 65.513988 5.7998189 2.6346124
88996391 263.944366 36.196492 2.3195654 12.4030722
311408969 264.27351 25.731147 3.5852284 14.5431829
105840719 243.940883 17.023904 10.3088372 3.80877
116242971 267.640491 36.570176 5.0316347 15.3999
116264089 268.029111 37.546327 1.306188 16.758883
21744120 256.346376 33.012325 5.5080682 10.7299795
21832928 256.9818 32.105303 16.3413889 2.629079
101721385 260.116172 38.242168 4.627664 14.3694
234345288 38.887291 -71.624247 23.5199045 2.30502
234345288 38.887291 -71.624247 7.7565534 1.1359985
320798691 271.537672 26.426606 5.0052605 13.6314528
27848472 278.631741 35.661431 1.8468345 16.4012
39200363 261.243831 32.798397 3.8266587 2.4536347
75878355 271.935501 39.072927 9.2292078 3.21883
75878355 271.935501 39.072927 95.8531625 5.95763
76419763 274.405533 36.621462 2.7884723 13.9432645
336128819 281.176343 36.563132 7.8519082 2.1705803
23059280 274.143956 34.173012 14.1502269 18.6317683
308172249 267.284885 29.879043 1.4013784 13.9977478
167415965 99.458741 -70.931327 18.5537012 1.57606
167415965 99.458741 -70.931327 9.695961 0.808552
399860444 286.808526 49.316421 2.4706114 13.7703405
287256467 258.762346 18.340345 18.2616878 2.85973
44313455 267.046624 15.980109 9.3004351 1.5550304
103195323 62.572982 75.170931 5.5899401 12.1202
428988981 350.25314 79.441782 37.3413179 2.16854
88992642 263.758075 40.695043 10.2611329 12.2521
158916431 269.989998 29.655175 5.8924856 17.4655
341630071 155.641594 83.083724 26.2049782 10.15497
233569098 281.814167 64.806519 23.48522 14.0152
1716467085 285.596508 42.507414 0.5842495 5.50799
231912935 7.318008 -63.790623 26.2851404 3.082863
230267547 264.591131 18.473875 2.2263798 6.51393
23389848 275.117976 30.85588 15.64643 16.1126
395393265 26.338972 77.790123 3.3772835 15.3058361
406855039 274.87052 71.248626 2.7180835 4.2423946
428787891 71.028148 84.364265 3.8240826 16.0547024
461591646 5.800269 84.452839 3.7246883 10.8811
258402425 274.416666 23.917679 0.67554 15.6973
298495970 261.71771 25.84927 8.4249043 15.0361
342642208 276.810053 20.526887 8.6007557 10.7988
270515566 264.45404 47.230289 10.0509704 13.5943
55652896 73.980013 -63.26033 34.5059318 10.4625162
55652896 73.980013 -63.26033 17.3890454 6.4840125
284477310 291.125974 56.881296 2.2390502 2.73215
366563452 304.444709 77.166678 1.5873866 1.09083
284564230 291.524023 58.510182 12.9774853 4.66514
43429656 261.440953 23.057031 5.2132496 3.72907
49967354 277.907741 13.897884 1.09333 12.2642
73560357 281.405754 16.415367 0.9499997 14.0337
233680651 260.30306 63.239282 5.1354577 3.3405
160162987 242.364094 84.491119 23.0531698 9.12613
364075352 306.223028 74.837343 37.83633 13.5094
8516795 279.170112 23.258619 8.2148505 10.4375
260043723 91.608698 -58.953703 3.1385875 4.70639
154741689 164.313856 89.086923 9.2786686 2.23168
75656058 270.898715 38.073512 1.78166 13.9111
76197937 273.702683 37.629995 1.78252 18.6528
293567206 145.799111 87.86853 0.6856225 3.35129
159815224 268.823955 40.167475 2.9601848 4.21067
123495874 282.629633 46.323281 7.8914271 12.9299942
123233041 281.288134 42.451098 3.5224751 15.9014832
164892194 285.240829 46.668241 3.024111 12.0899079
237913194 22.445812 -60.73991 15.1689723 11.7952966
32090583 58.422001 -68.738628 0.4384814 0.6505972
32090583 58.422001 -68.738628 8.3522143 1.8017268
298663873 277.94363 56.650679 260.1740061 11.3192423
233068569 270.558091 63.54963 8.379057 4.97002
268823307 299.407034 44.035039 3.5484481 15.2165016
176956893 100.833125 -66.947656 6.9067783 9.36468
355096431 314.576665 -40.268633 7.2147718 10.1239555
238171173 357.002336 -68.487698 4.476922 14.3955457
270472265 96.940806 -79.409779 2.7492277 12.683
260797169 347.94394 -69.85417 3.735051 14.2690959
270342589 34.085419 -78.70071 4.4343277 11.8751226
389421473 311.751171 -38.670656 5.3160704 19.5006469
262471759 313.40292 -36.821547 4.0115394 15.3487909
277890574 353.281713 -76.819155 6.2643442 11.6261491
401604346 313.691232 -72.80464 2.1223673 12.9814367
271478281 299.156339 -31.335181 15.3419095 1.7005
24695044 34.840097 -72.708894 4.164514 8.9598265
372172128 312.340074 -70.485072 1.1953968 3.5030245
389352124 311.042756 -39.225486 4.954648 13.0889
100566492 309.511234 -48.462083 4.9549631 18.4504689
369455629 311.673345 -41.820983 3.3771114 8.6110106
150098860 91.799699 -61.99721 10.6953083 2.84818
142105158 98.783507 -72.456778 2.9360281 7.18912
219306934 316.66971 -57.577978 1.3477642 6.61528
358107516 51.228421 -73.957546 11.9124942 11.3754057
467971286 289.297427 -60.89176 2.2250514 10.0926189
260298958 94.315682 -56.509859 0.8891392 14.2531082
381856447 322.253764 -58.836147 1.7690121 10.5045599
90850770 307.596693 -44.887618 8.0016656 11.0757082
38680052 65.528812 -61.36859 0.6743453 12.4716613
271806353 111.442356 -77.776659 3.4391152 13.6350253
316937670 356.492464 -56.344047 0.62425 1.671618
317089588 347.462945 -79.699998 12.7846809 11.7994875
212253390 308.539086 -29.672613 3.0911721 1.666703
280803917 44.529245 -66.949285 5.1293855 8.9112749
406318573 326.582729 -61.107837 5.179282 9.3730831
425561347 286.073121 -32.354279 5.7772122 2.8693434
39018923 12.074996 -68.439297 5.6807412 6.2844217
234330672 35.750418 -71.457945 3.8300359 11.7278481
348995212 107.155704 -64.232801 0.3456911 10.1929
278138619 107.819578 -78.238464 10.1688722 12.8424534
150437346 97.320501 -65.337781 1.3926549 13.3635819
306510653 119.185192 -67.071931 2.2456869 17.5083
273695332 18.689893 -81.982165 6.9309657 13.513657
388198242 61.242969 -78.374681 0.5055105 4.9709812
403135192 333.559598 -59.568325 0.9017685 4.77441
405425498 337.517756 -67.850146 4.2217717 2.81922
405425498 337.517756 -67.850146 11.5472009 3.1457403
61733521 289.018075 -46.480756 3.36296 2.69668
143410850 294.572181 -46.398078 4.98668 5.51463
326453034 339.677571 -25.631849 14.445918 3.290507
100504381 308.563699 -48.274725 5.46278 19.5752
421455387 296.919659 -32.575966 2.50876 18.7769
271491157 299.229827 -35.397179 2.91615 13.4791
267093376 41.091524 -74.789817 17.14012 8.14257
394722182 20.166011 -86.979965 3.5315897 14.2116
389238529 302.999475 -37.561663 0.49642 5.57222
231077395 67.657808 -70.35491 3.3904897 2.40673
388130235 65.410196 -67.467038 92.1950921 18.9408
70797900 1.977969 -29.979603 705.5844658 17.179547
98494121 290.986777 -36.910419 3.06555 5.41363
92562123 315.171774 -35.871099 6.53144 6.77621
1989628303 308.563502 -48.274841 5.46377 12.894
278415929 117.281011 -80.893886 3.7981107 4.13478
349786918 113.043495 -65.811395 2.9663437 2.02837
376168473 310.483618 -38.878003 5.41402 15.9563
179580045 80.624017 -70.254329 62.1624516 10.3408
152714791 304.628882 -30.648846 1.27349 13.6856
264303333 296.355007 67.310971 0.8153098 1.19041
229715760 278.989527 70.160757 11.5743561 18.1309835
233066156 270.277609 61.347153 12.379649 8.6993926
367855829 276.868143 73.264575 85.4244796 4.4208054
233688779 275.393588 62.369002 26.4579842 2.90965
265146266 316.892698 74.383252 11.9526103 11.4014
262880065 225.315683 40.946827 13.961418 2.2841549
198485881 194.739614 77.661716 35.1896444 2.2253696
219821826 268.029535 62.79094 9.6799809 14.6081
219501568 244.5642 42.62706 16.5899263 5.4428798
232568235 247.667 49.046789 0.3524597 1.76224
229787062 284.022679 70.25412 1.9011452 5.7647423
165530380 266.406455 59.514199 1.4937444 1.62102
235943205 295.927746 78.725919 121.3342908 4.1767182
310231275 239.787768 32.395973 0.8294084 2.4799192
8348911 245.28004 31.577041 2.326343 1.9763187
459837008 65.061496 84.900824 3.4950422 1.2734423
459837008 65.061496 84.900824 2.0344366 0.901106
459837008 65.061496 84.900824 2.2891027 0.9131404
20203297 226.46964 39.636553 7.1566025 3.1263063
441798995 264.147896 77.126216 1.4206036 1.1974247
441798995 264.147896 77.126216 2.8411415 1.42162
441798995 264.147896 77.126216 10.4029111 1.8465904
265460043 359.853101 68.384119 32.8236817 5.1519952
142117976 81.240221 79.74934 46.5710978 2.1305645
289164482 277.459311 40.541412 2.6796164 1.8334769
289164482 277.459311 40.541412 1.1188024 1.44009
272679240 234.512299 69.017531 20.1546939 2.3244125
198456933 261.836763 58.214352 76.8663962 1.9249103
243313296 289.513338 56.236779 1.4663344 1.87124
115623434 255.245795 45.386283 3.1434463 2.34132
77044471 358.558844 -30.013038 2.6865041 13.7470239
115583726 254.588507 45.936445 18.6016754 9.1300283
264171144 294.390164 66.971432 210.668358 2.8961818
237211410 294.376052 74.78231 12.5520766 2.8228669
198211976 248.333273 63.524496 0.4018586 0.5525072
115446313 252.471891 47.316983 4.9707023 2.38733
329148988 332.563264 58.706093 27.2672016 1.5781136
237201858 292.823315 72.538317 179.4031712 3.7472354
160077104 222.75079 85.895391 11.8120707 1.7481305
462615350 251.11918 60.086043 8.9172211 2.7931797
82452140 255.097557 39.73025 63.39545 3.3507179
120610833 5.237757 -35.998465 3.1260778 10.9257115
321688498 321.599582 68.640531 0.3862197 1.1988782
236934937 304.299053 65.871559 9.405877 1.977596
236934268 304.266636 65.153844 7.0767314 2.4422
71347873 115.593377 70.404076 6.0683318 2.1199939
284361752 288.108567 54.640427 340.3877311 3.6888424
48018596 281.576196 50.492466 60.06632 7.64759
165554103 266.931576 55.872814 139.2632286 1.8388146
233500935 250.739892 76.449587 22.048775 1.9509885
362220495 286.227961 79.755949 165.0031583 4.5170453
160074939 346.319169 -36.945639 13.340145 3.929267
280031353 297.416187 68.883354 4.8566656 3.2987328
280031353 297.416187 68.883354 15.4432661 5.7063938
283829553 228.568622 51.468846 6.0541622 4.01623
144000801 336.279186 -52.536671 1.3103832 9.8603222
197959526 348.296702 -53.832813 0.7196291 12.2917419
70420766 339.436261 -30.608282 9.4070515 3.9938238
232079930 29.608056 -66.339155 0.918902 15.2109193
147284470 324.800775 -44.375271 2.9905745 13.2344892
270219048 330.135944 -29.148589 2.6820061 14.1985341
234489976 8.980505 -64.722442 3.86866 13.9784675
328012209 2.944822 -68.57012 20.2656358 4.03042
204376737 348.157128 -22.674125 3.3610013 12.7400071
38467100 61.524005 -60.467252 2.9432073 13.6531
25139786 326.272747 -20.032514 1.5933772 9.012542
355446093 350.869745 -52.175942 15.937546 11.9220549
302333151 320.524083 -27.554409 1.4408228 9.7835563
61980227 335.53692 -30.763927 3.0958985 19.2443952
349488688 253.784885 20.491524 11.6207544 3.207554
402026209 353.562915 -42.061779 1.3382314 14.8542602
138126035 196.736409 16.54934 716.3497402 2.90826
300812741 116.973103 -71.001967 20.2254946 1.9090249
300812741 116.973103 -71.001967 11.3071786 1.02968
293527670 352.192845 -76.636896 0.98656 3.78687
69819610 337.887071 -23.16505 1.0361758 2.62395
152800085 343.544632 -36.287777 4.26991 8.95578
177308364 103.422149 -73.075713 82.7899763 3.1369358
394287035 31.690742 -81.247376 17.1019622 10.1067
238920875 94.278691 -52.338502 6.5346715 10.7773
415969908 343.708612 -18.912445 11.6700285 2.0205499
415969908 343.708612 -18.912445 7.2011383 1.7056002
180991313 172.858645 -41.689518 2.2088214 11.6656
168751223 62.671535 -32.99244 4.7150942 7.48939
286000547 139.741548 -15.30808 7.4972297 11.9137
358579111 54.221383 -60.061476 14.2197641 8.78678
200743403 49.154193 -48.107918 7.9980831 10.9403
160003961 50.826623 -40.453518 1.4492052 6.15666
88902249 230.230416 -33.69246 7.7119328 10.9933
230001847 290.619895 60.853904 2.994263 11.5655979
24358417 81.344582 -34.668249 22.6539607 12.2765
279514271 105.762026 -55.368285 9.7728388 12.0232332
12423815 2.568852 -26.282408 2.8392793 10.4761821
29959761 42.261441 -16.557655 1.6471574 6.06894
100267480 306.843521 -53.220653 0.87741 8.59148
100589632 86.458859 -32.947641 3.9471567 3.86968
166834768 58.616173 -31.344895 3.2553185 6.72917
311179742 257.715033 -75.729992 8.3129806 10.7065
91555165 43.884794 -34.977975 1.0526157 1.4203085
91555165 43.884794 -34.977975 42.1289893 2.3404732
317483660 88.092907 -13.372469 3.3311975 14.877
301343785 52.487605 -0.904217 1.1736318 8.1147
317019074 86.254678 -13.326617 1.2043785 4.985
47601197 97.408122 -21.994385 8.6251769 7.55444
47601197 97.408122 -21.994385 4.8714085 3.8394
32925763 87.373285 -25.375613 1.6804461 5.37039
177079323 103.245394 -67.53926 5.7517969 6.2303216
219766989 192.32172 -21.333033 0.5109902 9.54792
124515764 199.021029 -33.76396 1.2709769 4.10761
30947715 79.61789 -28.00593 3.66275 3.52758
124206468 197.200536 -31.499464 7.0924883 12.2608
124095888 196.285834 -31.985378 1.1258127 13.1558
436102447 83.818664 6.587708 5.1858 18.5118
31656385 46.659674 -66.007932 22.84518 15.1752
204671232 184.982551 -27.284837 8.71546 12.1387
302924206 34.954262 -62.503817 6.9444047 13.4708551
445456888 112.875366 -52.985887 5.5436298 13.5659
39414571 89.130026 -5.01203 4.0197555 9.57594
344085117 108.017449 -50.247778 0.659752 6.07841
39218269 88.505022 -3.639907 17.1869882 12.9307
441159680 333.111347 -26.92637 5.74984 14.4892
401125028 134.957623 -48.488493 5.1750108 10.7741
220068921 83.913807 4.82797 3.36376 10.7493
305048087 353.243538 -29.416487 5.433729 1.741587
347357977 132.898822 -16.386277 12.6826724 5.24953
432132155 137.31171 -19.778021 4.8984239 12.907
332558858 61.68622 -16.755755 13.3368173 11.2448
439366538 319.498241 -22.049823 4.31362 8.01917
164150537 335.74211 30.573268 6.1600755 17.7265
326522874 344.743989 -23.148028 3.1821969 9.3708418
146165619 341.871773 -15.572947 1.6766585 16.6532667
231063955 31.617523 -56.19888 3.4972769 11.5840209
201177276 358.092047 -53.043156 5.4693888 11.5779216
9006668 349.231081 -18.606646 1.2730965 1.57925
176220787 0.325761 -8.926251 5.2153618 17.7519701
39080923 13.643588 -67.915159 5.0451188 18.0229867
2760219 356.375185 -16.114124 4.6612025 12.7709747
382602147 36.156146 -65.000196 2.1357026 11.6264152
231850364 26.965078 -61.686758 3.1581288 13.5726225
32487566 4.603042 -15.267404 2.7567395 13.8044661
237885040 20.410382 -64.87571 5.6601098 12.3816484
89544985 357.962301 -19.17848 2.3372423 10.5103504
9725627 358.408479 -10.118118 4.1567834 9.8517709
369965258 5.128602 -61.386174 2.1192866 8.4965052
149349867 83.783703 -64.11662 5.9123675 3.28952
149349867 83.783703 -64.11662 3.4072141 2.96344
149349867 83.783703 -64.11662 9.1696498 2.4628421
231071138 32.943352 -56.756226 18.84184 9.05304
144297844 178.890769 -10.029102 3.4977868 3.47575
144124187 175.879369 -7.296091 7.8686762 11.8276114
333734769 170.150082 -26.153136 1.5099302 8.891
306337838 18.496744 -6.826842 6.00327 7.59354
322807675 173.703285 -25.604717 19.4061437 8.75357
219701535 175.472837 -21.796763 5.4681892 11.2463
101948569 14.75491 -44.160869 19.4723016 3.6117414
260849386 118.937216 -54.266268 1.0339 5.37338
11521555 146.44726 -25.457737 5.8681984 18.1157
1525480 156.527712 -17.262814 5.5094951 8.55825
142087638 98.442149 -74.190098 20.362741 4.2523478
142087638 98.442149 -74.190098 74.6068965 9.1295659
142087638 98.442149 -74.190098 74.6065192 9.5163991
231297123 45.144066 -51.793599 1.9792573 4.1930997
212957629 8.806054 -3.372083 3.0766835 2.722618
153078576 49.746545 -46.458025 2.7029187 3.7942392
67630845 18.24241 -32.966016 9.4636148 5.45543
321068176 44.338399 -41.191773 12.9696927 6.1709882
77031414 354.168696 -34.611304 1.3866519 12.9811619
248391319 19.626878 -0.056398 0.7988525 4.00703
10837041 20.922457 -8.701794 0.782765 1.7472713
206498307 332.188392 -18.992719 13.4190392 12.4259675
237320326 344.873588 -60.447819 1.7771109 12.9084635
161223358 340.976993 -53.428366 0.5153654 12.0910878
237922465 57.338941 -60.787186 8.2754608 11.5451
49617263 37.885227 -40.016204 4.83266 4.9031
65347776 39.725259 -27.324227 25.86696 7.41184
358248442 53.270375 -56.588436 18.8812961 3.61081
268532343 14.826814 -19.771164 5.84259 11.8252
70524163 33.154021 -35.390918 4.3474 10.753
29919341 24.884512 -7.394729 18.23603 10.0179
313891529 0.315071 -28.493223 12.3750537 17.1909846
248387177 19.130697 -0.290103 50.6939885 8.48837
97486178 43.811698 -20.78129 4.08165 2.38239
142937186 52.291732 -31.362867 1.30613 1.99844
420051632 36.363902 1.057529 7.0846226 2.5663216
23170835 46.558777 -9.810051 1.10071 4.67495
258804746 37.765299 8.381625 0.224195 5.59553
347553438 45.112779 0.380842 1.82738 8.96794
155001079 345.155415 46.032536 1.3808138 7.5531443
251094370 37.938574 -5.514987 5.1660127 4.1062551
274194927 54.028395 1.933815 14.3614789 5.0510341
118327550 10.569754 -36.717974 7.3971935 1.3122343
129839175 55.270024 -36.943731 0.6461571 15.3572514
219175972 91.410152 -51.679614 12.8900899 2.9698317
219175972 91.410152 -51.679614 5.5514857 2.0319062
168871868 65.100654 -31.081604 17.1217196 10.2267
318753380 40.179861 1.199676 15.6692322 2.6868893
29959760 42.263784 -16.55928 1.6473887 15.7358835
439867639 43.316155 0.052337 0.3711334 1.4062147
142868621 50.942745 -31.265187 18.685862 4.2075538
231721005 80.740227 -53.76459 9.0182016 3.54998
231721005 80.740227 -53.76459 19.7580247 3.80858
170729775 67.984371 -34.455533 16.6542431 11.9082
154618248 345.779176 -33.500473 8.7709021 12.5053
408114363 77.952525 6.795745 17.8832414 6.4171164
4294779 81.312676 -0.770748 0.3438892 8.5611179
219208037 93.098193 -50.930948 0.9776805 3.3784252
59128183 74.837485 12.936353 4.4414275 3.0014777
67782629 64.32265 -7.766009 8.5063687 2.5051088
434260570 64.243824 14.771562 4.720489 14.6186346
117799904 70.167322 -12.890726 14.1993538 2.7591068
449197831 79.621529 1.253439 3.7369689 2.3797323
192790476 82.143332 -39.373046 19.1047019 2.9365337
158623531 24.167869 -50.659308 7.8728937 15.0953
454224694 79.528174 2.563675 0.515461 6.5688522
411839167 78.91982 16.278699 6.1802614 13.7037465
248434780 77.314465 -5.557409 12.8643168 17.4453322
452375478 88.090245 -48.09086 10.6079445 11.6613557
32949762 87.679561 -27.623322 3.7684981 12.5471
146523262 76.737031 -18.904621 3.759205 3.1563691
293612446 76.867332 16.867695 2.6266983 18.7969
71013298 65.717639 -12.677035 1.7556616 1.7738475
31114545 80.896099 -24.121296 24.4232697 11.2009
160148385 1.04657 -47.360635 3.4252563 14.3752921
298981199 70.428548 -0.600003 7.1853092 2.12356
71088556 66.514805 -12.51168 6.5857043 13.2476
399868187 74.374979 10.416737 1.2311781 17.567
449257028 79.844207 3.122675 4.278752 5.33342
373453507 76.524234 10.594174 15.7925628 4.82429
43868600 78.108877 -7.257924 3.8865992 14.0296
412054152 79.742457 15.203062 34.7769296 12.9584
262435954 73.554354 1.233623 2.6473916 2.737769
167661160 79.709348 -36.037694 36.8382429 3.7858994
201793781 34.684283 -54.859725 5.9910569 2.3197704
1449756 75.174905 -34.815988 11.3543085 9.40688
262258341 77.804406 2.427361 11.994832 3.11124
117938087 71.518246 -15.343431 14.9315582 1.58293
219151731 89.835166 -49.469569 1.4853364 4.86539
68035559 219.734215 37.02674 8.3272872 5.183
328934463 205.204322 22.983969 11.2347982 12.196
369376388 59.85217 -36.476026 1.5411764 3.17311
394346745 42.888322 -81.006992 3.4024655 15.364
139251123 347.136174 -45.026493 10.7668398 10.5027085
279327604 332.553092 -45.049614 1.426951 8.8281188
179985715 14.080026 -38.949234 6.6153188 2.2695325
282498590 90.099738 5.11447 10.1004307 17.4827
282576340 90.159529 0.131482 8.3761316 9.53663
282576340 90.159529 0.131482 2.4087648 2.23597
33091590 104.827007 -4.828274 7.795385 1.8939264
97568467 90.062588 11.884058 10.655694 11.7630857
263179590 95.41622 11.251648 3.7382381 4.774123
67196573 89.456648 -11.418203 2.5574812 17.7879
184240683 359.349028 -41.27722 1.6284288 12.9621642
206785987 96.69897 8.200979 2.955314 13.1598
134471108 108.066593 -44.027544 5.3262922 2.6350944
52689469 101.394805 -33.881692 3.1413825 13.070864
124778445 94.444759 -35.706364 1.6751568 13.2366563
206906112 97.214862 11.53189 13.5853506 15.2559264
443127052 95.486535 -11.541394 2.8972041 4.096
393298446 92.010974 -39.010809 14.9695925 3.04784
354519019 82.559826 -43.798459 17.3051476 2.7663379
147430118 104.817965 -14.444511 1.6951056 3.11352
143282930 94.409738 -9.631072 1.5339665 4.28924
224225541 353.062066 -37.255863 4.9377227 2.8269897
170103435 101.397361 -46.565471 1.9785151 2.69714
124702477 104.752514 -7.897455 0.7951534 9.70612
124491883 93.509715 -20.997714 2.3933087 2.03235
59842822 94.027709 -21.279477 2.5577037 3.9587
317134140 86.719534 -17.029089 6.3951381 2.10043
123627908 89.293899 -18.672245 5.9016526 13.6737
295947393 109.0444 -17.453065 5.4927168 18.5905
48178229 99.172585 -23.309761 2.6788253 5.07891
96925186 105.44485 -34.919687 6.8979432 2.18563
47720259 97.891717 -23.951598 6.9551801 2.29124
237924601 57.553653 -63.053919 1.0021853 5.0155627
177414713 106.841463 -11.436773 2.0944084 1.39836
72556406 93.529144 -8.062309 5.563087 9.04133
148883384 107.118513 -12.147866 2.0988541 1.66554
443213925 95.809871 -11.348617 4.6410823 2.86438
169249234 160.886843 -1.912698 7.1858029 13.1612
149601126 86.850974 -60.521308 23.3418536 9.7267129
149601126 86.850974 -60.521308 49.2445599 10.3670919
380836882 270.134849 -65.613808 8.011385 11.7844
126572546 136.653301 -50.48045 2.3018922 12.146
83154030 188.834597 -18.029479 11.7248927 8.72604
322063810 14.318503 -51.585251 3.5104148 1.328654
262843259 52.531218 -60.875623 8.1484094 10.1405034
20579360 201.167653 -19.89616 16.7224532 9.46753
418012030 212.638797 26.42343 6.6857865 9.65352
204698337 185.529463 -24.943187 16.4452725 9.85518
399967279 54.388266 10.057746 94.0997954 14.5890881
443115574 95.226318 -7.29894 2.9103781 12.2597
201508515 93.038442 -30.787931 0.985586 5.2012051
49687222 351.705383 -11.725573 20.186539 3.283981
354518617 82.558548 -42.697946 12.7187255 2.5924633
354518617 82.558548 -42.697946 22.0819969 2.28729
31054498 80.508824 -25.722355 1.4118418 8.14924
270604417 136.596917 3.56767 7.5427509 10.8099759
341419787 120.153396 -54.509002 21.0689935 15.3646915
149845414 135.545803 -3.420819 7.9940367 2.5576021
388089437 120.969221 11.135462 2.1811989 18.7156
444013020 133.324298 8.523017 2.3114203 13.1879107
350293646 131.106996 1.859893 8.5234958 12.0756
350293646 131.106996 1.859893 1.4468993 4.98711
204317710 346.075086 -21.272017 2.8126485 12.0658006
294500964 122.228117 12.207623 9.0702531 5.7395383
6276559 112.515604 -11.79048 5.436841 7.79881
31515092 115.918702 -10.257081 2.3701119 3.0793796
238542895 121.852319 -49.602939 8.384818 11.3276
144043410 126.755088 -20.680147 6.2636501 17.7665063
155491828 123.488475 -24.7173 16.0475029 19.3344
468981993 128.702871 8.569483 8.0149323 9.5021286
283307274 128.24579 -25.256245 17.7837633 11.928945
441453629 312.011689 -35.842605 4.2002507 14.9915
92226327 11.248632 -15.274109 24.7373412 1.8439453
92226327 11.248632 -15.274109 3.7779418 1.5659937
441155146 332.759205 -27.295719 3.5511203 13.8379
422385684 318.600471 66.404803 2.7754004 15.2778
420177051 292.018975 77.378608 4.0483695 13.766
387409975 310.743276 70.275792 5.0182311 13.248
334482103 123.272901 9.447684 3.7257102 11.0938
321086563 117.047514 2.123685 3.9704457 11.7222736
284679064 195.312675 58.419067 4.2102292 8.18232
258920431 288.465668 66.347938 5.9839451 10.7016592
257067559 115.680423 1.361299 3.4843271 15.9782
248655556 67.278845 -1.909532 13.1147744 9.79059
200723869 47.517261 -50.832263 18.3877081 6.3790962
239816546 87.18804 32.084043 2.9887654 14.0699828
239638934 333.592905 32.490119 6.0027375 8.72806
234489133 114.263688 6.716773 3.5985851 11.8109
160037058 336.709476 -39.789358 4.5815438 15.1889
159332859 232.809527 79.267227 4.4817684 19.0204
142784687 153.799642 72.010236 3.1711207 13.924729
115453244 83.653961 30.406374 3.8229149 13.5313
112316665 112.022979 -34.343112 3.7494409 13.2544
104986789 68.052102 52.252655 3.4580018 14.7324849
103751498 157.412341 70.527083 3.7146478 15.2308
350445771 85.467425 -56.740455 3.1901569 15.146461
102713734 62.199207 67.116526 3.397862 18.3834
37862966 65.854872 -10.471779 3.5838508 12.4141
21279791 277.291791 48.059938 3.0183134 9.10865
7548817 272.267029 45.3369 4.52074 13.7321
458641144 125.108796 7.588913 4.6965638 16.2589
62530991 132.541715 -2.979643 4.0266483 1.90189
458647887 125.421468 6.334945 9.5835608 12.6233
68007716 115.93171 -1.073333 5.4566563 10.9408
284418751 109.05005 -45.214851 3.587158 10.0104
157698565 107.48815 -37.230948 61.6277 11.7392
12862099 3.903273 -11.938264 2.4238226 12.2562719
234832821 97.800408 3.470486 0.7460577 1.77725
258983679 105.223561 8.095671 1.4711386 6.70217
151284882 91.399969 14.356915 3.817421 3.32507
37089434 98.01194 -5.479794 16.2709828 6.81631
220139435 99.021022 8.430202 3.6039259 9.20389
235333495 103.357151 7.266611 4.1554362 11.1924
37749396 4.773018 -9.96615 13.4758478 1.9840882
234160911 101.408331 0.668553 5.3376282 16.1323
456844391 113.407619 -21.468152 6.0210332 18.8835
191928543 136.507536 -39.548224 7.234064 18.5228447
176772671 142.566679 -18.843066 1.332532 11.4881336
189625051 144.287609 -29.800444 4.90969 15.2547692
146776480 124.356588 -34.466852 20.6006151 8.1782864
149539158 86.018583 -59.946092 2.2338786 3.1159001
269850928 69.427367 -80.507846 4.724665 12.5337443
308883808 152.492231 -12.178676 1.1645141 6.3506237
63898957 15.218141 -24.423993 3.3639254 3.0449863
63898957 15.218141 -24.423993 13.0393586 3.3482223
268914377 118.049909 -48.498597 2.1538959 16.0166732
234282389 335.268299 -64.71227 0.7320175 5.16324
149572298 86.441717 -61.660023 13.3572104 19.2978
38965512 11.477733 -66.833497 2.2687617 12.4983488
273850708 34.562228 -64.806837 1.8531628 13.5946
260537454 96.953582 -58.051575 6.3187442 16.8683
231076038 67.774353 -68.033517 8.2500143 11.8684
31943299 54.408387 -70.330657 12.4724734 12.11
70513361 32.534687 -31.070627 11.1452784 2.0671456
394346647 42.919909 -80.675467 10.3558635 17.6401
388202128 62.222329 -83.951914 2.4125012 13.7942
382259755 82.55168 -57.41168 1.2207037 17.4662
403288821 332.926877 -63.167437 0.5474737 10.9219
349410350 110.358754 -61.318059 3.0235362 13.178
300604770 113.559595 -67.748369 3.4562767 10.5605032
262829328 349.381113 -54.270063 1.0649771 12.4794
260541432 97.08024 -56.965142 0.8715953 10.5535
259901731 41.51867 -68.957624 11.4856846 16.3774861
120916706 37.108277 -25.097329 0.5568095 9.6870229
391900348 115.68867 -68.864513 9.7130596 12.3196
140067837 330.103141 -48.71064 6.6314357 13.188691
231703293 335.467524 -57.758448 0.907105 7.82059
386131764 111.590401 -13.925637 18.1960491 8.8304863
358557578 151.148732 -42.905058 7.4547813 14.5247965
119925436 162.41273 -50.599282 3.105494 14.1277
98753307 187.357691 -10.985068 15.3281169 16.4071897
122612091 41.040078 -30.169078 2.21674 18.2508
135036669 150.273202 -52.435796 0.9112206 7.3931803
162802770 171.130372 -42.732139 4.880964 9.7354897
448589187 166.3188 -34.122745 3.0652926 13.3524
152852327 182.166267 -8.747217 9.1720535 9.02881
385332171 181.692982 -16.510294 9.7439744 9.5314099
349966879 114.43704 -63.551482 0.3125737 8.09753
234527228 16.317956 -65.048931 0.5136096 7.4237633
231833236 24.174488 -64.876085 4.773751 14.861327
230980206 24.009341 -55.793785 3.375591 13.2361
159951311 49.562173 -41.302023 5.9242661 9.3440442
453100296 115.95416 -68.582565 2.229735 12.7809294
29830212 66.302329 -66.717121 7.3164282 17.3698
200805484 52.981538 -47.994691 2.967599 8.00413
166851829 40.357932 -52.362841 4.7277153 6.45464
231065398 31.900021 -56.14061 7.7898378 9.36784
160004025 50.902882 -40.211208 2.7985528 12.3741
31634579 45.374736 -68.945247 8.8759249 16.5775949
147456499 41.060793 -40.196949 1.2558789 14.1053
164767175 26.209253 -18.401384 10.7510107 2.3581827
164767175 26.209253 -18.401384 6.19132 1.759371
372817671 66.885596 -54.184998 5.0183771 10.7644
144125079 59.909995 -46.988413 3.6257584 12.2058
423672208 21.498236 -14.818658 3.790687 12.9604
423666115 9.289758 -13.941227 0.58228 7.80197
186936449 134.15896 -34.628475 2.8456505 6.4972
348684813 133.993484 -14.35529 7.7517472 11.6856
192076548 137.028642 -39.350904 1.1159326 6.17322
348835438 134.722645 -13.312579 6.203496 9.93735
166836920 39.897669 -50.008193 5.7525797 12.7442838
190721237 133.755005 -37.341245 12.9281223 9.974436
190081497 132.269994 -36.578257 3.1630387 6.82612
129372561 118.897492 -25.86546 10.7189647 18.5904
1018843 130.932185 -26.980824 1.9126596 2.2474
434496663 173.024957 -20.632635 7.2972359 13.2402
179033846 64.262587 -29.524909 1.476869 13.2219
420016507 35.419766 0.513621 3.4082154 16.7879
398736713 35.242357 -10.385468 6.4967452 19.5904
354517490 79.671516 -44.466494 3.4523955 10.2673
323295908 52.733981 -39.613572 3.8539027 11.8808
219253008 65.915528 -53.851102 5.066175 7.69012
219366908 75.439417 -49.284463 0.6293198 4.46635
209408136 45.019629 -32.74462 3.1292868 12.0419
200803270 52.705622 -49.715496 2.5981987 11.5397
200320748 76.314156 -42.128668 1.5292851 12.6875
161568891 74.431769 -47.021434 2.4756487 5.25914
161479081 73.369061 -45.034739 3.4711465 11.1759
159989004 50.654419 -36.751886 3.5746058 11.6965
155993822 56.110097 -13.108709 4.0944492 12.8011
98728690 44.173861 -15.055586 2.1415519 4.72287
92363023 52.68049 -22.003846 3.4180406 6.58171
220479565 75.846283 -54.177721 3.6977167 2.942044
71345362 45.115585 -21.26916 3.8821916 5.57096
38399060 54.095284 -9.374473 3.6506781 12.1655
30016082 42.96122 -15.632723 1.3225635 11.5804
140284353 85.314319 -34.832198 0.5566811 13.2433
139445621 80.674425 -20.42779 6.409365 12.1252
139445453 80.658108 -20.654114 4.3169755 10.9284
77958378 79.489758 -33.399418 5.8259928 14.0157
259377017 68.41608 -51.957394 5.6605693 2.4070872
259377017 68.41608 -51.957394 11.3795653 2.2539464
259377017 68.41608 -51.957394 3.3601377 1.1843718
56096837 70.127698 -9.890482 4.6636858 12.5117
44791617 61.836947 -27.26974 2.169466 5.81205
43604949 75.475796 -7.660236 1.9422802 15.1178
43475220 74.825739 -7.383684 6.1735306 11.2676
32677675 85.704592 -25.996545 3.6364993 16.4306
169448771 77.481063 -12.629684 18.010652 12.5654
457202957 72.210785 2.475949 1.8851834 17.0369
455036659 68.974396 2.431273 4.007232 18.1614
452810327 72.669098 5.387256 2.3540172 14.4919
452810326 72.668157 5.386163 2.3540163 15.1575
259511357 70.775511 -50.219478 2.4759733 2.8062638
408231638 82.349235 -23.761849 10.7448417 11.9772
396896334 62.594692 3.762823 5.7604868 14.0917
332660287 63.150132 -12.317659 1.2434016 5.66309
332534326 61.401248 -14.926746 2.4993895 12.9239
311239796 75.945973 14.305611 4.9640641 13.6926
284859630 76.989171 5.969123 7.5420435 9.55159
269077474 75.410841 1.840649 1.3164901 11.2218
248655096 67.288211 -3.189669 2.7625084 10.8143
176314383 71.554945 -0.804872 3.3759446 6.03548
268766053 31.909164 -20.661843 3.3098458 12.4316228
169448297 77.277149 -12.635305 2.1473577 10.0889
167714124 80.421253 -38.656827 4.162733 11.1057
153725446 66.413097 -43.72027 0.708548 4.66694
152477897 62.724267 -43.247264 3.3843865 16.224
119290630 96.610774 -41.416669 1.4875055 18.3083
100780304 88.651171 -31.859618 0.1846924 4.10645
100589633 86.453974 -32.947519 3.9471513 18.7538
51830822 97.895728 -34.882869 0.6711626 12.243
42763678 96.814362 -3.235402 1.7246234 15.5191
39724477 90.095814 -3.757326 4.0350169 12.5268
279740441 51.504472 -64.548108 0.7418594 6.0238347
34729329 96.069759 -17.053231 0.9953936 1.35321
34466256 82.46986 -9.158548 0.7029205 7.51559
34266522 94.847707 -12.762332 3.7170532 15.999
21505121 85.826619 -40.383532 4.5879078 5.59491
20069685 88.785064 -38.388989 1.9663653 13.2267
91869778 88.841655 15.37845 3.4771921 11.1486
445946478 102.193683 12.282471 3.3328544 13.2674
319473643 100.569452 -50.144165 3.1474843 12.7493
281979481 130.505379 -75.801869 0.5417947 2.8738733
301281965 100.260562 2.349279 0.5348968 5.99059
283303192 104.005957 -0.442588 2.9884191 16.3009
280212554 100.873785 -1.871278 1.1472535 17.228
237736186 104.075097 3.83621 4.9208778 12.4437
237632488 103.503578 4.293583 0.5209929 18.4513
237552878 103.054435 3.357831 4.7838171 11.571
235448190 104.055648 6.731795 6.9724832 18.9679
373844472 81.516646 -67.232772 0.9195617 8.69931
231157209 100.613362 6.816715 7.4710819 12.8097
170367033 103.204081 -44.550824 4.9197461 12.6447
168191686 101.578458 -3.72159 1.6281719 15.3377
148233571 101.346587 -41.249216 0.9422588 3.75015
148004811 100.136001 -37.056243 3.3187528 9.77184
147437399 104.906202 -17.404791 1.5622382 18.0467
147034452 104.240485 -16.746469 4.5302876 12.3919
134315574 107.356081 -44.683482 1.5971584 17.7465
382188882 81.353084 -55.019925 4.8000953 17.0718101
130611752 105.752117 -43.493068 0.4405893 6.74949
96736412 104.823819 -31.38747 6.1214801 17.6327
79431527 104.244375 -19.683669 3.9072351 13.9055
53122063 102.751656 -34.738847 2.276734 10.8605
52976395 102.339612 -32.28248 1.0191022 7.10309
284288093 106.631185 -53.534681 7.2748135 17.4324
48806546 100.642573 -20.24152 0.934057 13.4544
443556801 99.364134 -15.481203 1.5080197 3.01287
439456714 19.076698 -20.953277 3.9934418 4.2556645
438057373 95.182655 14.783576 4.5697688 17.1535
437893926 94.017995 15.270666 3.8454384 13.6848
420962989 82.08319 -19.621497 0.5993364 14.3367
36574157 102.412686 -0.495979 3.7804749 17.9247
35636165 102.219197 -16.780503 3.4590552 17.1001
35483319 101.968908 -17.724863 1.9297769 7.58229
332860211 84.626068 -9.83753 4.4445101 14.6892
319735319 99.678448 2.43106 2.9038027 13.4427
244161191 4.883562 -5.911561 0.299039 2.5153001
317546777 88.244157 -16.286213 4.9062135 17.7815
317417916 87.820416 -13.381044 2.7636665 5.94208
302766000 82.878464 15.771332 0.2573207 4.81101
281987399 88.908628 1.167967 3.7576217 16.0563
270677031 87.554742 -53.330742 4.3217658 12.7289
255756918 99.631107 -49.444946 4.0646554 8.30577
251209368 95.47532 -4.321544 3.0071496 8.05598
122613513 41.18845 -32.211043 11.4707838 1.86599
237406657 96.172915 -36.929228 3.7482756 14.0065
237362186 95.110693 -38.17295 7.1185659 12.5411
235077268 86.473805 -46.94361 0.3559702 6.23347
232139628 90.627138 4.150327 4.7654865 14.441
232052748 97.367971 -46.177185 3.6337247 11.4562
220076110 84.152719 0.896279 4.808498 15.0839
206897186 97.187829 7.699212 4.2380604 13.0206
160347548 91.437408 -33.187516 3.994474 18.9963
156887426 99.011337 -45.280583 1.4367914 16.9266
42054565 24.168388 -36.414011 10.1843061 2.4497061
147804034 98.617856 -41.147731 7.7538288 9.7807
140287227 85.500078 -31.873186 5.4139736 15.5249
139444326 80.731186 -21.955687 3.5266608 5.79479
124379043 93.11474 -23.492496 1.962292 17.4523
44764338 146.418889 -38.887361 4.8033954 4.4901713
193220940 157.921439 -24.224832 11.4045112 4.0961
11936042 146.114558 -35.104589 3.9919157 2.45988
192988021 155.316019 -25.109334 9.4453763 1.77547
45655786 149.034708 -38.088834 3.1660849 10.333405
38696105 66.136252 -60.129932 5.5765364 4.5613031
80682484 165.955117 -50.887152 8.4035706 2.0563
78775584 143.466543 -42.714874 5.5553784 13.2411
105801221 156.685218 -38.042191 3.0750728 3.62818
133427311 120.850783 -38.715281 4.5654898 14.6507235
268187322 116.249354 -48.750526 5.479335 15.1849562
306663205 107.708648 -12.833057 3.4044402 15.4118
131581522 118.347733 -36.800418 3.059168 13.504
285526706 120.031887 -42.172067 6.2804387 9.96788
151483286 119.059818 -35.11671 4.0397189 14.2282
29781292 65.238307 -68.102688 56.0045056 4.6074444
29781292 65.238307 -68.102688 31.32312 2.00987
29781292 65.238307 -68.102688 84.2607645 3.4359102
29781292 65.238307 -68.102688 22.8909855 2.5594629
130948731 117.112936 -41.851643 13.3454771 12.027246
281489322 110.862995 -50.24341 0.2856701 13.6948
130349701 120.003728 -28.633446 2.8798613 11.5292
128135100 117.680162 -28.321662 2.2087864 13.7924
268496304 117.015231 -48.182978 5.9492615 11.6197
440775339 108.721945 11.989395 5.3393042 7.70059
268042363 115.628942 -53.037166 4.6141256 10.7957
114103134 113.981399 -30.748672 1.1468708 11.7343018
382626661 118.569306 -65.441482 17.6174652 2.01411
307456716 124.346776 -17.493754 4.2555436 8.01392
259165246 113.519372 -15.933992 2.6926692 13.9087
107340585 110.910659 -26.711311 2.6889686 13.0858
238335094 120.662363 -49.593238 1.8947564 6.7240044
156172268 124.385982 -28.046133 4.6391531 13.8244
98286422 108.496989 -34.939529 2.9646096 15.291
144628120 121.482329 -30.93849 3.2379325 11.1634
81231810 106.616499 -18.80809 5.4521068 15.3694
182470056 123.753462 -36.248077 0.879268 11.9007
277103955 84.254356 -66.790853 1.3090665 0.97952
178577607 108.649235 -6.835297 1.532427 19.4762
79930628 120.820607 -42.411054 2.1663502 14.4558
178162579 108.044207 -10.63934 3.5514016 11.8731
79030066 103.639572 -20.288853 1.8882882 17.6221
387342052 110.203228 13.01869 3.5524144 8.52936
66151343 108.905266 -28.059293 2.6792695 13.9979
175604949 116.689433 -39.131536 2.648845 11.66
61687533 109.412182 -6.372974 2.9510628 13.623
220459976 74.697171 -56.393814 32.332528 3.028709
453105377 91.41105 -41.288263 6.6329154 7.47324
174206540 113.85425 -40.877509 4.8257226 14.7924
52869977 102.113987 -32.457696 0.400777 10.0625
50989813 109.100834 -4.730664 0.9008643 13.1071
437156845 123.43693 -18.877652 3.4906402 8.78597
172630205 101.010233 -26.030612 0.599092 11.5931
419148828 120.614522 -35.485708 0.6216031 8.6439547
150030205 90.984276 -60.666335 4.5117221 1.40246
150030205 90.984276 -60.666335 39.361947 1.84555
157572174 106.939794 -38.43372 6.6269971 11.1341925
231937059 93.577763 -42.883675 11.4874782 15.5181
412257781 110.446018 -22.597941 1.1894812 9.44872
231337271 97.015646 -35.398536 0.451685 9.82852
409896170 126.898381 -14.125433 1.5728416 12.7462
156949982 104.345323 -40.578998 5.6392638 14.2003
147857396 98.965621 -41.56033 9.3803217 12.1477
2758565 356.283058 -17.449264 3.7815683 17.6651495
14709225 111.797558 14.957871 5.7655904 19.7343
155807906 123.825652 -29.23165 0.4057204 6.83767
151930063 119.619171 -35.664564 5.2201338 14.7463
123106490 113.755213 -43.876527 3.3004862 8.5365984
385658469 110.778713 -11.990525 3.4142143 15.9231
10827386 110.247353 -21.114638 6.2996307 9.36407
348477542 121.311321 -16.595309 3.4074188 17.1042
4999813 107.358337 -1.732243 2.0849517 4.65169
146836153 124.319317 -30.632887 2.3252878 12.8754
47316976 340.307693 -28.032657 711.7473963 9.065007
344140617 108.412415 -48.696216 4.7799716 13.1891
320541238 109.29759 1.114636 2.9301843 13.1989
142405475 103.039992 -12.68971 2.0083269 4.99539
318413374 109.640338 -9.70194 2.935886 14.3093
140019355 115.517784 -18.889988 6.3350651 15.3432
318796593 110.007657 -10.569841 1.6020002 18.6498
134183038 121.985508 -39.014522 4.9182798 17.0084738
355655412 137.699604 -50.922 3.1958886 16.4567
342167886 122.890573 -57.315237 17.3076615 17.4207
340559155 116.213624 -59.551153 14.9502738 15.1651
340144218 113.57776 -56.581794 10.3629429 7.36873
315120585 145.428958 -24.78535 7.4190257 11.48
315117300 145.329475 -28.354658 8.7858955 10.3307
310537530 128.916062 -62.114976 1.3475728 18.0939
308987429 122.960237 -61.733279 12.0040505 7.9538
308612785 121.487048 -61.667199 3.6128161 17.5748151
307366709 125.68696 -67.723522 4.0874138 17.2785
290302097 136.335932 -62.966781 2.9918201 5.2899
268125229 116.065365 -51.874845 3.5947639 5.10241
267536225 114.184839 -53.204584 7.5010022 7.05091
192259856 137.390723 -37.796842 3.7062792 13.4147
191671884 135.94385 -39.21708 5.4631023 5.85793
191496430 135.668568 -37.016822 3.0688259 9.43298
49710555 352.16451 -10.85962 12.08837 18.1866
141141249 129.080557 -46.365534 1.7701321 10.9547
118406995 128.826991 -56.640286 8.7614828 11.807
101588793 150.480802 -31.738573 7.0317936 10.9551
90127880 127.623784 -48.820612 3.0515894 15.5322188
76663549 140.683121 -45.092394 3.9216762 13.1754
74881311 138.138217 -46.400703 9.5680636 9.53977
74274839 137.261531 -44.69446 4.6957057 10.543
180285396 14.714189 -36.688474 10.3688702 9.6582457
48210046 148.043561 -34.637781 3.2003149 18.204
45896295 131.498216 -57.970633 3.0044799 13.4546
45492609 148.530378 -36.533331 1.3605223 5.14347
45299834 130.312867 -59.003312 4.3226285 12.2227
45048546 129.565989 -54.087096 7.3498345 10.9465595
44510874 145.470604 -41.4836 1.5720089 8.25698
34499178 146.894352 -44.938923 2.4249041 13.9253
33651215 145.556049 -43.004208 1.3868302 14.7174
33159936 144.684864 -43.027284 2.8457134 10.8106
31975443 137.057803 -43.58446 2.0391352 11.8618
355637190 358.154531 -54.468938 0.8054361 8.06243
30300445 133.916868 -43.399202 7.2041454 10.8839
29505837 133.202995 -43.353789 8.6681997 11.0832
29418536 133.035477 -46.012169 3.2569118 15.9704
29336129 132.871698 -47.739206 1.6363822 10.6745489
28945511 132.464537 -43.285817 1.1239749 5.17993
24837152 142.271234 -34.764775 5.5698287 13.1629
22020459 147.853628 -25.593913 1.3328042 7.33432
11417087 145.935851 -25.544412 4.942456 12.1509
5485318 149.759485 -22.94676 4.8306667 14.4419
188570092 339.02584 -17.000305 7.327945 9.49027
4729001 141.424753 -41.762818 0.7127815 16.3576
3840990 139.819823 -39.68824 3.525723 12.6783
3233861 138.829697 -37.410488 0.7123317 13.7901
286152207 123.958625 -51.130941 3.2006677 15.3648
302798365 135.596925 -70.947587 4.9186433 10.544
357896777 138.357768 -62.446432 2.7557652 14.7906
357299852 136.925615 -65.641899 2.8652288 13.2096
327952677 359.091858 -13.271638 3.3969441 14.4039682
356206412 133.789047 -65.572667 3.2690486 12.349
302527524 134.192664 -68.510453 10.7844934 6.26037
464326872 155.862144 -55.935756 0.5542332 16.3177
463508231 154.066894 -55.712617 4.127728 11.0098
463203560 153.250338 -58.763396 1.9905105 5.94241
382463648 353.105143 -45.909568 25.2580075 8.7026468
446684383 156.12964 -49.765876 4.6259138 14.9419
444394183 147.510243 -55.451603 4.0211797 16.4291
441334829 145.150907 -55.815548 4.4433921 12.1784
439512298 143.626372 -56.592738 3.8331282 12.9506
146841337 160.908055 -47.790465 4.2672965 18.7854
136504576 150.73136 -48.628391 1.5252473 9.59771
103245940 156.596157 -44.177389 3.2517862 13.6873
36452991 150.062625 -47.445244 1.8237148 12.3326
115242351 6.17695 -36.114458 5.6748327 11.6571011
453452264 169.648172 -11.977097 4.8405428 8.96118
448536355 166.000894 -30.171945 2.8371201 13.1836
437253811 169.921678 -21.249763 0.689421 16.3132
423393242 157.270287 -20.929269 0.426988 11.5872
413372087 160.936851 -21.540781 3.4859402 14.101
361343239 143.926518 -60.357476 2.3505698 12.9823
315096343 145.160952 -26.642033 4.3497551 7.82395
289931756 176.258442 -12.411672 3.5910692 18.7998
287145649 163.487394 -25.524599 3.6015056 12.3972
211446495 165.802238 -9.96347 4.8701613 6.13443
168449943 166.841016 -27.218365 3.4287311 16.9576
168405330 166.534888 -25.014827 9.162268 11.8107
168384845 166.479877 -27.768338 3.8996784 12.1415
148497855 163.771561 -6.478452 3.2783445 8.32327
141631253 129.802678 -44.370051 1.6709011 5.3730452
105759569 156.387891 -37.407655 1.8865581 7.71451
97825640 171.231675 -27.062362 3.1228396 13.4539
156075294 10.594621 -48.293622 5.7217124 9.1008936
73433128 154.711314 -41.194007 7.4659746 15.9063
49046332 164.359312 -34.690336 5.5809252 8.10167
49045066 164.316564 -32.322438 3.00782 12.7824
36381058 150.061473 -44.016324 1.6566182 15.7246
35855047 149.079889 -46.62453 2.3627442 5.15542
35652085 148.72505 -43.688471 2.2060441 18.0034887
34737413 147.174566 -46.080575 1.5297119 9.91839
34505005 146.921503 -46.86526 5.1627718 15.0573
166697854 35.737437 -53.070195 2.75753 6.99891
23435610 168.196196 -32.852693 5.20807 16.3192
468977648 143.945436 -52.371382 2.090218 19.2766
400762242 134.578932 -50.238323 1.6224281 7.12755
400395395 134.002198 -50.328351 3.2891219 15.1457
386297468 139.190353 -59.528015 2.0958074 7.63843
384034837 135.63986 -56.012801 4.2768515 12.027
383666033 135.035068 -56.069246 3.9678136 2.81756
357634632 137.948702 -60.624704 3.365343 16.7174
144301052 354.297402 -42.010321 3.7440143 7.2887349
357202877 136.943889 -61.011529 9.5537684 18.0441
383949205 135.5761 -57.527088 5.4722557 11.5748
383806208 135.238555 -56.556931 1.7946783 8.71041
357801293 138.006878 -61.463614 4.2745762 10.7453
356200601 133.394721 -62.783451 5.1139634 12.9912
122418622 133.702194 -55.479525 3.052529 16.9171
45684223 131.14418 -59.19729 6.5832019 7.13313
45296362 130.09764 -58.977679 5.9594909 12.8042
229111835 17.481278 -52.239486 6.70145 8.15246
45191604 130.155224 -57.223839 3.0327366 19.6858
287721202 126.368785 -73.258972 8.990904 10.4018
454248975 165.315823 -72.356704 3.9014904 16.2567
452576848 142.531213 -76.220601 2.5071775 14.7740421
452464529 139.044906 -76.505813 3.6794732 11.3997
449491381 160.711159 -71.890559 4.8206566 15.025
282091492 135.300422 -75.088116 3.3794034 10.0889
145750719 341.364034 -14.991775 3.5608112 10.4972
401283491 188.120105 -50.314168 3.4677103 12.3649
390157607 183.561597 -56.773252 0.3859142 7.76491
376209245 179.184668 -56.756623 2.1357662 18.0173
373033374 153.120744 -67.255542 3.412893 14.5305
372596795 151.501627 -66.898002 3.5366051 13.8209
371864043 149.324748 -68.779105 2.9599541 15.9636
360706000 142.584862 -65.217734 2.3725483 14.8302
357538688 137.549077 -63.406609 13.2681095 11.9718
344568128 156.217054 -69.29013 2.3304358 17.6763
323966987 176.928172 -60.068872 4.1343989 18.5459
316652224 171.95644 -61.531221 2.7020875 15.6063
302003748 131.475658 -67.411708 5.939725 14.4394
288224503 187.315131 -51.00392 2.9489639 11.3327
287584141 184.612759 -56.002127 2.3097953 12.6197
269859655 148.573222 -64.296904 2.9919962 13.6621
267712001 176.291571 -55.498787 2.8281656 17.6399
160522555 189.473702 -49.115185 1.3071566 11.1657
67622702 182.263818 -55.394539 0.58007 16.4382
464711858 156.943489 -56.760433 2.3483946 19.5614
114749636 359.191512 -22.153232 4.60273 11.339
463681005 154.513775 -56.787877 0.5465391 9.5365498
463343283 153.673619 -55.379354 4.865928 15.177757
462135459 150.38774 -59.339479 1.6995805 11.1546
461968320 149.941406 -56.077873 12.2027867 9.74784
459157691 161.949345 -59.033182 7.4365725 17.5053
457268255 158.941809 -50.498637 3.8277062 7.97984
9100874 350.578516 -22.67741 6.1668344 17.0195741
452006073 173.279052 -56.503387 1.2669382 7.13535
451084885 170.55529 -55.528909 2.9828061 15.4283
448744179 182.339327 -32.886681 3.1420872 12.6134
447891218 157.99031 -52.179142 1.8030565 8.89917
443341002 146.924252 -56.98976 6.3599636 13.6678
443042089 146.555933 -56.299385 0.5496848 10.6252
281710229 11.484724 -55.922662 8.3092965 14.2736
439926641 143.84521 -57.864852 4.5744909 16.8715
432467894 146.539767 -49.577322 3.4365075 17.7367
428699140 195.908072 -19.218984 1.9268037 3.42735
397423462 178.054473 -27.517679 5.1057571 10.9206
374158843 159.910145 -48.538112 10.9506335 3.17264
347715478 182.850444 -11.997569 9.3096136 9.9903
274911536 149.573667 -58.926569 4.4163989 7.89614
272885406 161.701642 -49.048228 4.3653308 14.0676
272645619 161.433493 -52.538148 2.8396238 12.199
270075071 149.062666 -60.00347 4.2839945 9.77904
163262555 173.074702 -47.496395 1.3683875 8.79209
163260812 173.137772 -46.315267 4.7323433 17.3410428
163030461 172.108389 -45.016427 2.5543095 13.5543
175477257 351.105814 -36.975998 4.2695675 12.2342646
162620529 170.330028 -44.30802 3.2907468 14.0568
157213708 175.816278 -30.073164 4.0467915 12.8472
133129971 149.409755 -51.335534 4.3437796 11.8307
124454726 198.803835 -31.368751 5.3332571 5.82279
124453339 198.648685 -30.722726 1.485163 8.99362
124174267 196.726352 -31.716391 4.7343852 18.0528
124146529 196.472218 -31.791555 6.900352 8.86463
434105231 354.335773 -13.455795 0.7962992 14.8058
104022675 195.986628 -32.436442 0.7428708 7.86186
103832313 194.760859 -35.972917 4.640636 13.1303
98662211 185.727447 -11.599585 4.2842284 14.0459
94011343 176.36839 -50.888443 4.407111 11.7059
93093765 174.699184 -52.400336 2.7961137 7.7487
80778619 165.951263 -48.526307 1.6484941 9.6099784
73082014 189.667798 -45.416556 3.2689953 17.1329
58461209 201.376867 -28.413642 3.8098324 10.3911
57793060 174.759354 -32.190584 8.907516 14.3733
180145006 14.523332 -37.942558 3.541231 10.6621914
61117473 226.954057 -28.156608 6.1836286 13.3233
60768923 211.217739 -29.947758 1.8703411 18.6634
454918388 178.147139 -77.417249 2.2545904 11.3495
160023 223.71844 -29.152093 6.7565519 12.7591
454876465 177.840549 -76.87837 1.8246123 18.0134
17361 219.336233 -24.958522 3.606557 13.2514
453677947 157.261362 -75.214992 2.3155132 7.00521
4711 218.918812 -26.179337 2.3348152 11.4665
9102327 350.779775 -19.41965 3.2615 5.07097
2876 218.820321 -25.055977 2.6274574 18.5088
448923766 214.426637 -70.36436 2.2664085 13.4164
448775221 213.370342 -68.010933 4.0902788 13.9755
448098793 207.859228 -69.772563 3.7065603 12.9758
270347814 215.522835 -30.512524 2.8740048 12.2262
48661942 229.740751 -28.410491 3.9628496 9.64171
316769613 354.668284 -32.860745 10.18108 2.66019
394443982 200.21869 -73.774851 4.4338805 13.6095
361176558 192.621574 -75.651848 3.7724947 13.5487
360816296 190.950263 -76.69611 3.5505931 17.9407
360816293 190.946764 -76.696666 3.5506084 14.4767
323980895 146.086848 -79.545167 4.2814436 10.6824
66356824 12.076269 -32.119461 3.55562 11.1675
36607746 225.524773 -55.288205 1.7257597 15.2188
467484304 168.613521 -61.55911 0.7815064 11.9775
465176038 162.663087 -60.847019 4.0333818 13.1197
457272901 203.531487 -59.575607 4.6492201 8.96002
457110913 202.922779 -58.998117 0.7463239 19.7419
451254008 171.015386 -57.543638 6.8561604 14.3692
449549170 200.464421 -62.542122 1.4753526 5.30533
440872576 224.565856 -27.68255 3.9712794 15.3233
438777551 201.760571 -53.448129 1.4010338 18.1441
425316308 191.088792 -55.013313 3.0749168 15.2762
419946164 202.818012 -48.69895 1.7765395 16.6
411796826 219.168773 -57.009862 3.0959309 17.8437
410554986 214.225596 -55.013245 5.1745185 13.926
403911354 188.458725 -50.597457 4.4814049 13.8048
402319411 353.540235 -14.860039 3.3262977 14.7729343
398502253 161.321203 -68.46059 3.0031058 16.5290691
398466662 179.944412 -59.17366 8.7719993 13.7272
392112968 174.287225 -67.519336 1.1960086 15.4837
389999924 160.108553 -62.685964 4.7606207 14.527713
383410746 183.95117 -64.567485 2.114655 14.2745
378227267 155.142566 -62.650952 4.7076648 15.3769
206352378 355.015732 -53.039017 3.7463765 10.6334288
372960748 152.638846 -67.577925 2.0963263 12.906
372596796 151.49954 -66.897501 3.5366743 13.338
372448111 151.311753 -65.941982 5.0700956 5.54459
370385007 225.991509 -51.182394 4.2174286 18.2265
366248595 226.648869 -47.225034 3.6071588 11.5952
363661031 200.003563 -47.707563 3.5601365 14.1499
245027119 197.579939 -48.908885 2.0084283 16.5313
363202582 147.149005 -64.564647 1.5659063 18.7417
361998994 145.2336 -63.487213 1.84996 13.3315
389753172 351.290752 -47.945596 0.7135373 16.1586
344745774 156.680692 -66.504894 2.669856 16.192
342375120 204.385594 -66.251049 4.4367891 16.9119
333511802 213.320899 -60.330954 3.6179419 11.142
332880327 216.271435 -53.504985 0.6676722 17.2447
331297805 212.596515 -60.138326 4.9816829 9.90628
121625070 225.760711 -37.303281 2.1271199 13.6834
330885564 213.95997 -50.538725 0.6756067 6.27738
188593930 345.522623 -16.360699 1.46503 5.43222
329691586 212.54751 -51.453035 1.5169786 6.64263
329609449 212.569448 -50.104977 4.2442882 13.1653
322862882 218.476437 -24.652822 1.2361087 8.82245
321802774 206.103286 -64.496601 1.9405161 15.0354
319949055 174.389345 -65.307937 2.3577049 11.6588
175476629 350.977923 -38.225789 1.14057 6.52263
323002911 125.684734 -79.967892 3.5949457 11.7369
316236118 171.894125 -65.144422 4.1943867 13.2866
312508092 210.678525 -52.863246 5.7759952 11.5628
309436531 138.805858 -79.774383 3.2136333 11.1273
305739565 206.026527 -32.522975 3.3704313 13.6938
305492348 178.575415 -62.37515 3.2969977 17.145
198077394 63.825203 -56.253674 3.990533 16.0765989
303686889 139.599794 -66.646095 5.6320791 11.8957
297457992 180.242096 -69.945817 2.8317721 17.0328
295233473 170.310352 -66.172341 2.3720554 7.05055
294365631 168.864866 -66.837395 1.8118703 18.0792
290263093 173.708318 -64.73169 5.21228 19.3512
251852984 8.20273 -32.059418 2.7723915 6.3703129
289445553 219.321096 -48.051596 1.8200065 11.7988
280857321 173.32243 -67.449283 2.1738256 17.3093
269439355 148.00043 -63.075191 3.3898234 14.9878
265633507 174.569775 -56.962612 0.9787891 17.8038
260776145 189.182345 -52.057029 10.7012764 19.1102
243641947 207.473849 -46.066514 2.5926199 11.0137
242460075 214.31811 -44.33969 2.9098435 13.2842
241569046 206.981105 -49.721915 2.2310803 16.1961401
241514551 206.327123 -50.480521 3.8600722 10.5393
241326434 204.13817 -51.044343 6.8380862 17.4994
209923610 211.181028 -55.447698 3.0001627 15.0659
209707800 210.884268 -55.44311 2.0519085 14.7471
203476998 217.801851 -23.054805 2.8977031 17.057
179715231 213.538657 -37.558384 4.319754 13.1542
167597352 216.219416 -38.014361 5.3305676 15.5434
165667705 203.846742 -38.28398 3.2782956 12.1111
159262969 219.568388 -40.751081 3.2420704 12.4447
66413476 13.877098 -33.512305 4.36907 5.94716
125424836 210.096262 -22.34234 3.2806578 11.5452
112037211 209.185479 -35.288854 4.3636327 9.0556
112037203 209.183512 -35.292443 4.3622356 11.0608
83395136 214.96711 -28.921092 2.2458338 8.19934
322901324 124.321302 -78.014945 6.3096313 6.46255
68523365 202.792828 -58.289062 3.4470312 11.2549
144336525 356.11482 -46.866601 0.24733 11.0751
370138999 48.785978 -75.72207 11.4520097 9.64471
358070912 47.728524 -73.531972 0.8831279 4.3749094
280096473 46.360258 -74.472778 12.8770845 10.8337698
469821652 300.625098 -74.344504 5.6155837 7.87868
468055102 286.481864 -35.815774 3.3133491 14.7466
451566438 270.950419 -86.309236 3.7462806 17.5312
410372968 290.91348 -70.609525 2.7674682 11.0509
410358456 60.057545 -87.911943 1.8641295 6.95296
410314178 37.613585 -84.053383 4.132031 3.73783
406236094 292.968878 -52.645652 4.1394473 12.776
388280249 126.256924 -85.1578 3.146714 12.1786
372443687 318.360827 -66.481594 4.2955192 13.6703
360822008 304.233188 -55.874695 2.9075077 12.0308
325275736 318.356223 -73.064186 20.5020769 11.7145
320327056 295.508668 -59.35635 7.0327412 11.4154
319568619 290.856966 -54.330649 1.5265889 12.3611
304130406 291.866861 -62.094877 3.2464257 12.7086
179987678 11.092003 -75.629805 0.4191451 6.1769613
139357541 349.487743 -43.925529 4.4781603 9.2972393
290302491 328.277886 -77.198103 3.8348994 10.5061
254142310 286.528834 -38.990524 9.3108074 10.1812
219924802 298.522938 -53.381214 2.9478339 18.9265
201660996 288.951272 -56.354296 3.502221 14.1347
166220082 295.191984 -49.420378 0.8102219 7.01523
114181798 295.315233 -35.246927 2.7022764 15.3559
113648563 293.856895 -38.43229 2.0325685 11.846
113117112 292.757611 -31.633962 2.7176413 17.2275
79920467 297.110316 -43.018001 1.4338615 12.3818
31786438 289.343349 -33.054784 1.4259934 12.6369
169765334 351.321095 -15.634631 5.7042858 5.0247868
31697707 289.140291 -34.781754 3.910946 10.6878
464593883 286.967116 -63.991599 9.0653768 9.03928
464481762 284.211364 -61.717588 4.2545208 13.8532978
464445045 282.51078 -62.094156 2.589659 14.9823
464280516 279.640407 -62.301798 2.5658729 14.4803
456574511 282.011353 -57.545386 3.4379994 13.3167
456560485 281.55889 -57.694363 5.9493696 11.8844
451538240 264.825476 -87.299445 3.9349141 14.3155
407772585 274.804997 -71.793902 3.0537856 17.9453
390723664 281.311417 -47.086382 2.9264345 6.98436
27966179 358.751682 -22.538908 4.2794669 9.0099926
384299730 246.034734 -82.550772 6.6926834 9.62132
384016413 240.470403 -78.602561 5.451593 11.1974
383299778 185.130699 -84.916673 1.5570251 10.9349
381982417 284.048901 -70.249425 8.6187455 15.6647
381789320 270.132239 -52.68301 3.4930546 13.1021
380775661 269.546056 -62.477432 2.025289 12.3405
369861731 161.042028 -86.319954 3.8780401 8.5758
369861728 161.036801 -86.316421 3.8784358 11.8812
365021641 271.991949 -49.555097 7.4832824 12.264
262531275 20.419256 -42.481783 2.4843369 8.59746
364072092 267.445726 -53.407556 1.3828196 15.7062
337274055 269.063581 -57.100597 4.8435717 15.3767
315398848 279.610687 -40.802254 1.3677581 11.144
312030014 264.934249 -73.37763 5.2330803 12.7241
311565540 260.706965 -73.434885 4.0668012 10.2315
311292015 258.402253 -74.303176 2.9519989 15.6964
310267134 251.382358 -76.937828 0.5438807 6.46581
139285832 348.058952 -44.876485 0.77685 3.28324
307320565 267.895964 -63.005947 2.625748 12.4597
306648160 265.760335 -65.008252 3.6525305 14.7302
306357884 265.087598 -63.251885 1.0571733 12.0066
305512837 262.640686 -64.723142 3.0223957 11.507
304695574 278.474993 -70.946262 2.8090597 12.0828
301455423 256.43032 -70.909631 1.0664194 14.3422
292477426 281.602174 -68.126095 4.1794516 13.3164
276647494 266.123677 -79.594616 10.1923252 5.40312
256158543 266.880985 -79.466679 5.0648278 13.6307
224245334 353.357499 -41.171521 3.7852328 4.7864833
255768108 268.693269 -53.392923 1.0815202 17.3782
194795551 271.324167 -34.107171 2.0180196 12.168
160930264 276.041754 -51.036649 1.9242952 16.9815
120033290 279.109348 -57.452396 2.265394 12.6882
119089245 275.147902 -58.253155 1.2436504 11.1385
86419190 271.923408 -42.543178 1.4893582 12.5424
233964642 36.498718 -63.647607 17.9160113 18.2667
75919790 268.399733 -59.653938 8.6369598 13.0862
75076261 266.358966 -56.882951 5.9709305 12.3371
58046864 275.164944 -39.220957 2.3651663 19.4747
57093805 272.450977 -31.891545 3.2229781 14.58
6404965 283.664945 -47.994244 4.8692603 6.32448
131581531 118.348267 -36.803031 3.0591641 7.01214
131347421 117.924589 -37.171337 2.6156239 4.05281
50909831 108.967811 -4.24652 2.0272642 13.445
41865539 21.32225 -39.947872 1.26092 8.46782
4959676 141.699699 -38.626819 2.2358979 3.28794
941340744 162.916411 -44.985551 4.311529 15.9679
33840683 64.841462 -74.585973 13.8198458 3.20854
391903064 106.529815 -75.819559 4.6658007 2.17821
391903064 106.529815 -75.819559 8.8176457 2.36114
260367888 95.151882 -59.754672 46.3810093 5.7534556
382045742 79.323673 -59.068391 15.6600896 2.14305
229138584 25.719671 -48.78843 2.9122454 5.08343
412259468 110.390835 -21.93839 2.6535777 6.685956
146244533 133.542032 -48.072792 8.8088443 10.7596
360714300 142.919776 -63.367397 15.8118347 2.24252
55452495 70.670279 -64.885209 17.7082945 11.7171
342343963 123.676678 -55.642735 16.7375044 16.0108
440324561 144.456031 -59.115086 10.5634342 12.1545
464300749 155.984143 -56.843117 18.0953159 12.0619
280655495 144.537771 -49.335223 5.8769438 12.3925008
34297761 146.497112 -46.267641 5.3928876 12.0135136
220547837 155.332076 -50.081462 8.4562659 17.3093
131419624 118.086505 -37.720846 7.2611991 15.4357
131250246 117.781828 -41.578402 2.3506831 6.39563
186470510 132.699163 -35.006901 3.5071842 11.2416379
186459119 132.627958 -31.982173 6.534605 12.2512
185482513 130.052164 -31.994286 1.2368321 7.3968
130797885 117.091727 -38.018985 4.7260751 14.7931
184670625 127.670065 -40.280004 0.5241284 16.7968
133655284 121.289884 -41.187617 2.6101478 15.9448335
130191319 119.75408 -25.648554 1.6117444 6.63491
116156517 7.709529 -40.573461 5.36777 14.2607
176148945 121.585737 -22.094073 2.0086823 7.75485
13737885 133.755772 -9.1652 4.4575332 12.6057
175317833 152.043987 -1.217947 9.7325799 14.8778005
118603213 130.223468 -19.851233 1.8592079 16.4056
175079720 115.874489 -38.90883 2.2623261 4.86815
174426662 114.317625 -36.27316 0.8855539 5.05228
173860688 113.103262 -38.574805 0.845657 8.90314
419419534 121.093981 -34.262222 1.680148 9.76407
96055535 146.64134 -8.604797 5.4033373 18.9875
173824688 113.153512 -41.725403 4.7131119 19.7629326
173260345 111.598673 -40.765592 5.2059716 11.1254
59536337 109.132322 -44.168203 7.8373997 7.62042
154616309 122.217093 -28.937824 3.6250244 6.80665
46999289 143.540873 -7.433444 6.2088405 3.5693526
26051436 150.923685 -10.575236 3.6689529 13.2074
133107143 120.538954 -41.205439 11.2205176 17.0919218
18795429 138.098314 -33.256815 2.5087868 12.9918
152326573 119.870056 -30.006131 6.1458884 18.4029
410159011 133.44721 -18.003195 2.623354 16.3338
152005053 119.508998 -33.996094 1.3847905 11.9783
7904580 133.207393 -1.606521 15.8346011 16.7304
405485201 143.731993 -12.25044 7.7605254 4.92551
33911302 355.844989 -23.998023 1.81383 11.581
396794358 147.482896 -14.733219 3.1405783 11.93
149745822 116.538349 -33.48309 4.7114264 15.6522
131348451 117.917125 -36.81567 9.7355768 9.29033
386456916 128.20788 -13.064342 3.5714448 18.4074
145910571 123.261857 -31.320175 2.3626917 14.4588
332710679 150.389098 -16.126786 2.7194615 12.4906
293978434 122.430787 -22.868692 1.5971426 7.98964
145023816 122.092607 -30.09545 2.8389301 16.9204
286099128 140.84562 2.932484 3.7788779 13.9739571
283702603 128.800451 -27.407594 0.6691882 9.96751
144682439 121.663414 -31.944461 0.765415 8.47671
277833423 156.229013 0.435829 6.1786733 18.581
144467913 121.316468 -31.849047 2.9526508 17.072
134551640 108.858976 -42.44809 13.9311096 14.0219
66497310 356.045365 -18.889525 1.7563116 8.3651129
118329434 129.445897 -19.63472 5.0949767 15.7588
270649648 136.852675 4.289924 3.919695 19.0078
270471065 135.455975 0.969613 2.7765784 6.07883
270457662 135.313863 0.841828 3.1510024 12.7872
238162973 106.432017 -49.520598 11.8885643 19.2143
132320310 119.365428 -38.970243 1.3955317 10.461
132313173 119.412446 -41.241508 4.9873145 12.4458895
455272393 146.331746 3.094481 1.6660179 10.257
394338713 151.584825 -79.37679 5.9349921 13.8526
13023378 347.053748 -28.007825 6.0672187 9.4901642
393196631 162.624868 -79.727859 4.2594558 10.33
392995938 218.278396 -60.093362 1.0078907 14.2534
161299119 241.287509 -46.565649 2.7188122 16.9807
364431259 244.138351 -41.073966 2.9866836 15.0254
363749415 250.344907 -68.553225 3.6562554 10.421
363083571 248.021696 -68.24033 3.8249546 15.0897
308208458 5.696956 -34.392162 11.2237372 9.5654941
361710792 243.802887 -68.876216 8.7234738 10.5545
360475034 188.770456 -73.129664 2.8372178 14.7827
360473750 188.912112 -72.681973 4.3618031 12.1596
359426909 183.60042 -72.347311 3.9415006 12.3165
358938714 180.322203 -76.399578 0.422425 8.6772
357661805 188.666196 -79.358969 17.0298529 12.0922
357312511 183.208269 -79.757204 32.6012979 9.18821
340228388 201.340644 -71.012028 3.1726875 11.911
39858507 255.920846 -30.770097 4.6288384 17.2704
334080358 192.997679 -71.601209 11.4483792 10.4552
324116813 148.249271 -78.459771 6.3885628 7.62451
290504044 234.483036 -44.789977 3.6515704 12.4868
284254253 233.280288 -57.63528 1.862908 13.9775
453289469 148.193703 -76.165857 0.7799194 9.09676
282091493 135.291964 -75.088195 3.3789946 8.56973
447192619 250.478927 -62.143614 2.6566986 17.7901
224271611 354.48982 -36.571634 4.04003 12.106
277538491 163.858368 -73.337551 3.2404614 18.8972
407166076 236.55223 -78.325666 8.7520247 12.7543
275562670 240.53688 -52.034811 1.5810556 13.941
406861922 226.825037 -79.364112 4.0358074 17.8847
274367763 233.503348 -47.96366 3.8795023 14.0735
403507814 230.90908 -76.895744 2.7812908 18.2165
272983172 237.008308 -50.692487 4.3205081 14.5156
402391147 247.673739 -65.228893 3.3626798 14.2118
402219289 220.123399 -76.170905 2.1970052 12.6118
70785910 1.583584 -30.336391 0.4947938 8.7665514
254629854 236.542661 -43.368223 0.9714298 8.81333
395926728 210.024916 -77.911571 1.4466788 12.978
221882319 249.488321 -58.780443 5.1890769 15.2719
394672497 201.749736 -73.594247 11.8413467 2.20757
394672497 201.749736 -73.594247 6.0379203 1.49811
221861843 249.443203 -59.305108 2.217782 10.4759
301160638 255.113012 -67.781031 16.0085751 19.3218
394570569 201.174749 -72.676459 6.9625419 2.97636
221785300 248.914759 -54.855257 3.7833369 13.3743
394492339 155.199044 -78.832021 9.1317488 14.7541
81077799 166.636671 -53.73198 9.2224114 15.3135
203377303 205.799033 -22.585444 8.159487 3.3709444
165827520 204.391966 -37.183458 7.748612 2.2168828
272167060 187.429331 -58.24013 8.4130034 4.3741604
448358913 158.743551 -52.777606 1.5505494 8.21753
21113347 186.787304 -48.978411 4.2180687 9.8679012
310294189 185.1383 -62.401609 4.8768783 4.71563
446370039 155.79732 -52.750212 4.5992844 19.0560523
199731190 21.292047 -47.262831 2.5130547 8.55709
443666343 186.816884 -29.832996 7.3436151 3.996537
98957720 181.000805 -28.325347 15.3502505 19.2152
452281203 174.043143 -56.624175 3.4468018 9.8310336
459850897 163.714472 -58.569285 1.1901816 9.02257
117689799 300.735006 24.435135 2.1570462 14.5949243
390988385 297.043476 18.698914 2.9151556 7.4578
102159710 299.224223 31.42271 4.4961387 12.7988183
86451883 298.561279 32.425717 1.7561019 8.43478
278968371 290.079022 21.371475 1.2997811 13.6803
228381868 357.580647 -17.077595 3.4654953 14.2776184
57753734 296.354017 30.779967 2.8724894 13.1718
416368336 287.275134 28.362632 1.0848133 12.3151
244487927 301.224694 25.009637 2.9817237 15.4413
1870990135 295.556776 32.614099 1.5039495 17.3816
198725468 284.513463 28.93787 3.0415724 10.3727
123007594 278.705159 44.758806 3.3687307 13.6378
1712954983 288.773993 30.785472 2.9661661 16.476
417129824 308.077998 21.34507 3.500869 13.3258
120101789 284.083969 38.584869 3.0086349 13.7329
106224627 301.079595 34.398801 3.3412415 10.2542
417047499 304.283458 42.906534 2.304583 16.9661
106224626 301.078777 34.398008 3.3418892 13.4003
373576942 320.427977 37.822833 0.8912218 15.1782
89876424 301.520846 34.315352 1.5380702 18.9812
326203952 328.059766 27.60727 2.5850398 14.2221
316038054 321.377492 55.722936 3.8099858 18.6054746
27916356 296.837248 48.239969 3.2346944 13.3160023
294599100 302.284347 49.154874 5.6133922 15.2695
27459498 295.328172 48.162655 7.3105415 15.0553
294594423 302.078689 48.198605 6.0978165 14.2859
17865622 328.911371 28.1795 3.1198404 12.1758
16187321 307.376941 36.970694 4.2021893 14.1363
13424053 305.517342 41.255055 5.2019364 9.64178
274075364 304.765094 39.595575 4.1632657 17.3522
271167979 294.557985 47.783127 0.3093954 15.7244
269269740 299.872379 45.499591 1.8639309 14.7339
183593642 17.888208 -36.709119 1.0372587 4.6818337
248058363 325.383163 29.91356 1.1239202 8.30438
247283596 314.510904 25.540404 3.1940809 12.9018
247283054 314.545327 25.898469 0.9277787 13.2413
239628993 325.603811 29.869375 1.9410635 11.8231228
233415701 302.24715 56.508168 5.271813 10.3325
230840853 312.536937 29.983516 4.118418 17.7065
271042173 294.487932 46.002151 0.476873 16.2032
195750008 314.577184 36.440693 2.5650361 13.0681
184468386 296.381383 39.959925 2.5402287 16.3917196
369336146 6.070055 -37.222035 5.7694373 11.9640451
184295571 296.063483 40.30857 1.9804293 10.1264
193708920 306.256232 46.923098 1.3298469 6.98364
169461816 297.45374 41.011019 17.8552322 14.5976753
193482096 305.940369 46.103142 4.0875563 19.9932642
1965256662 308.561885 35.395204 4.3170598 12.9424
452658846 318.104487 29.844788 1.9990323 12.7486
160390955 322.602368 34.739581 4.4178042 6.4020317
436314778 307.013306 26.401654 4.5956692 14.2314
220016044 32.321881 -48.48474 0.9399664 6.6149456
136122328 305.46164 34.126027 2.1083693 13.1161
2010186093 328.455439 47.392259 3.007925 15.3022
407905370 336.998619 38.28595 9.8170028 12.7271
407658979 326.473232 36.247629 8.084554 14.1848
405897415 300.917036 52.080676 4.6387689 13.0535
396133015 327.095917 48.334399 5.2667367 8.71675
358186451 317.124796 49.112843 1.3176767 4.16809
305478010 330.271302 38.530284 3.121339 9.21314
290308758 307.292565 50.076925 4.4168832 14.9431
287591638 326.807138 34.646627 3.5410781 4.63661
286080865 310.219074 50.922722 11.3201226 12.7584
267373896 316.834683 49.431813 4.1584817 16.4644
265242905 308.308351 50.926837 3.7037478 14.1169
80432617 11.673176 -42.361791 16.45209 8.62362
236638487 329.279291 31.452973 4.4064273 14.7596
190479710 325.190963 43.529775 8.4843917 13.159
162387333 332.122967 33.349296 5.5280331 9.24388
162289289 331.506364 34.211658 3.8212977 11.6869491
162179096 331.162387 32.537015 9.3236885 13.41
440113053 4.859275 44.027596 1.805376 12.0157766
352690548 356.128305 36.361717 4.9056578 9.37482
267650535 9.516583 34.711402 4.0088245 11.5444262
352469839 306.049504 59.27843 3.7026941 20
194461202 4.094988 38.298531 3.2523102 9.6972
343726435 316.383909 56.504367 5.016641 17.7733
191202679 8.701208 45.387414 4.0517972 11.2646
331146317 325.972143 54.574269 2.3874731 15.9427336
13961554 13.719844 24.724075 1.2678043 8.74635
329373799 332.715604 54.481231 3.6554335 15.7486
267867517 312.456261 56.896568 2.6816329 13.2689
267861788 312.382517 59.710013 6.3854622 9.57629
144276942 353.903687 -44.808809 1.5351652 6.8350786
267484653 298.705925 58.301643 1.7384809 12.9358521
252549844 344.964568 50.681902 3.0789699 15.4449
233948455 305.221945 59.448903 1.4822451 14.0641
233795794 303.361066 58.799138 3.1493729 13.6409
173711153 349.417344 44.648308 3.1315583 11.2819
173176491 346.125597 45.324754 3.2337884 15.3732
65981892 340.514856 52.343679 3.4898546 14.1029
64938667 338.755425 54.07911 3.1988858 19.4201044
305048116 353.23837 -28.319813 14.2337615 6.823525
620780629 20.799194 33.24341 4.8893985 12.8723
435861696 11.88786 21.938552 5.6902814 12.9495
432761635 14.164419 39.891611 3.2131823 13.6367
422881018 16.179358 40.614962 5.7456862 10.8845
414922696 15.193796 15.166164 7.6460931 8.25522
1980725947 303.777268 59.67691 2.9708659 14.8135617
398912927 18.55398 19.470441 19.8875338 13.605
238624131 12.866044 47.662806 3.4945148 11.03
455784423 359.793385 39.314256 3.9365629 8.09927
262530780 20.547265 -44.862146 8.22388 12.4698
189380158 21.871101 38.968114 1.9618085 12.8959
429414530 314.040512 57.708379 2.6340964 4.1106
186292194 17.093448 37.700652 3.2403602 12.8678
429218084 313.317214 58.094593 2.5266409 18.3972
80478272 12.569587 27.568806 5.0859432 13.8966
428003305 349.3018 44.612336 1.8048106 14.8028768
61205803 21.065125 32.8107 4.2186625 13.6976778
365447203 327.74025 58.840391 5.7208592 14.6233
47425697 342.25617 -24.959295 0.4941631 3.325
186614891 45.148251 39.93511 4.084447 14.1047
453230066 23.992574 54.716441 1.5492212 6.80431
445496795 29.742342 56.85776 1.831733 12.5113
184733148 33.088189 36.332272 2.959842 12.6502
433144048 40.715235 39.578934 2.923461 15.738
139559780 40.216356 36.107789 3.2637419 13.3617
139507260 39.548888 39.278651 1.7556768 13.529
415976665 34.562558 44.087989 1.5244603 14.6878
116848450 46.770809 49.010302 3.4796904 16.6632
410552165 27.528548 49.104842 4.6017262 13.5575
396556650 39.357061 42.971222 2.277182 8.26117
77258279 40.856559 32.557986 5.5122277 12.2781
381544766 30.003263 38.529964 4.0898871 15.4339
374778982 31.750309 55.178785 2.3882776 18.5453
251878904 9.692072 -34.214907 1.7025848 11.8582247
67517533 29.513926 41.220248 3.9497635 18.2571108
65446983 54.405622 46.84287 9.9908116 13.9288
354151219 21.177329 51.671855 3.5639862 10.1033
348437470 35.308494 59.711857 3.2975093 12.8987
65440953 54.214981 44.769846 0.8746494 3.71319
346626688 44.470988 30.625597 4.4085194 12.4986982
63717709 33.811901 33.229276 5.4439776 16.8830792
467580267 48.218476 35.093455 0.7415247 13.5277
63470437 31.602366 33.856295 1.2126653 10.8168
9033144 349.606266 -19.823843 4.7150255 17.6148
331854794 18.669659 57.077693 2.1947767 13.7928815
312345863 12.407578 56.001551 1.7266138 16.1222
50943163 41.904242 61.306342 2.4254068 11.0715
452964680 8.722569 54.743514 2.2390796 16.4201
308613965 23.877131 50.987801 4.4619426 13.0569
34646336 45.204618 27.31965 5.9577768 12.4756295
458876004 35.837872 60.889963 3.6923071 14.2002
34551972 44.233304 28.771475 4.8542148 18.9133256
285354178 36.126714 35.528321 5.9664078 12.7661
77031413 354.170634 -34.611893 1.38665 15.5656
311703724 9.644817 54.567547 1.7054246 14.1638
285272237 35.383494 32.246044 4.6401269 10.2407443
28961316 50.275227 25.297266 3.3462671 12.1727
28873762 49.792323 27.263332 3.105654 17.6225
252118701 15.754328 57.879011 4.9777448 12.9782
13533330 36.900563 59.952721 5.0778064 14.9343184
245509452 39.282337 54.851215 3.246208 13.2996429
241135327 30.367906 48.636524 2.4145007 15.7019
240989628 19.670217 52.699436 10.0755592 8.169
240959810 18.773067 53.117687 3.3411398 15.9091
240823272 15.654394 51.303892 9.0881638 12.8974
470822809 23.432187 59.425604 2.5400911 5.00683
202872757 36.719078 45.037963 4.4236103 13.1733
266425782 87.883981 36.7873 2.3467263 15.2126883
266401846 60.937413 50.236205 3.0423931 18.1780385
251855940 8.659679 -32.166578 4.0463709 18.1541478
417676091 82.250858 68.481405 4.4184429 12.8324877
266213232 60.362935 49.265249 4.2605739 15.3220568
260962960 76.092396 44.334107 3.8901335 19.0494736
367616146 72.247199 44.419431 1.3944879 18.0998636
259506033 75.480167 50.131178 1.9025032 11.3732439
252430813 76.825224 59.729551 4.3701795 15.4523265
366311757 75.952392 31.657874 4.9107194 14.9335
251652214 46.155455 59.356926 7.27299 13.3662
156016136 8.923918 -50.316967 3.4813814 6.5778157
174826170 90.808637 41.649461 2.4802272 15.7506
355008856 77.163736 66.52611 3.0108217 18.2459
354442783 89.243696 36.358115 1.5224706 7.53174
171160885 67.998759 32.869383 10.4401778 11.2253
155867025 69.552342 39.458003 2.1547472 11.6102486
348099535 69.965956 46.669445 10.1182835 10.4862
417942201 65.713648 41.125315 4.230596 12.1709
150074121 63.286661 54.572095 1.2222265 13.3612412
441075486 359.759069 -15.612021 1.1202752 17.524
143687316 80.611594 40.425991 3.5411235 10.2150358
346015394 50.324844 63.732522 1.0788649 18.4561494
3027681 82.215093 30.227473 3.9442027 14.6517
339250695 84.789937 60.424358 4.7262208 12.4034204
122695048 77.298277 38.228572 4.8404431 17.700332
339207847 84.479701 64.545457 13.3988634 12.8019377
9032368 355.901919 -11.26957 1.632 9.24379
115457180 83.891112 31.164547 5.6619072 10.5138
321894059 84.613821 57.031425 2.9594651 17.5182
317252733 55.590143 58.295332 3.3526843 11.1102207
96074951 72.427173 35.301657 5.5609997 15.2954
312689217 88.985589 34.265809 4.3847594 17.2316994
311441461 86.635927 51.242599 3.4471559 16.6194574
183675732 358.227453 -41.700468 5.4820954 13.3111519
701926762 81.578251 47.07378 2.0449545 18.9624
286696848 72.799655 50.096898 8.9279009 15.0384
86075481 60.273843 67.507635 3.9010509 15.3760904
666567477 65.615413 46.536011 1.6883103 7.5805
284747017 78.040149 34.750032 1.8012697 3.19942
647636934 58.983683 57.834123 1.5503072 15.625642
82622707 51.761032 61.189331 2.3753009 14.7510708
284174392 68.539495 32.806951 1.8751894 14.0349
280097543 47.149903 -77.383328 9.4546478 12.7656513
468777766 76.423773 67.820318 12.4844641 8.49489
284173938 68.629023 32.476637 2.9157041 13.8344
81593515 46.934208 62.39968 2.5312823 11.7709
281196902 69.747261 66.671209 5.5455798 10.3353813
67300566 83.653007 36.939626 4.4236732 12.6262986
445751830 91.003642 55.019979 3.4391954 12.4377309
280254984 41.323613 69.106259 3.4177514 15.3577
144301273 354.44576 -42.966387 2.7509863 12.6685799
275703182 48.669955 66.920775 25.8944827 17.6301
9833284 70.325641 55.933254 0.6843601 6.83269
432114158 57.947685 47.149894 2.0042661 17.4679856
275702126 48.791209 66.597657 6.5718534 17.2374292
432078760 57.511805 46.681042 3.1479532 17.745577
9830791 70.242045 57.507726 3.5414573 7.74182
268172361 83.379462 45.081717 2.1803154 18.3770154
428251130 54.82405 52.824649 10.3380912 14.0125
139285736 348.039774 -45.017093 1.55028 14.723
8621049 66.381511 57.806118 0.9183768 7.7093
3364732 82.560259 31.181746 3.6238662 16.4563404
426319499 86.04348 36.080653 4.1689145 7.3156426
266772500 61.496952 51.724323 2.9508097 19.4435142
68850908 107.082369 34.674445 5.3868381 15.8461
68388114 102.827625 33.545577 1.3312309 12.5661
802227190 126.818692 50.75782 2.3365744 9.51324
53307409 116.767003 56.783436 5.6089886 8.1185589
20892672 1.399014 -19.489511 3.10926 9.58224
468832904 92.609716 71.412134 1.4005308 15.9952422
470974162 110.878729 50.349524 3.2583798 6.27906
396813816 98.538646 66.634664 10.3918699 13.0244
459755750 133.705669 55.134127 6.1080224 12.8902
458419328 130.900226 63.078077 4.6747218 4.73219
321250206 95.121127 58.094196 2.1040634 14.9729
457104362 133.072602 61.972124 4.8163162 14.751756
312811620 94.432577 54.381306 3.0923729 15.1739
453410966 115.084361 49.078607 4.120004 10.4236143
220396259 68.891541 -56.138849 0.91677 3.12766
29117085 118.426692 46.47193 13.247777 11.7716
400432230 295.387706 56.217805 3.1833919 13.8362
453348525 102.599479 48.944982 0.7729066 6.51984
29105766 118.16493 42.786497 3.2551315 17.8868067
416539317 126.849751 64.765253 2.2019606 3.97533
253030300 98.732441 49.676574 2.8300213 6.47417
393251073 115.508868 61.574659 14.9857436 9.39924
252912175 104.840901 48.30288 17.6229161 11.2819
22683951 124.114906 47.021989 2.6797436 12.2250402
373614579 114.188526 44.051536 8.2064867 14.6693181
100014359 23.280585 -47.882084 0.5045539 18.3768141
21291176 103.276084 39.132278 1.6667559 5.73913
373612558 114.010809 47.258131 5.8677921 12.8354727
190250689 98.781576 45.027682 1.4658218 12.9122
353498819 107.173813 38.18106 2.5492773 13.2377
312991501 134.655352 74.459183 3.2905683 14.6087971
189852832 94.899684 42.313594 3.8960447 12.1478
16076354 113.67495 38.986526 2.9859012 14.0883
289661991 139.112565 69.074128 2.8989758 10.0928
252876117 100.288738 48.861378 3.6346303 13.6402
207084429 22.757528 -51.215733 4.89577 3.30734
239136269 112.325562 33.591361 1.0590994 10.6616565
138475192 95.549232 83.861194 2.9594596 7.75397
239134248 112.194386 34.185355 3.8850001 12.1627174
4605846 118.060044 31.64694 3.7178656 13.6754452
155873992 139.838463 66.803273 4.9513106 14.0040077
102848207 128.861632 67.128369 1.0358225 10.1292
99572130 107.504711 70.976379 4.8504819 17.4413086
99097200 121.591887 42.19247 3.2371501 13.8548638
95660472 121.863257 29.388645 3.244299 12.9273057
229091748 3.797833 -46.272428 0.4568 6.64264
88385463 104.603337 59.972981 3.1235179 13.2914966
81212289 127.033706 56.431077 0.6848358 4.49427
71134735 126.818693 50.757821 2.3378945 8.31293
39077574 151.255619 40.341064 7.1404043 10.5731
9346507 149.876935 36.99245 4.9807125 17.2544
8677530 137.42133 31.292481 2.91463 9.96391
801354155 137.421232 31.292423 2.9150294 12.8379
167418898 99.609604 -67.656396 10.9803025 7.58741
445807396 167.29495 49.955757 3.2493152 10.3587
356736743 177.702227 75.20337 24.0819851 9.42632
356539624 153.155451 62.32946 0.4399856 18.9074
330795142 144.395927 28.24536 1.3460633 14.2662
308073360 152.666283 24.273121 11.8886495 11.0233
307915084 141.480521 33.41274 0.8275646 8.41789
298074043 201.510769 74.758859 3.0193545 14.357
287231664 151.293494 60.352093 3.6217624 10.1723
252474634 154.883363 48.353555 4.1124956 12.4396125
165985431 133.977629 30.990348 3.6566206 13.587
165885558 131.366244 35.617167 0.896271 13.8677
156816238 140.462178 38.618961 2.1461672 16.91
149918151 160.748095 60.964119 1.540776 13.3674
149917086 160.404554 63.888592 11.0783748 10.2336
147994863 170.68965 70.832276 15.9544918 9.88117
147890655 142.086945 66.950156 1.2220437 14.8723
300810086 116.813442 -69.030386 0.6680065 15.4569
143008050 182.709445 66.952158 14.4832964 13.2087
142739544 150.380403 75.211897 3.383466 4.68953
142635225 171.789723 74.465349 16.1020097 13.9974
142618165 170.673731 73.507923 5.6922342 4.57552
142562395 165.273412 73.068232 3.2693612 9.96136
126325149 135.496464 27.474953 3.4952497 12.6528
125552076 145.222922 27.950158 2.0436029 13.3605
105379013 141.921026 46.214342 3.2956376 12.4635
86273567 141.048951 64.318347 16.5968329 4.85367
1122079 168.926158 28.781025 1.8460997 16.4485
238059180 104.138355 -53.545449 5.1119781 10.6694
416542079 188.736692 49.994859 3.0012386 14.4673
396950329 179.957207 11.864677 1.7763987 10.8531
141205978 185.900563 50.544625 1.5574603 6.15317
383531543 187.273217 31.654807 10.9543562 9.03653
376632626 192.736417 30.685937 2.1371195 13.2766
320208949 193.655288 47.066242 5.7310859 11.8502
310994622 203.567211 65.128389 18.565813 7.83236
253044312 176.611941 43.863572 11.2005651 15.4812
92359850 52.225639 -19.979808 4.155 11.0678
165989915 210.951072 64.270888 2.6292572 8.44711
165468291 175.145084 28.549579 4.754432 11.4372
165431806 162.38823 27.190538 4.4100654 8.08157
154126149 212.493524 70.06552 3.8951475 14.6884
154105890 210.513462 71.32676 5.5822739 11.6541
153978165 204.080277 68.517361 6.0835972 12.0351
150388393 193.898669 57.141015 6.5846694 14.5999
144310492 170.454473 33.991382 4.1225477 12.0574
141275395 184.351375 29.633535 0.8377576 6.706
139086171 184.624586 34.897976 4.8104679 4.19665
422655579 29.263451 0.758825 2.9036816 14.913823
138973825 188.180754 34.49481 2.1614819 8.10367
136998882 196.844286 44.377372 3.3401814 8.19874
101643582 183.961977 47.427994 2.071333 6.35115
99330090 189.828966 59.703485 7.0080817 13.1807
86263325 181.571834 12.507026 4.5445569 5.7177
55748194 180.258942 55.846206 2.5227786 10.9418
21549805 181.518741 41.471434 4.2441117 14.06
18067025 184.759891 36.609641 5.3298577 8.01139
950525831 180.258934 55.846201 2.5228506 12.9082
271900960 112.941928 -75.527552 13.45913 7.68909
18017227 171.711327 37.705235 0.6203033 7.82821
459215281 197.145209 55.051338 2.7694074 3.02805
3896759 171.432632 18.118831 4.5808535 12.4319
458424950 177.581251 37.916071 9.0576962 4.28974
165464482 201.374827 52.768104 4.3345378 14.3572
3808740 169.689872 21.617204 6.6713748 9.63035
445837596 187.93024 63.908546 4.3773113 2.97425
154181821 213.806552 67.760917 7.6607094 5.12716
450337675 199.816742 18.914216 8.6789911 11.1545
441697509 213.902139 57.821472 5.2077671 2.66176
250386181 30.114481 -4.985686 1.470258 12.2412
366755319 188.528058 4.187824 14.7802661 9.06559
357373216 218.336542 52.385972 9.546972 12.4743
310094771 216.757304 28.495762 2.9406027 10.835
288434231 202.906801 45.622497 14.8496574 9.3235
233462817 211.700645 51.992007 10.1614815 7.66646
180672438 200.484638 40.26846 5.3599361 11.2314
180607846 198.244403 39.866992 0.6451059 6.79091
165723070 231.249864 57.815109 1.7213564 10.674
161003569 222.163355 53.834829 3.5115357 12.81
382391899 43.688074 -10.898024 1.9550932 13.1406834
158617175 223.609501 59.101988 5.7158895 12.3206
158497525 220.037779 54.137281 9.3517097 3.52814
156648452 215.801496 24.076564 3.4936188 14.2355
155898758 218.874035 48.083929 4.0384773 7.98387
139118482 193.595291 30.214364 6.7136512 12.5036
81247877 205.488716 17.300066 2.2012625 13.6145
68074302 220.726649 41.368472 3.4014954 9.32202
23815847 210.205727 39.300051 3.0654283 10.6174
23769326 208.944753 40.391806 7.4332642 10.213
328350926 46.93171 0.860922 0.8490674 10.8189994
2016376984 336.69079 57.434162 2.317939 15.7376
1101909431 231.127427 46.695076 23.2556119 14.4434
1101855081 228.833287 40.267196 3.8960617 12.1401
456042145 340.628454 64.754725 2.0474832 14.3474
435167167 346.403126 63.453418 3.0330919 7.40327
434171145 342.630375 61.159585 2.7873223 10.6299
434171113 342.661461 60.770111 4.4921154 14.9094
427153307 321.386565 61.812493 2.2035349 13.3861
422554579 346.474955 67.188469 3.4608812 19.0253
29960109 42.250066 -14.537646 2.49221 1.71311
421336001 296.833901 59.640713 7.6644 9.9098801
408094424 326.267189 64.067347 2.4892754 15.5724
388393034 347.967961 56.862096 1.97549 17.6764
375981105 336.858934 67.769354 11.7512673 17.4049
367425982 334.133015 66.860571 1.6923573 12.7696702
367333043 333.663387 68.685313 2.8778095 7.35828
366115856 356.708389 66.860805 2.3466472 12.2268
9858404 48.499479 -8.573851 0.39149 5.95564
346081845 356.886316 54.178308 3.4895723 12.9484
345697569 356.407097 55.225972 2.8817718 14.8764
345329200 355.725774 58.452426 3.1082514 13.7608011
343330330 309.768437 61.459062 5.5613023 10.4506
336824844 334.990313 62.656666 4.4638411 9.59744
336399144 334.013781 61.05756 5.7033411 15.2151
336092760 333.725864 62.858737 6.7716021 16.5311
335489455 332.633491 61.82941 2.1176601 5.16544
334493051 331.227588 64.463751 2.2297524 10.5562
334394274 331.078789 61.627934 3.4488281 15.6361
334385701 330.715324 60.211838 2.1861455 11.5599
321861405 323.15288 67.911948 2.9897732 17.6166
314375831 346.156393 56.731648 3.1274951 17.6985303
309849817 229.220096 51.397855 2.6686464 12.9106
305550963 315.263903 63.424275 1.5891628 12.5934
279383896 349.685957 63.250498 12.0031646 10.9265063
275421144 319.7272 65.329264 3.8426038 12.7873
178155732 42.984978 -30.814061 5.9739124 2.3917735
178155732 42.984978 -30.814061 3.58529 1.77141
178155732 42.984978 -30.814061 11.2304605 2.0754665
272785423 238.857937 67.042986 3.2399875 13.613
271761420 355.081093 62.136748 3.3501179 17.5987
271439193 354.138342 60.526208 6.2329571 14.2956
270435047 351.796938 60.231831 1.8011961 9.1446
269043098 349.095834 64.72187 4.7253516 17.6483
262880826 225.380859 38.533274 3.9967263 11.278
219379012 76.833621 -48.115889 1.5464949 3.7295
237221436 296.066251 77.23545 10.6001229 10.601
284206913 9.305074 61.205097 10.511362 11.935
156007004 236.236361 45.627745 1.7922888 12.6983
155947004 227.305873 44.700876 9.4258906 9.65497
154293917 224.356008 44.274322 6.6080989 12.1125
116382006 231.126555 46.694516 23.2547644 10.7553
468329664 11.370172 78.447722 3.5472157 16.293
444523623 14.558693 61.099519 2.041659 8.90978
1129033 37.155522 -7.060667 1.3600283 13.0911813
312548829 12.841937 59.575861 3.6089193 17.0677
312548415 12.855316 59.409908 2.2437501 10.0826
25773352 352.556471 53.156351 5.3438948 16.9428
20303110 228.83295 40.266956 3.8961515 8.40446
20182780 226.337147 36.786975 4.3533211 7.17236
470911286 1.129367 66.403045 1.6212474 10.3122
452938965 8.508428 58.844293 2.8744227 13.3953
219388773 77.047577 -50.858906 1.5716819 4.5091786
420446142 5.117344 63.031396 5.8423636 18.7395
418133917 0.202398 62.803046 2.2774846 17.7506
403340402 5.438019 59.105755 2.2237067 16.2026957
372505528 6.140224 62.235631 3.8974136 6.8757
327004130 3.392818 59.896534 3.4600026 17.6761
320281287 7.636991 56.331467 1.81451 13.3431
284528889 9.945507 62.393358 4.112385 9.65749
35857242 41.63916 -0.464125 3.6344447 14.25
83148519 2.528952 64.572568 4.8982659 4.84123
83053699 2.335558 60.159078 3.3378852 19.0038
399346877 26.462243 63.924718 3.9606593 10.7218
397924314 22.973494 66.819333 5.3798996 7.09264
395773226 34.119911 76.253181 3.8471662 7.48475
389910188 23.655685 62.325517 4.5432349 12.5868
379629854 34.293884 70.39598 2.8278059 4.22619
368734712 12.779931 70.94581 4.3271416 14.5369
259701242 74.466453 -53.817948 2.48548 1.28248
352682207 20.21482 66.072201 5.4146235 6.6139476
352682207 20.21482 66.072201 14.7091662 6.5471787
352682207 20.21482 66.072201 1.3483075 3.1949876
289264348 24.601013 72.993169 4.3359117 13.9797
280315875 41.39883 66.359231 1.82544 11.7503
279265701 25.79114 70.914425 2.6325313 15.2766
85791385 58.204664 68.777467 2.8067423 13.4381
85429139 53.419992 68.612667 4.7427131 17.876
407313319 7.739571 68.455108 7.0423707 14.7821
120896927 36.867885 -27.636117 4.7559737 1.725417
120896927 36.867885 -27.636117 17.1807214 2.1954034
10507330 28.657722 64.569849 5.1175439 12.6029
470169396 335.627605 78.262333 6.3262148 12.5231
441730540 257.448863 77.485328 16.2840915 7.99273
427866520 353.15863 69.422141 3.6074546 2.69934
406634633 355.230606 69.974452 3.9589142 15.2242
393633044 239.233719 16.980285 5.8850401 6.61503
257567854 52.818037 -23.819792 3.532822 13.474905
390021939 277.622837 56.770452 2.5089892 5.46523
389968080 277.325439 55.320525 10.0462596 16.4472821
387603144 313.098531 66.599315 2.4567112 3.05136
375654303 335.146984 71.767346 1.8020923 17.3634
367913453 355.51293 76.918784 2.7761628 6.58454
367287018 342.552349 75.860399 4.7257129 10.5468
366580825 305.02027 73.277764 4.2989288 9.94472
366120401 273.734478 49.761588 4.7308142 9.85689
166833457 58.429011 -34.328272 2.9626402 12.65489
356786657 268.614463 77.48831 7.1357259 2.7853042
345645749 246.855462 21.616792 7.8808589 10.2354
332393279 255.364082 28.988524 2.3238426 13.8867
322262448 325.554628 69.504808 5.1191172 13.0806
307956396 256.664332 63.778535 4.1508803 8.31799
284760740 238.686827 25.01394 0.7583741 5.4111
279769094 351.605114 68.03607 4.5029619 9.44788
279605855 346.577907 71.21333 1.972401 14.7348
259274960 293.764805 66.25505 31.4001189 10.2456091
176984236 101.909492 -66.328317 1.7560902 7.52118
255865833 306.85268 68.231866 4.6546139 12.7473
237101326 240.691824 71.224288 1.5373948 5.76435
236775063 282.663177 55.801405 0.7409429 4.58442
233719215 276.291469 60.773296 17.356719 9.705386
233053554 269.179221 64.766624 4.567925 14.2306
232567319 247.549643 49.895791 5.0518907 9.11036
230388132 286.186545 64.153145 2.4076941 7.15781
229605891 274.182772 76.890911 2.0381761 13.0071
153065527 49.262643 -42.244149 13.1757294 1.9602373
153065527 49.262643 -42.244149 6.614911 1.2731554
219866209 259.098604 67.566607 6.7473822 13.1026
219499488 244.369594 46.648021 1.6323062 15.8543427
219489550 243.370371 42.885503 3.8823511 9.5364228
219485050 242.83196 47.712652 3.5908038 9.85407
193556520 245.992526 45.261098 6.7201811 11.5271
162577466 243.935867 48.325503 3.6772391 13.2496189
159334269 233.694873 79.449837 1.1578392 11.2362
143009290 252.593952 16.982718 2.7240303 10.9383
349518800 111.211721 -62.092431 2.1654694 13.5615
115270627 250.276118 42.436314 3.1504798 10.0008
115182469 249.291448 43.344761 6.5169955 2.26174
628103717 29.423373 63.90459 3.2175013 16.011
57193198 250.907053 36.141365 4.3965758 9.71601
57159675 250.298493 38.961556 5.5679111 9.5108395
444558604 19.980843 64.538054 1.9872259 15.6112
176778112 47.82774 -35.628068 1.33679 2.70732
428892437 84.865203 81.54345 3.7519831 12.9516
421973253 21.572736 64.840007 9.2584055 11.7073433
400899926 17.399896 69.732043 4.625568 13.2242
399444057 26.687843 63.612237 2.0714803 9.7546
346673534 280.779456 20.21884 15.634183 11.238
336840314 281.83562 26.417834 2.8285323 10.3779772
328814605 138.280617 85.271029 5.6917579 12.6894204
310002617 217.925779 83.372706 3.1774814 13.9016
302381397 100.081046 76.553069 2.7284428 12.71
298752252 267.851204 22.661333 3.2462849 18.4686
167754523 104.181674 -60.687954 6.7992776 1.09621
289373041 278.232233 39.637997 3.177514 5.10272
289316336 277.979234 39.669309 3.0038696 3.44576
288242606 258.431157 81.004051 7.495973 12.6471
284454822 290.738474 59.431202 10.4722034 3.13882
284454822 290.738474 59.431202 17.7046155 2.8587599
280035202 297.678176 68.167662 4.9111786 3.4399601
274974693 257.899648 47.257065 4.1539244 9.73932
272782321 237.986823 67.039685 10.1045108 3.3818
264295655 320.233103 83.022778 2.7741864 3.6487
264223828 319.351026 79.6107 1.1789842 5.02454
264173803 294.561939 71.574534 4.3954123 2.02986
206466531 56.815012 -52.985207 1.42744 7.86301
237235093 297.484569 73.086464 2.6834113 2.33576
235902467 289.751203 82.875584 12.2740928 12.7514
235664497 277.717657 19.796009 2.3757662 19.1019
233576159 282.204034 65.941643 5.7152049 10.4523
233535738 280.745794 62.818388 16.3558787 3.48406
232632239 269.240718 58.882622 3.5322939 3.40196
232603560 257.667388 60.028468 14.4348737 8.117
230084146 246.36791 66.351585 12.320331 5.10721
100990000 54.819538 -42.763028 9.5730706 2.3053058
100990000 54.819538 -42.763028 4.040413 1.5473747
230075120 244.441282 69.447713 0.7676706 2.98877
230006888 290.980736 63.557271 12.2788421 9.64521
229976631 290.108847 61.085434 10.7166249 2.16171
229786610 283.889684 71.400671 22.1575175 2.17495
229408913 292.965281 61.882054 4.8038539 4.0981388
199610140 249.121348 57.150009 2.9855843 10.0005
198616607 271.403617 47.550327 3.6311186 15.6552
198189972 246.202805 60.965502 25.0930011 10.3058363
193773468 268.37328 46.34641 2.5551882 13.5962
160618074 246.270436 73.283495 5.201975 9.15316
7624182 64.311488 -38.844171 1.1096992 9.33715
159438097 241.928706 82.072535 4.8952783 14.0672
157218656 267.707093 16.774858 2.8622679 18.4047
156215204 184.968065 83.235697 2.4307782 12.4035
153896150 131.233555 75.105679 2.787945 7.5851475
147761049 109.305384 70.780189 4.7155974 18.3601489
141616639 108.818021 81.220983 3.2428744 2.3171
141488193 105.404552 72.41493 56.4043748 12.5447
137420801 128.261476 82.024762 1.9795413 4.77367
123357034 281.527275 46.248566 3.2724973 5.6778
170634116 66.370902 -30.600436 3.6623918 17.2805567
71396541 116.069722 68.826258 6.269716 3.86288
47937361 280.9612 48.134073 2.3382502 11.123
335655755 216.765629 78.762732 11.7647926 11.5240963
420803693 70.506153 79.987529 0.9135968 2.17077
288471040 271.493129 78.049292 2.5139764 4.90303
420680343 20.407409 82.168783 3.7630305 5.96705
417646390 77.612879 70.391079 3.8016217 13.6371
257060897 227.532153 72.710313 3.660032 17.5565568
408729765 24.670602 80.433347 4.6200781 7.04607
400103802 96.977875 74.00813 4.2511214 11.2617
400093775 87.952472 71.290609 3.6022715 14.4799
39573090 263.891395 35.276512 3.6593967 12.1105
371711170 70.100556 81.077272 9.8482192 13.8742
313194972 86.617798 75.045539 16.9020565 11.3763
279947414 39.429743 80.267384 4.0664446 12.1827
23124038 274.417782 34.091383 0.7011578 13.2816
138329479 83.088172 79.809132 2.3745416 13.6144
137157546 30.021663 77.369001 3.6841446 3.74263
103096524 61.055097 75.496655 3.2928068 11.9432
152476657 62.616081 -45.898243 3.6112621 13.6137403
102719996 62.520982 70.915716 9.7938352 13.1815999
406926040 287.427001 56.364271 11.6999152 12.0929
470171739 335.39347 82.216079 4.6174254 16.6632337
470156846 332.9053 82.730642 7.3446285 12.8665
467331291 325.636227 77.734384 3.3207642 3.02356
462553953 230.780834 76.331882 4.461878 2.32515
462553953 230.780834 76.331882 12.822639 3.0954065
461538935 345.981898 85.443022 5.289835 7.64474
441600335 115.451745 74.183878 0.8659846 8.86618
49899799 48.854393 -2.175314 7.0114 18.1417
441580526 111.741144 72.229339 4.4427146 11.7585481
441572821 110.150431 72.7594 4.2607797 13.7822358
420114036 290.391821 73.350122 4.3744258 19.4866
420112217 290.057677 73.989657 21.5615248 7.76454
420108587 284.884564 73.513284 3.522843 3.93303
398371628 316.012586 85.878209 7.1406422 11.978218
389777651 156.22955 84.754719 5.236124 2.94616
377165123 285.797008 57.388177 14.793901 8.42756
372758077 173.833691 79.413053 29.3821476 14.7329776
372747949 311.820471 76.107008 3.4026932 11.5347
339733013 110.851802 -58.696738 5.62162 3.35879
366972162 337.594234 77.865504 2.190225 15.1395
362223355 286.720557 81.654539 3.7453991 3.17171
359388309 268.045217 58.366826 4.1915095 2.33252
358613376 175.198472 79.612558 8.2713274 14.0507
356822426 275.098441 71.161935 1.5569519 6.93656
58533991 202.001393 -29.791077 3.2089372 19.3856
130981260 188.565163 -35.05366 3.6928289 15.6542
289988797 192.13314 -13.65338 2.2042212 9.78883
178284730 60.385539 -20.450999 2.2359865 13.4367443
126737992 136.91925 -50.640231 1.5954319 4.3219935
426017070 42.812401 -73.155511 0.5992462 2.9851107
31637479 45.914751 -69.747697 27.848697 2.77036
421951960 329.829884 -19.7446 11.7915574 3.2687802
394357918 43.828475 -79.414704 4.9019938 2.5554145
152563846 172.227886 -38.106977 16.5414219 3.3270234
300579472 321.108012 -29.248223 12.7503356 2.17135
176780257 48.283944 -34.375416 30.8812601 5.2996592
424747720 290.672257 -51.426409 10.2813284 11.8759119
7422496 81.348892 -44.431285 46.9621053 2.4680695
279251651 104.153958 -59.181309 0.4038426 1.442393
65416038 40.92402 -28.343988 15.6062307 2.1494954
167905035 151.707956 -29.966743 742.8561164 2.2756143
41995709 23.788129 -41.507216 4.2300182 17.0408
382419744 35.04738 -54.10332 6.5081212 11.511
299176311 22.26623 -8.17935 1.0432995 6.51532
67566164 16.001037 -31.68549 3.125924 17.3686
332579116 62.022558 -12.332383 3.9017499 12.6062
459913687 59.018561 3.610113 4.746318 12.2509
220144363 99.039982 6.472367 4.4466179 16.7023
408159788 78.447702 7.055842 2.300698 4.87824
95057860 90.474724 -13.461371 3.5809733 12.0428
158697949 86.905182 4.382898 3.9592516 7.85756
280645209 101.297015 -1.96049 5.9056572 11.5383
281242007 98.984253 4.713477 2.4170503 13.975
37242226 98.313616 -4.1063 1.0681394 19.5184
200090347 86.682021 3.98974 0.8631737 12.7525
94986319 81.853282 -14.27674 16.067522 4.7909617
94986319 81.853282 -14.27674 5.1976858 1.9257346
409315469 109.772452 -14.970588 1.0754208 9.41227
32408928 117.475892 -10.381904 1.0435229 9.09391
409594381 110.24951 -13.926265 3.491383 11.154
7274938 113.836327 -11.001601 1.0994412 11.0223
108939482 112.729853 -28.684266 1.1870337 10.6747149
142628514 118.791369 -22.611009 2.6269521 17.6062
114103136 113.982909 -30.748181 1.1471548 3.90118
117979455 71.802796 -17.253367 0.6333372 4.4957089
318054782 110.868087 3.134948 0.8335712 12.5164
157088184 104.807393 -37.45202 7.2654708 13.0064
148667071 114.747907 -30.575281 1.161347 10.7619
141405814 117.121112 -19.340207 1.1355486 13.0419
127328218 116.964425 -25.567936 2.9628955 14.7038
99081059 107.709537 -20.055305 3.4169475 13.7893
415143674 114.566022 -23.804576 6.0219203 19.1085522
319282294 110.294291 -9.500598 1.1385671 16.0326
43647325 76.081891 -6.22978 3.1615697 14.8619546
127895118 117.472121 -28.353484 3.2970252 13.4619
126357909 115.809569 -26.239291 1.2247985 8.32531
113295476 113.266602 -30.104096 1.820443 16.6319
81055189 106.355066 -21.109526 0.908232 8.54322
157528286 106.633113 -38.054496 1.6562803 9.54495
24615998 141.395946 -33.229454 1.2732245 13.8628
22121296 148.56571 -25.093582 2.8123314 16.8822046
117979694 71.921274 -17.745004 1.9784257 2.02143
19547831 139.661657 -32.748719 10.1238604 15.7944
4102368 140.328336 -39.325017 3.1118943 14.3339
445582110 113.17513 -51.998148 3.0579913 14.2454281
400683848 134.371324 -52.039581 1.0886286 8.7147619
393340920 130.709387 -46.213327 1.8665254 10.2057
52928939 125.806237 -45.792458 3.1527177 5.7168495
291465998 111.111271 -51.697365 12.8860009 12.0983571
190986054 134.433236 -38.371148 5.1442317 13.8382
269568703 119.480728 -52.651034 6.772626 19.1292
169532369 78.098877 -13.605635 3.60364 14.1007
269249506 118.800431 -48.703146 4.0185922 13.9642
192520375 138.052275 -39.657928 0.9109508 13.0531
145038729 131.72005 -51.191017 2.6085023 13.8957666
92744152 128.927489 -53.82826 1.1462769 14.1198099
82302240 124.351447 -45.406543 2.5057108 12.9673
77102895 141.247814 -42.799765 1.0962372 15.7533
75208638 138.741096 -45.122969 4.6512523 6.22936
74484886 137.490377 -43.201719 3.8505662 16.5768
268643535 117.330048 -51.261706 8.9612626 17.0901716
189013224 79.102193 -15.510242 1.3205037 2.1611735
74967390 138.420407 -43.180476 5.4588359 8.59319
53365065 126.335415 -47.043046 5.9977892 11.3637133
48276576 148.08664 -34.95789 0.8334976 9.0185699
45996325 150.080535 -39.65956 3.1580472 8.3204
118308828 128.701521 -56.331828 3.7353995 8.61993
442050698 145.77866 -58.510776 0.8118585 16.3456
80783538 166.070243 -49.821498 1.2125595 11.1279
341272282 119.311724 -56.962926 0.8133123 4.37963
70914192 64.657083 -17.419833 0.6090253 15.1945
151920165 168.563889 -37.910133 3.4671474 11.6401
146664561 159.97958 -43.770389 2.7302636 13.7961
466682238 295.351296 -76.219867 3.2738129 14.6729
466222485 302.868371 -64.346282 1.7519943 9.23623
407146536 235.165334 -81.203316 2.0976705 12.8941
117979850 71.809927 -17.248613 0.6333315 6.24344
387193925 304.700911 -58.687351 3.518972 13.7987
374348168 301.999038 -70.615591 13.5098037 16.3981
343952976 276.828678 -77.131653 3.0131053 17.061
280726137 345.719245 -80.13947 3.5008785 14.5866828
310105752 250.890747 -75.988414 1.1703152 9.82528
294097592 107.523368 -55.856558 1.0268508 3.2806
290407621 234.853397 -85.473742 4.2337624 14.6498
278821913 100.198832 -56.546373 6.0597 8.06637
278540265 121.188359 -82.065763 2.9757428 18.7018
278196907 109.815227 -80.473777 1.1771655 2.93951
257520272 290.530405 -83.233448 12.1525595 10.0438
255918903 266.633808 -70.409811 1.7201092 9.82252
101696403 302.978454 -49.001569 1.6242109 14.9916
325527653 4.632474 -84.360009 11.3929129 10.0728
72668830 33.449996 -27.867678 19.9706574 3.1454612
28116365 14.351872 -21.550474 16.5272651 2.9241556
146282666 35.988175 -34.109932 722.2619756 2.7207078
67535663 182.100526 -55.047088 6.6019866 3.55715
459942762 60.278439 4.540868 0.58644 2.31276
266843799 175.539949 -57.368489 0.8062768 9.05313
307079330 166.25097 -46.034539 6.5445251 2.62701
182078202 14.736175 -76.589893 38.7619532 2.5255313
200296137 72.356386 -43.353685 8.6110844 4.3063675
366443426 126.615828 10.080371 15.5718552 2.44317
366443426 126.615828 10.080371 31.7180208 2.2998049
372068780 310.443577 -68.134987 183.0019106 5.5931205
372068780 310.443577 -68.134987 374.3644315 5.1223706
44898913 64.13091 -28.315791 2.7299049 1.3513606
141186075 81.327498 -75.693734 32.696666 1.3159881
141186075 81.327498 -75.693734 4.6545798 0.5531037
144193715 327.753069 -43.562364 9.1512776 2.45142
56662591 158.578516 -9.162846 87.22287 2.5058764
31374837 83.26925 -26.72387 12.4610086 3.2809492
31374837 83.26925 -26.72387 0.4900589 1.4741529
303317324 351.903531 -25.508462 739.1670007 2.6735992
122617317 41.685522 -31.17932 15.0700779 2.7293235
122617317 41.685522 -31.17932 0.9902892 1.4156529
251086776 37.547588 -3.405125 726.1175225 2.4385296
294324819 108.884571 -55.555017 6.8227645 3.6003512
459952217 71.266602 5.871586 73.580982 3.3991025
139148528 344.622965 -44.716935 8.2861614 2.2912229
7020254 126.5535 12.281851 20.2730282 10.4386
422914082 38.31042 1.69093 358.2825093 3.8800495
311130133 59.771874 6.924473 1.1343824 1.7532446
38686737 57.865664 -10.614078 2.24704 18.1799
404518509 51.640345 -43.613665 25.1290153 1.93226
404518509 51.640345 -43.613665 46.4093732 2.1862997
13883872 73.7411 -41.34421 13.4190972 2.4168515
143022742 54.466785 -30.057438 14.6762658 2.8523348
143022742 54.466785 -30.057438 21.9692578 4.1061739
408416746 145.646473 -19.235699 6.2509468 1.1306823
202185707 101.848588 6.128717 1.6500673 2.3990078
303586471 351.988437 -26.454622 1826.0790324 2.7599003
140687214 73.206864 -76.339681 0.8303285 3.44971
77175217 68.288836 -36.945858 703.79367 1.860295
47617038 220.350188 -33.950483 3.3513304 17.7728
148833828 231.248546 -40.216633 2.9034242 6.62177
178959058 209.699173 -40.619073 5.4468377 4.39864
144645881 229.730951 -44.500399 8.9021443 9.954598
128531633 219.476976 -46.285122 8.2197647 7.65998
443658196 199.734195 -62.974419 4.5006638 14.2378
166184428 206.107013 -40.337351 16.3363665 2.0492403
399642071 164.289787 -69.979379 2.2887763 2.8057654
253434221 196.73335 -58.110955 7.4997774 10.1994
7439481 212.92874 -29.973981 1.2540806 10.3493319
78055054 80.538242 -30.970818 4.3888516 13.8994523
454038613 175.66163 -40.060512 2.6680587 3.45609
62301521 291.534894 -43.187188 18.4043334 1.2834433
354944123 324.38942 -77.979147 5.538329 2.2721409
354944123 324.38942 -77.979147 10.6886084 2.4642245
278988097 101.830564 -56.617503 11.5418525 1.8822681
38939275 69.651026 -61.343471 731.4808779 3.2537107
469791892 298.438373 -69.852102 12.8910022 2.3547529
389371332 86.01889 -66.359097 3.9077116 1.5722799
32498058 84.193559 -24.031219 35.3573239 4.0299536
350299588 83.90994 -57.13863 602.2450921 2.8742544
313889049 0.129574 -26.231082 749.1605231 2.343896
44647437 59.410574 -25.189938 3.352907 5.2933196
50379036 32.883907 -76.107434 4.8759656 1.4450569
358253047 61.759269 -58.151013 20.1459438 2.4401617
237332812 346.832823 -60.084972 11.8918633 1.692303
176797879 48.583356 -34.032804 718.1809317 1.3653089
332715376 32.671165 -0.678884 10.6306165 2.7943472
149389419 83.995969 -63.926388 579.6472035 4.054669
300011941 106.913225 -66.406577 1.8141215 1.3180464
273418421 344.124307 -76.797679 97.6087634 2.3777411
133505138 149.731452 -53.301515 2.4360845 2.46916
52307802 21.71927 -68.634522 3.0749507 1.6050039
334632624 141.347664 -15.922146 741.4255896 2.7683483
238164799 106.396137 -51.38399 7.5480612 2.8270616
325682877 37.110555 -12.549363 2.118659 1.8325534
4070275 80.066927 -4.239248 5.4240691 2.093707
413343957 231.955685 -56.319054 3.3784254 4.57722
297361900 180.29815 -67.760233 2.6374449 4.35478
313675203 202.167147 -61.83472 2.5025812 4.90076
278862750 100.58781 -58.18322 13.576858 3.5804
32499655 84.326756 -27.972576 2.7439029 11.9292388
335040423 201.461155 -16.428176 2.5610662 2.3454
450649506 186.900833 -60.163329 1.0604139 4.5487
401980624 218.855499 -76.214095 3.2751914 2.81574
315350812 203.175914 -65.241367 5.9423119 5.82885
308191940 180.433197 -61.954742 13.2689495 7.74981
343708863 206.77501 -70.50753 5.9685742 6.64236
250306572 223.305502 -50.796242 1.6089592 4.49321
394918211 164.932471 -82.22135 4.3771602 13.942648
394721720 20.278556 -85.590652 1.0690665 9.4235411
97766057 252.047881 -32.433753 3.2535266 16.5212632
468880077 56.504694 9.990299 5.8123508 2.8132678
305767364 263.167427 -64.352997 1.4974223 16.7115651
32460142 266.167558 -44.24599 10.6895417 3.7848
384744828 258.918826 -79.648182 3.0421334 16.8899988
259230140 223.193604 -68.666543 14.3171998 6.37558
22186226 268.198087 -45.082806 9.2172172 14.1810894
350575997 246.621368 -63.457879 2.0134389 5.85423
33350443 266.746645 -47.208394 3.562038 16.7501675
313554509 302.582047 -78.726156 4.4742339 5.7449202
41387532 256.44018 -30.816707 11.4041935 18.1901191
13021029 75.299664 -26.054144 3.85589 14.5222913
429791387 241.778637 -55.768002 3.9693722 6.3435
107440797 264.977797 -31.010482 2.2676081 6.4197
218483943 262.519987 -42.456376 3.7590079 7.61924
379723086 256.820009 -66.127056 7.4398211 5.48138
107728509 265.109377 -32.124087 2.6646183 4.25649
464646604 287.741144 -60.272636 7.7121208 3.004038
143350972 82.245986 -17.429564 1.0817 2.07554
231630147 317.159425 -55.56516 7.0642486 19.7963184
178170828 43.136576 -30.206588 0.450264 1.7032799
197807778 53.504784 -54.36679 3.6989939 1.6399568
350931281 90.71014 -55.532931 4.4620528 3.0395927
342314656 123.724987 -57.433076 39.6244593 16.7643991
177254988 101.595337 -75.444127 5.9214231 2.8781652
177254988 101.595337 -75.444127 1.0929203 1.3599954
206541859 18.048516 -56.925387 30.083503 12.1275255
207238953 50.21978 -56.071719 7.1366507 3.3078706
260189643 93.180626 -57.314409 2.054238 3.5135858
382200986 81.818658 -54.946098 92.4918048 7.7703331
316916655 74.472782 -13.703709 2.87436 7.91346
280803800 44.396282 -66.512498 26.0179101 2.5512622
366484980 126.896827 11.667413 13.7748361 2.67656
35315453 249.808328 -52.099838 2.0340967 6.38274
142019343 97.227889 -73.326667 4.4719937 1.08366
79605791 251.780014 -39.947307 9.3305377 15.2895
208297760 244.467204 -54.166478 5.2574854 2.88855
295593712 273.846341 -68.595252 7.6247217 2.26441
295593712 273.846341 -68.595252 25.7086236 2.81726
352229268 288.488957 -76.089319 16.155134 2.42196
70899085 64.190221 -12.084864 4.0520368 4.9523134
362709886 246.799613 -69.344037 4.7259317 16.7543131
141412823 84.237192 -75.611421 21.7004042 3.16777
263748033 270.051173 -31.608593 4.90826 15.7889
344600402 252.03108 -56.686774 1.3875331 3.16086
326386495 268.24441 -48.563082 17.7424733 2.00179
106940971 264.841449 -35.391821 5.412802 11.0171044
271354351 294.865467 46.285813 3.905126 14.5499431
207339000 135.049261 72.147747 4.6182631 13.3976162
271042217 294.513246 45.981645 1.8555745 14.8951809
233188747 225.589638 70.949594 3.4505658 12.8140087
117979897 71.824435 -17.115174 3.3106692 13.382013
362222177 286.680147 78.579143 6.6363577 12.2701
121660904 288.581493 41.089734 4.8854844 18.1759557
63452790 292.855719 46.391188 2.6843081 13.9748499
122596693 290.581743 40.577311 3.5256535 12.1210086
237205154 293.583219 76.661086 5.8929985 16.0223
22233480 270.317239 35.594899 7.4463034 2.4048644
267545252 284.280822 48.537916 3.3792358 13.059562
179034327 64.183998 -26.766407 17.9635083 3.2970197
23982469 276.123535 32.065393 4.3753714 18.673261
446158352 88.754704 82.889011 4.0434287 16.7752
158241252 274.268664 21.909546 1.8498567 1.7193265
158241252 274.268664 21.909546 10.3088724 2.2122841
158167408 285.971768 42.545624 5.2410659 12.4231453
158388163 287.130578 42.350153 4.2253498 8.8893197
137899948 292.872929 41.064173 2.4552388 12.9928631
153937417 172.872285 71.081486 4.1596837 10.0262443
322046084 278.326026 25.395158 2.7519172 13.4019
14091704 77.323576 -36.591034 0.7649571 12.9538
373017346 306.137819 87.071156 10.6925011 4.01292
23229805 274.760444 34.045704 8.8517354 3.6624912
229581160 270.165725 72.939501 3.4149091 13.9171881
243333538 289.839513 56.93037 2.9985667 17.8036847
48217457 282.966215 48.345055 3.1208396 16.2108254
138644215 294.192119 39.618973 1.5449334 10.7011777
27774415 296.200551 49.14003 4.9427985 15.3204961
299220166 289.434667 49.473455 3.2175184 10.5529773
229671380 252.125998 74.76375 3.939371 13.6344163
230129753 251.827318 67.298053 5.7475343 6.43097
461635621 19.91003 85.13439 28.6648749 3.15161
149282072 279.146891 16.45244 3.7006742 2.61277
76420654 274.669941 36.254856 4.9133022 9.33912
441589581 113.133261 75.789688 8.0379975 7.65886
268604331 299.097517 43.497585 5.0141991 13.4911728
48506505 285.268528 48.559884 7.7942155 4.9169842
441763252 260.575023 72.645373 2.7708596 12.2577
441763252 260.575023 72.645373 7.014001 3.6528621
75262942 299.050641 17.569963 2.6634154 13.6857367
256364928 300.182122 22.709776 2.2185748 13.3010355
27318774 294.996342 50.470046 3.2432488 14.5800064
63211674 292.287301 43.197254 8.6004516 14.548121
122441491 290.357978 40.567697 3.7970076 11.7557579
264508014 298.62498 48.57745 3.3119026 10.9625327
159098316 289.607943 44.345435 3.578757 12.1416042
399794420 285.213819 39.027466 1.5947535 14.3739674
233823679 303.549181 54.694405 2.7586362 7.78435
126606859 316.096939 24.653674 1.1589013 2.6829722
1528696 75.795382 -30.399461 0.8820624 8.3888941
377873569 294.356556 38.947342 3.8493846 16.8088001
239332587 311.2697 44.500235 0.9263237 1.67823
27990610 297.015464 49.225299 2.8164979 14.4894174
272707711 296.683099 42.967882 2.6890703 15.2271225
137903329 293.092528 41.35551 7.3405675 16.7317044
99224131 305.441329 26.692676 2.6915408 17.4501
193754373 306.422081 45.971031 3.9540617 13.1238
269269546 299.905917 45.43961 4.45417 13.8017218
267572272 284.296039 51.269121 2.7974757 12.0149088
139528693 63.756266 -22.11639 2.1751729 18.7874019
193336820 305.689744 47.308619 5.006622 2.22447
298297931 308.6508 29.238102 4.4331838 12.5157
263218688 298.686935 23.060942 1.5076298 4.68666
120826158 286.362495 37.02599 5.1830043 3.63045
120826158 286.362495 37.02599 2.5693728 2.18392
436166416 306.396098 27.816089 3.6001959 16.1928
305943739 295.468588 23.377283 5.3073459 2.05347
120183168 284.361887 39.076184 3.4902115 2.05978
120183168 284.361887 39.076184 5.5387718 2.07738
77951245 79.005088 -31.412694 10.7148661 14.037554
406190563 306.244087 30.348186 1.773346 7.95884
22069559 292.723724 30.433453 2.0348789 3.57655
239372503 311.435385 43.445151 0.8560277 3.15801
167719618 103.092872 -65.097657 710.6982018 2.0928405
349972412 114.467307 -62.078278 82.9294114 11.4756331
349972412 114.467307 -62.078278 2.4261538 2.6600255
150299840 95.241796 -60.955781 19.4723789 17.3337286
434105094 354.410625 -12.84253 5.4107024 2.9859726
179582003 80.451368 -69.988217 104.6162557 15.8235575
170789802 69.614731 -31.189335 3.4672779 2.1135466
257605131 62.966385 -37.93973 16.364873 3.9248322
257605131 62.966385 -37.93973 1.8586624 1.9323657
257605131 62.966385 -37.93973 9.1910792 2.7251006
340458804 115.639048 -58.623272 194.2432864 4.4714848
333674399 49.305279 15.501727 20.9040576 4.53003
333674399 49.305279 15.501727 10.9776867 5.76837
243014114 60.792973 16.347166 19.5620458 3.2870868
408261725 18.090518 13.75508 9.7607632 2.22799
436875934 42.721741 29.022249 2.7535993 10.7107
456862677 21.186178 21.513064 15.2664658 12.2663968
85593751 47.368947 30.673382 3.7224626 11.4694856
301289516 351.771776 -1.285343 1.2089755 1.68645
398572544 353.616269 -1.579985 3.408833 14.2632
139733308 67.222847 -21.482057 4.7633952 10.2196833
439842788 334.796989 -1.83443 3.0717182 12.0054949
369480087 23.304228 5.645209 0.3643225 6.9527391
427332229 3.961707 1.200512 2.7186256 12.4543
333657795 49.178124 15.656354 0.9260632 1.67736
36592530 342.385899 -10.675469 2.4841975 13.3413
39926974 335.623315 -7.956353 2.2602655 2.7262374
380887434 19.472257 5.4712 0.3994445 0.9086617
376981340 19.609812 6.8168 4.0249712 10.8574371
384888319 16.968846 12.880955 5.8795752 1.8721219
452808876 72.660592 1.893836 2.70582 18.4904
35022727 48.435473 25.197355 3.6528112 12.6675004
262662119 349.063465 0.30669 4.53347 13.221703
376939759 19.449382 6.868847 5.8176452 11.6459
418761354 11.480235 6.34703 2.1747824 1.79105
437704321 333.751879 -17.2508 2.849282 4.75272
26017005 52.342055 22.299349 4.0984741 14.8366922
380907135 19.550586 2.702785 4.0460644 18.2851
251039147 340.59158 -6.87105 6.6629951 3.7022837
262715204 349.384346 1.300152 7.1385672 3.60516
262715204 349.384346 1.300152 3.4715644 2.65245
102264230 331.203092 -12.019067 4.1591488 12.1616
153077621 49.659937 -42.642329 18.0826084 3.911716
388816604 18.588433 1.004796 2.5048178 3.9467
4464022 346.592747 -9.201478 5.9167817 18.1119
435339847 55.228521 12.572448 8.2000875 2.7997542
610976842 19.610142 6.816728 4.0248735 11.6786
25911962 51.440653 23.188666 0.745637 7.71235
206284139 338.606231 -13.731804 3.0026215 14.0672
21130820 36.34112 25.530678 4.6003967 5.39503
9030119 355.702386 -9.588712 3.3129214 4.28877
98796344 45.462478 -16.594496 5.358776 1.4454154
400972123 167.819807 -68.472537 1.8868668 4.74953
204650483 184.978758 -25.827853 9.956296 8.32411
248250955 264.714256 -47.637046 0.3011506 1.2801124
383721338 278.186572 43.25282 20.3129649 10.8026737
369768787 144.319335 -84.696258 39.1076478 1.4669377
141770198 91.875497 -76.69059 522.6272677 2.2445426
107018378 182.925066 -32.53258 3.7924221 1.5602624
258917846 197.912511 -47.45457 32.2924417 5.3693497
220414682 71.112335 -59.321447 6.5812768 1.6765354
271169413 211.013538 -30.014125 3.9649849 1.5372814
77228304 69.116563 -41.246194 0.336826 15.240658
307716123 127.832228 -68.0239 3.7634028 2.4144238
33716474 60.961895 -76.021457 8.9356558 2.0224563
349576261 112.010059 -63.517779 225.1037885 13.2081506
418255064 196.653058 -80.617002 743.4843888 5.4510788
400786146 167.000935 -67.149824 22.1536777 12.6297905
381897917 270.107996 -48.474637 692.5150646 2.2782015
269728501 56.769865 -79.334322 2.0844882 1.881105
307849973 128.506585 -66.768549 0.8409429 1.6732084
307849973 128.506585 -66.768549 23.5422422 2.3109407
447088034 238.702259 -65.901121 14.0063765 2.26316
149126400 81.028116 -63.028858 1.2253159 2.3820012
89256802 58.725356 -26.423411 1.1759834 7.7193559
137402055 292.068311 38.8422 1.9737719 14.2783974
48451130 284.879979 49.26702 30.3599812 11.2141216
154940895 210.048871 88.612103 13.4755461 1.5718719
362103298 268.253758 66.134585 10.7155521 1.4160391
298428237 312.065404 24.484549 0.768988 2.01326
372759746 175.196879 71.978724 27.9815639 2.85252
157667414 275.226841 16.452703 10.4834062 3.5119412
138364831 293.871914 38.422918 1.6255124 11.2971803
154474036 184.210967 75.140236 8.6239097 2.9176946
27769688 296.132814 48.97731 88.495683 5.1574303
64071894 39.136304 -22.244996 17.5288347 2.8950078
219742885 242.415045 65.828021 0.9167992 0.6115871
273231214 297.333072 41.891119 22.3428773 11.3355032
219854519 256.860137 68.865626 31.0343214 10.1577688
120255950 284.472247 39.911889 31.5786847 4.8743389
416534875 164.524644 59.430179 5.3909915 2.22182
137683938 292.579856 37.376262 3.2903136 7.5296069
48031665 282.00042 48.542256 13.1187746 2.9857871
164458714 283.151045 45.140084 17.8335899 2.16267
38603673 64.415043 -61.39201 4.4291253 6.3443547
154923406 203.195141 84.514705 25.9213509 1.9119702
356868487 275.838952 69.861926 27.9102929 19.2884326
122785299 291.13762 36.577344 8.8849511 12.6838437
399954349 287.605703 49.523394 7.8344688 3.7973353
399954349 287.605703 49.523394 3.0051929 2.1434355
158555987 287.807212 43.188801 5.5460811 10.0832239
159725995 291.275663 47.329511 3.7705865 15.822462
86951294 98.707848 27.388017 4.1194175 2.68492
68573534 73.705654 22.146384 4.6663795 13.2255
29017001 50.787196 24.690039 8.2003748 15.9053
307809773 99.291543 17.56627 2.7694936 1.27326
307809773 99.291543 17.56627 5.7060868 1.89602
9804616 47.64349 -9.276812 0.5168347 6.597837
232608943 258.450367 64.566173 82.6901439 6.8236925
232608943 258.450367 64.566173 482.8191 6.9087752
349071261 75.814118 24.22327 2.7875233 15.2099907
467651916 60.600332 31.329835 3.9812985 2.5669894
437856897 83.865929 21.294242 7.2455997 14.2395
27039476 76.44594 21.548199 2.2251639 1.50436
19155785 81.715698 18.419816 3.1442556 4.69096
68577662 73.766793 18.654323 11.1684037 12.77
28294709 28.905222 24.118154 5.5109534 3.08109
427740976 59.647191 25.388587 2.3494903 14.6551
118820486 70.374204 21.257733 2.6921752 16.0682
4646810 38.271253 -10.352178 10.9245478 1.9015018
1950736 79.04324 30.585072 3.1129681 1.5002
68646526 73.841599 19.280926 5.2289874 2.3513
97735908 92.664023 30.957133 4.1137862 15.0368
408809625 38.153496 16.337623 13.8338893 10.4349704
84599716 96.679195 25.205001 5.3193755 19.6684639
258796169 14.818088 13.860795 1.5538188 1.2643202
18373995 71.022672 22.567602 3.4878754 16.8851071
284326455 99.897992 25.482401 3.7998536 13.2670623
238586172 91.108286 22.49945 3.4732399 16.6589645
420049884 36.276465 1.32355 4.1074291 3.971632
171160243 68.071463 33.396384 1.3887494 15.9057
293457754 26.793225 3.132932 4.5195089 14.3049176
94727308 60.22656 31.691067 1.2969404 11.2860342
56399553 62.670422 24.401656 3.2588316 12.8714868
84339983 100.848014 27.252182 2.7908285 16.7559488
58472992 65.653481 25.699878 2.191342 2.301946
241442273 205.513548 -48.466443 17.4756122 2.65592
89702406 127.649986 -58.528508 23.1438551 13.2171669
404421005 202.01619 -15.937975 6.32668 2.2901554
304339227 275.943112 -68.34495 714.6970956 2.491011
292202337 230.887224 -25.370615 721.5622191 4.5521238
313006381 137.524773 75.610842 33.6357031 2.29227
336075472 276.862418 45.454489 63.1448519 2.8828549
307958020 256.843102 62.475548 271.938639 3.5295923
17150865 64.644978 19.179039 0.8706763 6.52133
337129672 33.630248 8.079261 49.1077047 12.3506372
405484221 56.730555 24.187804 42.8289152 8.539416
306485267 33.26482 19.402667 14.3540583 2.8052104
58824746 12.820663 12.787986 10.2829583 2.7186716
91251292 27.314546 21.703491 3.990679 2.7025526
91251292 27.314546 21.703491 13.0780555 3.3632641
398733009 32.169791 -9.046045 0.8185672 4.1552603
337216118 38.205319 10.072466 2.6857229 2.8622325
436873727 42.558202 25.333533 22.0933922 9.7603293
336961891 30.884661 6.81587 3.6022377 1.1671855
270355392 32.217966 4.306928 5.0256637 1.4655752
270355392 32.217966 4.306928 10.7387039 1.7168904
387423096 41.72889 10.025975 0.3181853 1.78228
286696849 72.799607 50.097926 8.9299483 12.6566078
303204165 5.246066 12.324003 8.8346147 2.5385619
303204165 5.246066 12.324003 11.0696104 2.5924247
257774438 16.46252 11.753717 15.3886607 2.5382638
404713783 29.956527 16.346694 15.0758735 2.41942
270380593 32.782085 2.418194 3.8361623 6.2369926
60646268 334.328447 -32.861291 2.6672418 8.5917
147302550 325.099478 -46.296628 11.1878978 10.1018
139877968 326.341174 -48.133805 18.6224802 12.759
238854767 342.755394 -71.741896 16.3764188 4.23355
99648579 321.394406 -21.79841 10.6936683 12.2512
209310912 337.171555 -23.935763 3.6749802 11.714
120523488 2.911029 -38.010267 3.439221 6.2369
434110695 355.018479 -15.946346 8.115667 5.8543726
224279091 355.53548 -39.061086 6.0142432 2.96676
178215634 58.814237 -20.31271 1.0451165 6.13091
4616072 101.994246 -21.910711 4.1876154 13.9002369
435259601 51.999785 12.523415 1.5090806 14.3177
166778944 57.516031 -31.094025 4.7034187 2.58065
237358490 61.083254 -49.123531 5.2916448 10.1289
299551666 54.66524 4.92143 3.0002713 12.4821
165201455 56.300399 -41.309838 3.6831574 12.4845
165202476 56.289886 -39.06318 2.9093856 12.8688
422884521 37.24398 1.309474 17.9450925 13.3791
142938659 52.647353 -35.203715 1.0049552 5.19137
71401634 46.905585 -17.894406 0.2476684 5.81442
20178111 89.897418 -40.395746 1.734422 4.24151
404506270 61.665802 -39.44461 15.5014296 10.8287
439873430 43.695622 -4.863004 17.1470323 5.37173
332911893 35.215761 -1.826042 6.6132132 15.5423
118573065 53.296574 -8.258428 4.8667353 16.8337
89062142 54.457028 -24.612628 4.2430633 12.965
279095914 50.542788 -4.111673 3.5779775 2.15124
219225319 62.72425 -49.383201 13.291966 8.65633
100974694 54.371568 -43.70451 4.0589926 5.84962
206717400 55.001711 -14.068976 4.7743169 12.3583
283605976 61.899944 11.517544 6.8170909 7.4200144
33521996 88.146808 -19.031627 3.3252703 11.5039006
31258738 82.157034 -27.031688 17.4314043 9.8169
248689510 68.143794 -4.785446 3.0421828 14.5498
449197624 79.684211 0.292396 6.7934811 15.1938
264460005 81.1665 1.757343 3.0929206 11.6629
399757537 73.583455 7.775395 6.4879123 16.7425
431693152 74.236863 2.66232 7.0308254 3.61495
316875094 74.254788 -15.10348 7.9461192 13.6973
302759417 82.82353 14.314367 3.313358 14.6999
245793479 67.157759 14.533291 7.7688831 11.4556
396935099 63.49606 2.762296 2.4337374 8.67796
33692729 93.057845 -14.649317 13.6308024 3.5493962
455033897 76.597155 3.280489 11.5341529 6.82739
200321577 76.320243 -44.654977 8.5725884 10.4135
153723304 66.070044 -47.111686 4.0519584 10.7206
117843365 70.222013 -16.590025 1.9113216 10.1581
50745119 83.000492 -2.417632 5.629318 14.4974
139550876 64.197037 -21.610135 35.7861915 13.2073
243011228 60.585987 12.414279 4.1249095 10.7709
250189842 64.84729 -4.547885 5.0274739 13.8852
411781649 78.673355 14.447352 4.2333233 12.5093
34395020 82.30396 -10.328696 10.1766089 11.0026
37770169 94.009904 -25.031411 12.1914558 4.6131319
9344899 72.793934 -8.44732 8.5821795 9.30439
248690688 68.219308 -3.737468 3.121702 14.8115
293514367 76.580083 13.772207 5.1155806 13.6976
455030519 76.579417 3.588516 2.6875966 13.3886
436637677 72.164943 12.95525 11.9140328 9.89059
37117064 90.488285 -29.136423 735.982363 12.541
322825139 101.244048 -14.546664 0.4709937 14.5973
232194097 91.473323 0.357256 3.3560085 15.1419
317328621 87.490493 -12.835212 6.2397532 7.89594
47911178 98.351102 -23.486086 3.5857076 15.8525901
144486060 84.166705 -38.519128 1.4798437 8.37272
177718896 107.311621 -11.063261 3.7081082 13.6266
317089770 86.421113 -12.128385 8.8720052 8.76898
251111783 94.936966 -5.719195 7.9144674 14.5746
268372005 105.00193 -2.339506 6.4274159 12.9491
268689126 105.24334 -2.259145 5.2376102 16.2444
269190305 105.737414 -0.80334 4.1583367 16.0152
234958949 98.690645 4.395871 5.1409029 8.29803
306363166 91.094456 -16.340258 14.3953055 11.615
124322274 104.182427 -7.824428 3.7810832 15.3456
229210014 92.32577 11.411488 4.0086493 7.2935622
142530031 103.329839 -12.503913 10.8910909 10.6208
322824542 101.227819 -14.290038 3.6590997 14.6976
119638424 100.907325 -10.584142 3.572359 3.43709
26587613 108.008894 15.348909 2.0763072 12.6426
409009431 92.729819 -13.166915 4.2971136 14.1426
270716565 104.856724 9.377591 6.0879495 12.8134
52738649 99.131437 -2.137649 6.9279673 9.55039
52640302 101.114922 -32.858388 1.5732848 14.7247524
97866515 90.620926 16.49946 4.0681112 9.75584
438368981 97.14726 14.940385 1.4553693 13.4308
438149332 96.000589 14.012921 5.3054422 17.4742
97714451 90.358122 12.547883 6.2356356 9.02698
142532090 103.410508 -13.436384 9.3202467 7.8768
247873937 87.824224 13.745892 4.6498719 16.6839
59843967 94.112091 -22.546882 2.5167257 12.9083148
291198795 105.418571 2.18915 2.4849639 14.0194
237637903 103.526509 5.47603 4.1034672 10.5038
23725901 108.746489 -0.242934 6.2185453 19.4459
293931909 95.81556 4.896407 4.8013522 14.2355
269278156 104.738312 7.944615 4.413935 13.3105
160180298 79.129717 -41.447416 7.5395871 4.39334
235078021 86.427665 -45.029229 5.2192426 3.8343
59770954 100.933213 13.599214 4.1018859 13.8992
153412485 93.128141 6.245159 1.3832999 16.4864
100608026 86.748329 -32.532543 8.2617663 2.3414536
317189702 87.074174 -15.199497 3.2141617 11.8959
237700098 103.832704 1.1053 5.0467874 9.9097
306604742 97.617333 14.058323 5.3970484 11.7601
61344769 99.476085 -14.040744 3.6307276 14.0586
267197567 93.487675 -37.668865 22.7273078 19.0824
119556803 100.862497 -7.196044 8.0823172 15.2282
53744258 103.342745 -24.227866 2.0804611 11.5464
34524670 95.379267 -16.525572 5.7627112 15.7774
49705089 95.934296 -24.024654 9.6578504 9.98401
156987351 99.581416 -47.613867 3.0629874 14.75
440849210 109.574595 14.11587 3.7863767 9.94411
119069946 100.058596 -6.932085 4.3591525 3.61577
143072696 93.720773 -10.854988 5.8679992 14.2889
268456052 105.093951 -1.483723 1.6025971 10.4975
271307949 117.097528 2.111455 1.9326573 10.5088307
157127081 104.997787 -36.319389 2.7319222 13.2415
108940329 112.650574 -28.912866 7.2644599 15.0763
170102285 101.127503 -42.76223 2.9444273 12.7921539
112110888 111.76498 -32.185807 1.9491813 15.8333
266441563 118.546528 1.792994 6.0049484 12.6954
455153906 124.547133 2.581065 2.8894603 13.0354
415276070 114.942649 -21.485618 1.7454828 14.1453349
148129139 100.707817 -41.409593 8.6000244 4.55822
412521892 110.784874 -22.439744 2.4732088 15.4982
196286578 125.554446 -25.067535 10.4137997 10.0431
170368805 122.05312 -9.487219 2.9588764 14.8585
145163386 122.342233 -34.567284 3.8074213 15.4202705
170221808 102.329632 -43.739862 10.7490194 11.4707
172464366 100.158863 -27.571261 2.921685 19.091127
231937828 93.862256 -42.39217 4.6942884 16.4932
218988652 124.825286 -21.956958 6.7519508 19.5004
409207712 109.730884 -15.760907 3.3583921 8.84831
50751260 126.577821 -10.504751 6.4311106 11.4436
127012328 116.590947 -25.156426 5.6984189 10.8479
431981595 120.578645 -19.507612 3.5037708 13.0482
156999527 104.439613 -40.307924 4.3930669 14.0261
134221850 106.746934 -44.986628 7.5002702 11.2467
306362738 91.089719 -16.96539 2.7817379 12.6841023
452903647 121.334804 4.441215 1.6102435 16.8320485
100389539 109.388382 -19.828939 4.2809767 13.0113
265350422 133.586405 1.575503 8.4481666 10.2494
65949719 114.554441 -4.006915 3.4658629 15.0462
95589845 110.483552 -12.565478 3.5658043 13.7385
65905621 108.682186 -27.700929 3.5775958 15.3215
274137295 116.616275 7.92953 5.5261155 9.00518
65805840 108.587629 -25.646329 4.0234634 12.891
317548889 88.378462 -16.265397 6.8659582 2.8144915
280307604 114.708588 4.35637 4.3229915 7.54314
50575306 112.491073 -13.625055 1.7131374 6.86542
19117967 120.307448 14.163226 8.4516737 8.2562
320341952 110.163384 -29.951583 5.0648401 8.28506
7976072 133.484281 -4.925834 8.9981735 9.52189
96317115 103.789612 -31.106599 8.4476983 4.97976
174546820 114.720385 -37.67179 17.6868627 8.80381
126772538 116.205938 -26.074575 1.4700596 16.1051
143724857 125.987724 -23.243406 4.4722598 9.0734924
339672028 110.512686 -57.384998 10.3311664 11.9428
281225729 110.196243 -21.679526 2.4162514 14.6399
81744640 107.081813 -23.545352 3.3138453 8.15594
32004914 116.816244 -7.66526 5.545745 15.8197
19447218 124.447282 -9.05703 8.9727235 13.0195
156990000 99.848586 -43.82762 11.2473628 15.7487
60074373 111.092717 -44.032701 3.190373 12.0669
181422954 131.107268 -39.638326 2.6005693 8.18984
82739585 124.904596 -43.057211 1.5889429 14.0293
365639282 81.399006 8.440499 10.8717 9.098964
394223845 128.611432 -30.585959 27.1358856 9.90525
354937825 122.427886 -42.156819 5.469359 12.6725
52936161 125.826083 -43.693856 4.4712213 15.8899
348756659 134.192296 -12.572658 3.7260939 13.5887921
179687771 147.253606 -3.609379 5.124162 13.6708
17683158 135.722015 -33.294867 5.9730504 13.7408
332630868 136.943663 -17.051007 736.5601487 13.9475
291469139 111.14992 -48.619915 19.0286016 8.13514
268439377 116.835959 -49.122453 0.9855374 10.8393
393414358 94.336356 -38.323383 4.3780807 15.1767346
17896514 136.219646 -31.930076 2.6375869 16.5853
186470968 132.682582 -34.782931 2.7805098 8.80341
176442805 131.897866 -21.859336 3.6520005 12.1216
77550515 142.40406 -0.992604 3.118166 8.60632
434428836 139.346697 -20.923355 5.1953991 13.6454
231559817 127.690441 -27.408239 5.1035091 13.7067
19612445 139.870171 -32.297525 4.4644761 8.09695
374200604 158.073445 2.237845 0.760019 7.2902589
427348923 83.531883 -0.207762 4.728681 8.96336
80029842 121.23238 -47.76813 2.3992876 4.05839
453060368 145.897267 0.615029 9.6284672 11.9294
131034657 117.471528 -38.222254 5.3374045 16.5532
258051471 126.694615 -27.024954 8.3548746 10.7025
143994382 119.174735 -42.963073 4.5425274 11.925
26305150 153.910453 -9.324686 4.21909 12.0136223
418971787 120.497337 -35.061315 1.0638184 4.08617
134596619 122.493817 -37.073013 3.7235407 18.0478848
132534906 119.771898 -37.900646 3.0617364 8.08218
427352241 83.622986 -4.415044 1.2667147 8.31491
332705008 150.189168 -14.834691 7.6778159 17.73
60377863 112.229289 -44.139772 21.6091483 2.134
74712191 137.795138 -42.518066 7.2307407 13.364
74530173 137.631803 -43.743559 7.2333744 9.46193
70780410 151.906378 -31.768952 3.9230475 9.13123
44514807 145.691325 -39.786778 7.5872202 16.4426
428685938 180.231429 -23.634554 14.4896397 7.558
35972578 149.242428 -43.384703 1.8881146 13.7957
262499797 109.880143 -55.728421 1.7509117 16.6835695
152467154 171.798638 -36.070515 7.1878971 18.372
260708537 98.454881 -58.525032 1.7447031 0.591815
335590096 183.563961 -13.174841 1.5229985 8.99483
71341774 154.751315 -35.683893 3.4321678 9.36413
143032776 167.255241 -10.188311 12.4856615 12.2535
48274889 148.064823 -33.044965 5.2410982 9.54095
143059017 167.903229 -8.694301 1.2655205 11.3966
35758536 148.957422 -43.048866 4.1059615 9.32533
74484423 137.475656 -43.366847 2.835273 11.2429
31852980 52.540546 -70.399584 24.3321784 2.727569
446135868 147.429759 -48.111763 1.8119168 8.20112
168158622 153.17829 -29.168821 1.7687528 19.8865
310822679 152.911589 -48.205913 1.7125104 9.77984
228694725 194.027192 -26.204243 0.8313018 6.57285
463754499 154.773709 -58.77487 2.2866856 14.738
133512515 150.022254 -53.460937 9.7929019 10.6608
447054140 156.66238 -52.23695 5.2220526 12.0807
144155193 188.544304 -41.837289 4.728422 13.0542
45465399 130.643983 -59.619955 5.3763108 9.71605
452866790 120.593607 3.337163 1.1979996 1.2107339
245099574 198.004287 -53.449373 3.4717583 15.0586
359735804 140.897667 -61.880266 4.4158835 11.2662
458331312 159.546802 -54.579059 4.4360402 11.7883
446463666 155.731521 -50.177433 4.4967355 10.7052
457743020 158.261633 -57.281506 3.251249 19.6899
274911400 149.552915 -58.947542 5.1873583 12.2426
309292963 124.337853 -60.030976 9.4185437 8.08768
455096220 123.250703 4.787029 3.6466612 13.2844134
92004082 172.065775 -49.667865 3.0475227 14.8539
6010784 193.942675 -18.736439 4.516649 11.1801
469333534 148.804843 -57.332467 3.5611222 12.6024
463365347 153.729627 -58.677888 8.9641788 11.2056
438278301 142.254042 -58.862842 5.1609259 10.5964
81693792 167.812428 -50.088877 4.3066915 11.6239
124235800 197.341671 -32.829454 2.7652293 3.48557
376610581 153.027758 -61.462095 2.3908076 14.4175
455135327 123.949843 5.836867 2.8106013 15.9952263
425508314 201.402547 -38.706171 7.6650157 14.8051
107017977 182.897552 -31.718427 16.0462248 10.789
358072664 138.943337 -60.291854 4.1934945 9.49438
457789844 158.216344 -59.880412 4.9142901 12.5243
464388115 156.222381 -56.950477 2.4118274 19.2999
463011281 152.727448 -56.182594 11.1378464 13.1836
385459345 137.989614 -59.602869 11.9768241 8.81618
356835341 135.345703 -63.562345 19.7112002 9.99929
272211398 180.114014 -47.243939 11.6484665 16.0778778
468987719 128.925689 10.206587 3.3326812 14.4797
303327435 164.016026 -54.280472 5.506691 14.6366494
303814029 164.519868 -56.385999 4.4573401 13.5074
219769290 192.36952 -23.076218 7.4105517 18.0468
72401290 187.110757 -46.072906 6.5430693 4.75554
49254857 204.542672 -28.142921 10.5988743 12.6054
454069765 176.240233 -38.139716 4.1197036 9.06392
317362389 203.73203 -64.830059 4.7738904 13.3725
60859922 211.722845 -29.306832 6.5329169 7.59526
155419920 233.386032 -42.100569 3.6470909 16.5056
17746821 118.063438 12.139347 3.1220166 14.3229397
132611413 229.63811 -51.282012 2.5245706 13.3195
404227343 195.436751 -52.591723 3.4975869 13.5654
219181903 91.856826 -51.896853 12.9175271 9.95556
399847887 165.117434 -67.872351 3.9511085 12.8323
454828937 177.011518 -72.715335 6.809144 10.1542
376421071 153.244609 -65.847247 0.8166936 10.8868
448820344 213.704034 -66.714696 2.7792649 12.48
359403471 201.422241 -56.007319 2.5547255 13.5829
19025965 119.627721 12.88326 5.944441 4.4955906
307221757 208.641888 -45.154479 6.7789159 5.88108
148772620 230.921568 -36.199508 3.9417247 11.7599
292797572 218.676874 -58.297303 2.8013515 12.9252
412635642 193.181287 -58.931711 17.4230202 13.3223
68030406 190.219208 -55.501594 4.7750178 15.088
241638905 207.66961 -48.807654 5.0414219 11.6667
457018819 201.741869 -55.915198 2.913692 13.5499
149109125 231.653777 -41.386244 9.1717558 7.49243
19519368 124.695407 -6.785921 1.7018818 1.96356
237929468 58.251168 -62.407968 25.8663869 6.7555369
77680373 239.672825 -27.431264 3.5569996 10.8822
166242494 192.817352 -52.810546 7.9248476 7.01304
418567812 224.001903 -59.642969 8.0176705 8.9733
242190195 210.951781 -43.273675 4.075051 9.4389
332017079 215.249404 -53.136559 1.6500255 18.0511
319783554 205.145274 -63.742301 1.819376 11.1303
382975217 183.798729 -63.61391 4.1400273 12.7772
160476088 226.854216 -45.159596 0.4722347 7.34189
401028336 220.004623 -62.377726 1.7819156 17.5347
245341495 199.717658 -50.065379 3.9358604 12.0264
448435566 210.694695 -70.381177 4.1042587 10.2079
400073524 165.71721 -67.231516 0.6534841 6.94706
405571798 191.759772 -59.080006 2.9590176 15.6559
147723246 232.789568 -53.777178 6.6819653 14.6987
188865842 233.735022 -48.546369 3.1409607 9.6232
8005485 234.525576 -30.534246 5.1087099 12.7621
412485680 193.084066 -54.22846 4.6622996 15.6435
290337456 234.283297 -45.43944 4.6011828 13.7898
329672278 211.627787 -63.053286 4.0557174 16.4885
420202798 192.501862 -59.891934 7.4791873 11.0113
129890791 222.60838 -45.685769 7.0857491 9.46717
295507430 171.252251 -66.488049 7.3136902 10.3927
243476396 206.006149 -42.813654 0.5979368 10.3319
253961767 199.154488 -59.030514 2.2355936 19.1583617
406106335 197.5465 -54.218835 3.0773658 13.6438
108645766 112.446414 -28.483916 2.974175 3.756355
359523751 201.239647 -57.733832 4.8397625 11.6978
149585119 232.995996 -40.635519 2.6492703 12.9788
397522142 158.574934 -71.204192 7.9486299 9.54103
210629725 212.70783 -54.29754 3.027103 10.9691
68081952 193.460711 -54.345963 7.7023687 14.6181
145204443 229.97328 -45.718 4.7190303 17.051
311736478 181.475721 -71.58616 3.6305988 5.32844
121338379 129.090789 -3.860202 0.2750478 4.0587998
14029793 76.446544 -38.864642 0.2097217 11.9597
46627476 85.01129 -17.564085 2.5665666 15.79
123702439 115.638695 -43.553495 8.5334865 4.14687
295312916 270.777435 -68.14639 5.6386197 13.3798
247180220 253.700297 -45.367406 0.7702101 13.5452
362111691 244.854853 -66.670298 4.8807474 18.7724
360221713 262.31426 -59.107667 3.1062522 12.6882
277128619 283.132534 -78.43443 21.4921464 9.09747
294295243 265.23597 -69.443478 8.7802662 8.87975
384709136 257.612996 -81.70829 4.8131406 15.2753
76228620 269.247209 -55.787941 9.7800223 9.06075
33227166 266.628908 -43.374494 5.5846356 9.33343
134200185 106.559098 -47.587816 0.5481573 1.3591774
179230828 158.600019 -23.73406 5.5422295 14.7328
179230828 158.600019 -23.73406 15.3392841 11.7705
95709395 243.403564 -33.496496 5.069043 13.2155
418471116 205.298543 -78.882708 3.7318818 13.3208
301900477 259.699318 -66.348384 4.4540914 12.2601
384386062 249.366356 -80.975283 5.7626113 10.0697
282485660 238.108194 -48.1451 6.3084728 6.00429
449107129 216.471203 -69.83585 4.254955 14.4712
424196109 236.06387 -61.041365 2.5432595 10.6224
150531994 266.129426 -39.993496 2.7702532 10.2658
463781038 261.294366 -40.583473 8.1755735 17.9327
134537478 108.301409 -42.409762 1.7100122 17.2191
276735500 270.340633 -79.353115 6.7107895 12.843
418298773 197.361763 -81.962957 2.6060495 6.7707607
245728942 252.214926 -44.21966 4.18438 14.8687
287494667 123.632846 -72.245005 8.989491 13.4707
362032529 244.702801 -68.662731 3.4507193 8.16973
221656234 245.273071 -43.222686 2.4533968 16.1215
302054555 260.016954 -67.444612 3.3677179 12.6215
294691204 267.208534 -67.058468 6.5859565 5.98453
420829332 251.626959 -55.262592 1.090295 8.96609
172193428 98.53195 -28.404168 2.9412694 8.8335566
310266243 251.32038 -76.166637 5.3450209 11.8547
403405969 230.10612 -77.358859 12.975062 11.8674
208772468 245.215993 -57.641596 2.244541 13.6382
213111428 257.123769 -51.531661 2.2749988 17.0496
344130921 279.09562 -77.375951 14.7765802 10.2309
217838717 261.365163 -46.988032 2.8846592 16.5935
161247580 261.946819 -33.163141 3.2813635 10.9441
361711730 243.885021 -69.217097 10.2436729 11.2818
154400369 259.95298 -35.740745 3.8861815 10.8516
186812530 124.320365 12.601322 3.6773543 11.426
318180448 309.399793 -83.092931 5.4695364 1.39203
306990399 266.949667 -62.527452 8.7042937 3.59413
401509690 215.630691 -72.802221 5.8009082 8.06972
406726743 222.810426 -78.378242 17.7481897 11.5797
263486257 234.548332 -71.927874 4.1245473 17.7780627
127115861 267.168701 -29.5226 0.9990876 16.981
396649769 214.410109 -75.324247 2.1967461 11.6242
412828754 263.127273 -50.291903 3.3808424 15.6348
324609476 312.602815 -81.443121 0.733892 12.8031517
282221346 210.985629 -78.772446 5.6316098 6.99657
75522633 267.099516 -54.9322 3.8027513 14.5097
298946836 243.221573 -61.031281 5.5556615 13.1283718
297950791 242.186675 -65.25866 3.4792084 14.4016
291857895 248.591364 -38.239147 7.3142625 12.5859
323022088 247.424651 -28.504414 1.3583233 13.5621
261020738 226.112079 -66.203063 2.9204289 12.9535
268644785 117.414976 -52.120447 3.3294649 16.0269619
282701278 232.617533 -55.787488 2.3064574 13.5732
217933560 261.385143 -44.046683 3.5980715 14.8005
208151094 244.35621 -59.097565 4.0668104 15.0245
324426685 285.668452 -77.582499 9.8830331 10.3147
401704685 318.86343 -83.164507 4.2100055 13.6161
407146538 235.152828 -81.208241 2.0915616 14.2961
216925130 259.468864 -44.865144 7.6686232 8.82795
37291237 254.842052 -35.388933 1.1437772 12.9975
277034534 279.790982 -79.505335 23.7123919 12.8901
458027465 250.408499 -41.58444 8.7876771 11.5115
274138511 116.68702 6.445569 2.774207 2.582442
16264917 247.643085 -49.414177 1.2695326 14.8016
214218272 260.73494 -51.983412 3.3645349 11.8831
294768072 267.651938 -71.286618 6.2244575 8.34496
173979859 258.239194 -59.367192 3.613799 15.4064
407127579 234.351892 -82.485339 3.5108018 5.42543
243244680 136.574193 19.402057 19.4921473 5.50689
56655478 63.833786 27.062203 1.3454079 7.22545
117275513 130.878348 24.422956 4.6886342 3.36071
366631954 130.180046 10.982951 4.7369669 2.93924
381360757 46.920838 15.324683 8.8558739 3.014
348538431 121.629579 -15.76469 0.8994677 17.1200078
319968129 95.305914 20.878513 6.216994 7.46488
307733361 129.601086 20.106007 1.6739029 3.44449
7059054 126.936662 17.579327 5.185768 7.50399
458686969 133.866599 10.04531 3.1393667 15.9004
6893917 125.617407 13.735309 3.0801795 17.0613
23113034 60.838304 25.343808 1.7134571 4.95462
303432813 50.510417 17.239209 23.4428912 3.02618
87873211 107.532776 25.819332 5.8879518 9.19044
303523128 51.365399 13.507488 1.5110224 1.47339
69672493 77.394839 24.324493 1.4920726 2.23482
425206121 111.509529 7.615776 4.6117328 18.7958
17409453 66.236364 18.827362 9.72665 7.23871
203214138 134.69028 20.868979 5.1699026 9.23587
437011608 106.569578 22.683148 4.2403543 2.64301
5882269 79.140797 20.254903 4.7948642 3.3985
438260486 45.954561 20.110588 5.8321337 1.15554
6785559 81.433488 20.544071 4.5117148 2.89398
178217113 127.578723 22.235919 2.9956366 13.1937
18310799 67.412861 22.882567 17.3070631 3.7275
234388232 112.891681 12.034442 10.3883213 3.76664
234388232 112.891681 12.034442 13.4155226 1.53506
330687113 136.489426 16.325515 5.113835 5.6708634
453211454 117.924642 9.385241 9.0588209 2.67607
453211454 117.924642 9.385241 21.4003129 3.0010426
184892124 130.664165 19.41436 1.9828041 10.8910702
438073782 95.635062 14.017632 3.6413702 16.4955
90853136 101.625573 28.841238 2.3626901 6.9577388
63189173 118.48315 23.938219 2.2984058 13.7058869
19028197 119.773502 15.391209 3.3366511 4.1305078
434226736 63.273935 15.247703 3.4845543 4.2083193
26826078 111.91643 24.336119 2.8753183 11.1331
203214081 134.718851 21.074796 5.7459945 2.06081
14770122 113.758253 17.830028 3.5438732 19.1202757
91481801 44.79356 19.989734 14.4507561 6.2516257
238086647 104.95898 -49.50748 1.3523942 2.82883
349582831 66.934984 33.086274 3.4532143 16.9569136
366410512 126.488211 11.511093 10.1367283 5.44119
82508808 123.152165 17.930123 0.4522013 7.9172286
366443576 126.624043 10.555371 4.9898664 9.128
415443327 75.754432 11.449226 4.890376 16.1683559
203287192 136.169901 20.931448 4.4455436 15.8181
59351345 89.288232 14.878993 2.4361097 7.79741
97735297 92.674931 31.328397 1.8354365 5.7988
350348197 166.269504 11.246407 6.7535728 6.28796
440777904 108.825117 14.262606 3.3552444 15.4971874
239977528 94.404269 31.610331 30.1584857 11.2128
203289099 136.361492 21.668589 3.3557219 1.9149
337385330 110.304466 17.588565 15.532806 2.17742
2685481 80.498464 30.948728 4.1363202 3.00841
366499151 127.154488 10.249488 13.8240078 2.38171
149496868 164.375996 12.535614 3.4355113 4.18368
26469462 107.762809 14.947519 11.6986928 3.51877
438412198 97.362073 15.65565 1.5749553 2.51186
75427473 85.222404 25.872525 1.4713984 3.62613
119292328 96.646702 -38.60721 7.1887332 1.5254582
119292328 96.646702 -38.60721 20.2749388 1.74398
58723861 104.214073 22.595448 24.9163182 12.0398
366568760 127.762837 10.847557 8.4071591 10.1248
116668723 85.682297 30.762919 3.3885867 6.12917
332022997 132.16988 20.455016 3.2810299 2.5044826
332022997 132.16988 20.455016 8.4388997 3.0161255
306902029 98.039425 17.38055 1.0754572 8.40705
247906954 87.9525 15.882044 5.909621 2.96154
27064468 151.659783 18.634063 5.4589863 4.40571
27064468 151.659783 18.634063 17.9051919 3.00633
438170612 96.199683 13.362053 17.5328625 2.60324
406495245 143.31764 9.168421 7.6014943 9.00796
101520163 99.702791 29.089322 7.4121119 3.6822
431999925 120.789948 -20.010091 1.445433 3.493627
75589027 85.516418 28.241192 2.1667786 1.77975
350043412 155.515614 10.003199 9.4813433 6.37051
114516994 88.308222 21.917925 1.5985577 11.0534
312221462 88.396157 33.232368 30.4408598 7.19468
95010343 114.312857 24.515713 6.880459 2.77633
172110606 97.83249 32.39678 2.0197299 3.29943
175236511 129.813701 23.357437 7.8092052 2.70889
14570132 126.023493 22.783201 3.2092033 6.33877
38087018 169.632755 -1.774058 1.7292681 12.6001269
95337971 153.384453 19.948217 5.9471027 7.14437
366576758 127.882912 11.922255 11.3909685 11.1984741
175193677 129.689446 23.685265 15.6113633 2.9033347
350020859 154.671098 10.128846 11.8141726 6.9724932
393495970 160.602369 7.435077 1.7554285 12.622985
281837575 165.36512 5.139481 5.20971 12.0204139
281837575 165.36512 5.139481 2.3843304 2.8597467
281885301 174.960254 0.603596 7.9177855 6.5930786
173103335 172.335371 -1.455136 10.0546003 2.1128666
95361530 154.241054 18.213862 3.9178573 7.07511
291517604 261.241401 -58.633055 5.0637114 13.5595
286094277 310.458865 48.028314 27.3714952 18.3071322
366622912 128.067093 11.63071 3.1148931 12.1120086
40954422 301.393952 39.588455 1.7578288 13.9433
388130237 65.399258 -67.47014 92.1950434 16.0082
257527578 46.292637 -21.933647 54.3212423 11.6348
124029677 91.54032 -19.953444 20.9108406 11.3547
240849748 340.959712 -16.462463 17.7256773 15.4613
388811663 18.424101 3.097073 9.7956535 2.8237599
468889418 56.757474 8.664659 22.8524131 8.99211
38161230 171.235952 -2.08516 2.5194039 7.65729
337647366 131.191359 16.243654 4.7464485 10.3209
286712787 142.785956 20.019343 5.8365098 1.6134349
286712787 142.785956 20.019343 3.6469454 1.0301459
318937509 112.381555 2.847953 1.04855 4.183797
4165850 114.639398 31.394454 4.2807509 2.23474
277697921 153.350015 3.960129 5.7519475 2.96374
60286662 125.223914 16.090796 8.5623289 6.9223911
115010361 201.616856 -2.281902 15.4658691 5.07911
6892385 125.420299 13.497512 8.2669589 3.44807
349986198 154.250153 6.866478 3.577501 3.3001
59582240 145.827534 15.004027 1.7726881 1.7148
458686504 133.817943 11.548868 4.8740385 14.3194
363548415 171.515187 1.230624 6.7713411 5.07965
350023518 154.868917 6.582766 8.0387972 2.25604
308307606 120.199911 -60.865633 9.8850244 11.9173601
330690135 136.789275 15.205677 14.7565015 5.7395617
110996418 188.696788 -10.31971 15.7815791 11.7676797
53287554 192.989892 -0.499038 4.7218077 3.124138
98669309 186.085306 -6.378954 4.0035773 12.9627879
49428710 174.109497 -2.023351 12.2193392 4.8045458
55266835 139.324444 15.97982 6.8548465 15.6545004
437054764 135.019493 13.273706 20.3550739 10.5079933
350033870 155.072519 7.273586 2.2085904 1.8831
149969625 184.900488 0.968327 14.0666014 3.1908777
288671122 280.251649 83.055747 0.2874782 5.53402
264979636 115.71678 8.866906 17.87897 3.618524
346972413 282.877583 19.560248 2.7779767 15.9998
346667887 280.677474 21.69982 3.8922407 13.0318
99654378 124.20331 71.286898 7.3039588 4.15031
298829544 287.764397 52.24468 2.7395591 15.259201
28643432 282.699884 34.494757 2.2751393 10.5509
462808933 277.589668 16.908527 4.2788309 17.4175
68453985 291.589776 17.06358 2.503254 17.5644
441590110 113.27293 77.577697 17.8597459 6.12838
141677268 111.926404 83.647091 22.43341 6.9652
408549705 94.084217 87.317511 9.5064017 14.3253
218795833 124.606758 -19.662792 1.2652338 11.9244053
289574465 278.781977 36.615633 5.7488688 12.6677
359469754 291.567585 18.995258 3.0278609 15.5158
336125492 281.06595 38.007341 4.7271324 16.0689
336126253 281.074106 37.366161 18.9972068 4.7954
288612903 275.085296 40.332613 7.0485133 9.80458
357145112 290.124851 23.819189 3.1523405 12.6359
383828887 284.160862 33.279514 2.5677096 12.6572
219431828 146.712487 76.893849 20.5773388 8.59393
193628179 266.562261 46.498341 3.2623468 13.2175
298049015 185.336268 81.647682 3.9131371 12.4444
148479278 102.657977 -37.960195 0.523613 1.4861645
21101556 274.422007 52.572205 17.4372954 11.4845
267810289 293.096015 58.368884 3.8558229 17.8128
320324079 246.458472 74.838054 34.6141657 7.6965
158323182 286.90686 47.905245 15.1255732 10.2442
65845738 310.938842 40.29807 1.593603 14.4804
419411415 313.770682 24.360977 1.6306523 11.1125
159117779 192.905209 78.027244 4.4716261 17.4958
147892178 142.729233 71.740257 24.6951647 6.41046
110738386 291.541081 28.68856 12.2307873 8.68366
111108561 291.871283 25.453331 2.635737 13.8231
27649847 123.344257 12.222108 1.5428486 1.9653032
265979849 314.316923 21.950206 4.5661309 11.6029
215595454 295.168022 28.682559 2.0961984 18.2172
424699834 294.459175 58.986723 2.4011407 11.6862609
247356332 309.275892 29.365411 4.5333993 16.84
7583660 272.537667 47.875676 5.3333965 13.3147
236632480 314.987438 31.485279 7.4244269 11.1736
256561562 299.937613 61.653163 1.8951273 10.1981
215018906 294.922389 28.572231 4.3713133 12.9868
259172249 292.663464 71.762961 4.2914879 9.3875781
378708888 302.828492 34.368508 2.88753 16.2965
19451711 124.602684 -7.571238 0.3969687 2.108062
394691478 291.435194 30.028078 2.0876485 18.0794
233409941 302.166535 59.482017 4.4247361 10.688
30791047 289.709501 31.648175 13.3057762 13.7171
377297285 286.716198 54.612108 4.0656968 18.7081977
406361982 308.190536 27.546096 5.2819763 14.0062
383645563 278.846728 60.427895 22.9367426 8.88483
195093356 313.339745 37.475083 7.8284207 17.0783
313453776 198.684521 75.235992 3.7325203 9.10598
154014059 206.75296 68.867137 8.3221959 11.2943
288428649 269.035507 78.213123 5.9184575 3.4729
93125144 84.846558 -19.55834 9.91102 7.705774
55778666 182.33384 57.503601 7.1452343 12.0822
105387356 300.767548 31.059697 1.5163046 10.3854
69356857 294.337425 35.276493 4.0966887 12.9734
259100469 291.172808 69.125175 25.763332 5.77167
335681838 222.513957 63.038437 15.1016086 2.71644
154814765 183.093158 84.411214 26.1442304 8.19739
193765661 306.286561 43.233222 10.9974977 9.89885
435740442 297.495261 29.891252 2.9889845 17.7415
219016883 223.358891 68.859472 4.8721904 4.89644
230290708 276.382262 44.901409 11.3182327 8.83548
365690646 81.54323 6.912307 12.983175 5.933251
40055053 293.083789 34.940397 4.1793301 16.1603
305948428 295.483771 23.127392 4.8398399 12.0967
426122503 287.658473 35.4957 2.4038486 11.4754
322504451 309.333017 48.04051 1.6087939 16.2542
352151292 305.263323 52.910316 5.0821798 10.6708
123041007 279.057886 42.519276 0.4305826 12.4063
295807723 304.045452 48.876297 0.6972223 14.5958
289307883 314.8042 23.733206 12.9177538 15.194
256154857 300.045751 21.740611 0.701239 10.9462
185598695 302.183898 42.496338 4.6285493 12.8401
71512186 90.169954 -8.468341 14.8608019 4.4404093
436007113 305.803809 29.872672 2.3205922 14.7239
395385033 302.499233 23.40978 8.5394045 13.4388
284660935 179.211893 58.405356 1.1110609 12.9236
126225595 315.261844 26.591654 4.4836616 13.9078
158325942 287.007826 45.396659 2.612273 12.9095
356146869 266.336079 52.475176 21.1968768 6.85964
185226925 301.240411 46.707217 3.1979646 12.9757
147895461 163.757949 67.043652 0.5919629 9.90447
375419034 294.065225 21.794676 3.0321361 12.5315
200593988 85.335762 11.194448 7.699087 6.21451
326347927 303.964054 21.899468 7.2617331 3.97249
402828941 305.458545 19.435847 4.1509756 10.8804
274122380 298.455751 42.967308 2.873138 3.97027
435719275 297.552063 27.481047 4.4274169 19.9341
219847787 255.603468 69.109664 11.5914514 3.16826
312899686 308.105327 35.873629 4.4138638 18.0459
153971295 202.071927 70.416036 13.7036806 2.8229
202468443 229.00618 62.718259 2.0685871 12.5176
359321688 291.219573 22.12466 2.7340756 9.45026
424112727 300.066897 22.162093 1.0513177 16.1359
296461391 306.984801 48.318598 4.3108587 4.50948
278668358 307.952689 48.232153 5.0135727 9.19425
172871230 299.878862 41.742074 3.4100261 7.9526
356682805 174.64475 72.265344 6.1313492 4.7793
219466803 209.896071 74.073261 12.5951009 8.14346
282935857 313.175021 25.502871 2.3612205 13.5272
276381737 308.119189 58.095462 15.9929608 13.4988
264301607 295.80865 66.571374 0.435435 17.9748711
7681574 273.240396 47.336205 16.0104634 8.86029
403693875 105.006164 11.043248 3.524465 9.045877
194679333 312.860751 38.329749 9.0165933 9.81811
405932063 301.464969 51.856929 5.5047275 12.7051
329346586 269.831796 49.54974 1.392516 9.7757
399956873 287.537943 52.288047 6.949428 9.02158
250330564 340.969106 -1.83855 4.3852176 10.2627
301035553 3.035148 -4.612959 3.2988824 9.7209
909930 328.038687 -8.419663 4.1976789 14.6667
857186 327.719173 -8.635946 3.8123614 11.0835
176279915 0.760104 -7.786416 3.4411264 4.89568
438490744 100.255965 16.588795 1.665878 6.98229
250983039 338.733227 -11.363238 2.3007511 6.24136
33397739 344.222363 -8.119747 2.0231137 13.4378
250111245 355.828682 -2.045095 2.9304371 11.8933
4619242 349.288896 -9.435693 4.3023572 10.2749
241102583 328.978312 -0.937407 1.7386091 10.8015
422423972 339.802206 1.688259 3.3014986 11.7342
313835568 331.051478 -2.397099 2.6831464 12.7073
407997410 359.71347 -4.961134 2.5792489 19.2523
387690507 103.412833 12.881578 6.3875739 8.6121163
267215820 356.481137 0.458798 2.2623535 11.9692
58825110 12.990801 13.078371 5.8588751 12.1366
337025682 32.249191 8.057199 4.2417694 11.5903
58798731 9.607237 17.19279 9.809558 12.8969
293407882 12.072754 6.918223 3.7079439 8.08217
408743161 36.581794 15.890418 4.4632038 11.6079
387401076 41.507272 6.461628 5.3331348 10.0196
369477998 15.886532 9.913917 5.2976347 4.00604
422653398 29.00124 0.179786 8.34034 16.0764
52052461 4.463744 14.498767 6.4666483 8.02442
302895996 83.11641 15.555883 0.567995 2.671369
306204904 30.183054 20.023188 11.2036244 6.17248
306401382 32.333404 21.451856 39.0536929 13.5254
399724238 21.075658 4.531542 46.1965072 8.33656
347469901 28.721577 8.857654 3.2571037 13.21
302202317 9.33988 13.859072 2.5351022 12.5634
126982221 24.299742 16.018723 2.4704071 17.1677
309439436 91.802333 35.958044 0.9997277 10.9188
408824640 39.065002 13.504228 8.662046 11.1852
435871546 12.518892 18.985772 4.9583217 16.3815
246965431 35.213556 23.520441 4.0785273 3.74681
144700903 85.080054 11.562637 2.32664 5.5911206
257562160 22.644064 17.254698 0.3852177 5.99543
243153196 15.685485 20.050424 10.1391591 16.5118
336691874 6.529337 14.336428 5.4233428 16.7305
408643099 35.91117 15.482955 5.0269053 10.4869
270406298 32.912647 4.192318 15.057596 7.19514
257922326 26.45366 10.253401 3.133469 9.11145
303502327 51.029236 12.435963 4.6671176 11.4089
58372253 65.293362 27.16792 5.4886518 17.6429
61145589 56.654523 22.872829 3.7796053 11.2162
309791156 80.054863 -62.646186 19.5715862 3.6067731
436843539 40.451187 24.102318 4.6303272 13.0324
387544178 44.245077 7.859332 22.7545332 11.7908
387515920 43.248217 8.854979 3.9544873 9.29453
96948338 74.457947 31.318666 11.4420309 4.14274
247409676 42.176259 20.809427 3.6136326 12.3259
381360750 46.952373 15.359083 3.6139919 4.08922
430099722 96.234561 23.657844 4.0153167 16.8231
27294830 77.556092 19.640084 0.7135221 10.5169
467615239 78.172728 22.505924 2.6429687 13.9715
101348333 49.173462 30.74703 15.1873222 8.96869
281909674 102.721143 -5.086456 4.0350444 12.5330606
14156936 59.309482 22.378337 4.9393117 13.6199
90669930 53.494348 32.118772 20.6875239 11.6872
356990855 76.431732 29.725539 0.5894678 8.96055
34980970 48.026043 24.533561 12.836391 2.49822
16005254 63.266216 20.915157 3.7927572 9.66312
96165095 72.60148 33.014025 1.1062164 3.45691
26018819 52.523054 20.807824 3.9783327 12.3611
21119973 36.136874 24.101546 1.7109175 7.44992
366527844 76.478371 32.72313 3.089007 15.8046856
26054627 52.71257 20.879628 3.3176675 9.42671
280210963 100.765687 -1.296444 2.8280391 17.7603707
68808155 74.402302 21.601976 7.5811005 11.5863
27476314 78.372399 18.259576 2.8817237 14.306
69995219 78.039675 28.546876 2.0389145 8.65136
113919944 54.165272 19.565919 1.2297408 9.99875
34781378 46.330681 28.185824 4.7949288 12.1728
96170689 72.789609 34.627726 9.6125545 9.05686
467684543 60.964678 31.775965 3.1948695 13.3231
150006846 69.841243 27.288032 9.6995203 11.9608
46631742 54.183897 28.550269 2.6599132 3.4087339
90767677 54.066052 30.20593 1.6817287 9.28931
234825296 97.720425 0.226893 9.2432303 15.3965057
366602797 76.575162 31.273775 1.3574339 8.22797
308522539 75.369103 28.816605 13.7279713 11.6412
426448042 40.201941 18.821761 6.7504762 9.83914
366754985 77.00647 31.898377 1.4466879 12.418
21132157 36.519788 26.091793 4.0069668 7.39456
45034406 91.789601 23.131649 1.5328484 9.08045
81178747 91.796289 27.622043 1.6649585 10.3733412
56457123 62.893626 28.17861 3.612762 14.0647
113804153 47.381894 20.578164 4.2460352 14.2200993
234112540 101.27724 0.815216 4.0379012 18.382674
400381085 91.747143 30.18939 3.7539574 14.5318
17457400 66.80026 20.774863 1.27615 14.5092
371470493 43.572773 23.199186 11.6270831 10.1847
9155187 116.716387 39.094469 4.1878375 11.7695065
20096620 129.882377 47.351908 2.9164004 16.778361
71268730 113.784894 71.400673 1.7215575 11.4801145
219113246 271.759525 70.472763 2.9859596 13.2487
467153319 131.135061 59.406708 4.4626933 2.68559
321069529 103.602033 38.646103 5.2841676 13.6017
328325110 112.424109 50.6838 12.7426508 16.6789
237751146 104.33198 4.028698 1.669769 4.4985601
441587756 112.761149 73.128784 3.7723119 3.13069
241174783 116.368498 44.129824 4.0802864 6.300967
356472238 116.954491 48.114999 14.5416243 4.35314
166053959 212.720875 62.522196 2.8114961 1.39962
165297570 157.06262 25.573137 2.9895092 18.8182218
85266608 160.630713 28.198626 5.1665549 14.3194419
202425357 226.106919 60.536232 3.6215615 15.1893
166086403 214.44542 62.758386 2.8037514 1.27317
407591297 152.176517 35.547557 2.594675 1.89426
39143128 168.80167 39.35892 10.4014008 8.8111557
238004786 102.568389 -53.005503 0.3096062 1.5526965
8853478 142.444304 30.062908 15.0619708 4.687483
298600443 272.060717 53.365566 13.6421377 1.77499
198512478 212.621349 72.589757 17.5313321 1.66838
313425396 198.137149 77.839038 30.0017176 1.82693
61109252 154.574508 17.396435 15.1935123 9.68144
298070500 197.058444 81.445787 6.5811814 1.80641
18019350 172.014117 39.672647 9.6477019 2.57133
8260536 161.879557 36.329434 10.590923 11.1189
8260536 161.879557 36.329434 4.7728997 3.30213
284688043 292.982939 28.651865 4.0625969 3.70815
200322593 76.309695 -47.937539 1.2391534 0.9654706
332564140 136.892919 -14.339867 19.8067259 4.46533
397058826 189.518268 3.282395 6.8291029 12.9127343
29781207 65.107799 -68.360571 3.3174026 1.4488457
438519486 100.654583 15.657379 12.8355591 11.2388
56798909 101.360836 22.290364 2.177475 4.05014
172353721 98.693733 32.808268 9.0711977 10.7594
127226712 84.966565 12.257882 0.8045139 10.209
372424377 101.345243 17.310557 5.4683192 13.9823
430093142 96.31948 20.535854 0.9598377 17.4316
115628210 83.983008 31.768279 0.594385 7.44558
143271144 90.727491 -30.832906 1.3534084 18.1129716
76882795 87.718761 28.819847 4.1059353 13.555
76032342 86.068595 28.791551 3.0604071 18.6847
386197662 104.134699 13.429193 0.3828485 13.7767
269838674 90.053026 22.340224 12.612483 5.43397
371164829 109.367805 31.481846 10.7833596 15.4312
52517713 84.164148 14.914516 2.9858191 17.8139
87405719 103.010116 25.2013 13.0086903 10.9890553
79316101 90.084691 26.353234 2.8675385 14.6783
115564354 84.006338 32.316823 1.6421819 2.54445
68443254 103.102009 33.648806 4.8002161 15.2174
49771092 96.066232 -28.1347 1.6318282 11.5558043
195155818 100.424632 21.056692 6.0614403 10.0397
47132480 97.621169 19.861789 6.5552932 19.1366
80611440 86.843617 25.626034 5.3767997 10.5654196
47319867 108.076091 20.751933 5.7188414 4.2762449
47319867 108.076091 20.751933 3.3928027 3.7170935
436099179 83.837234 12.115939 0.8999342 6.8761
429501231 90.431757 22.245686 0.4553752 7.9095
127957099 81.649605 31.633052 5.8095099 5.0621
52420398 83.968375 12.925947 5.2374183 14.2208
76545118 87.204409 28.671337 3.0343155 12.5732
5800958 78.988494 22.074955 4.2318085 7.88895
53593457 100.306094 -3.925831 0.530893 3.747202
46774573 97.005172 22.898603 3.8635521 15.1873
302895184 83.171954 14.957058 4.788785 16.3086
86898676 98.595105 24.235555 2.9525486 11.4188
75697959 85.62494 28.549845 4.1459886 12.1704
307377219 98.83772 14.490329 4.1629444 11.633
294309873 92.998145 13.759123 1.2699324 7.56197
155369758 103.100078 12.531671 11.9285531 16.0753
6853696 81.642309 21.599165 3.42015 18.3061
367193060 104.456348 25.51535 2.5842514 7.50424
247912728 88.005636 13.204319 5.0775738 18.5536
50618703 82.290072 -0.342898 1.5483542 2.1601741
29374525 86.300794 18.461741 3.813812 3.44278
91697121 88.59846 15.065604 2.8633026 11.4725
406684949 143.435397 6.741368 12.7091678 16.3709
400515645 92.873609 34.977082 1.6757659 7.62588
367193046 104.395856 25.498913 10.2780324 11.8122
255735567 107.425727 22.741533 6.3780197 18.7767
84788795 97.096548 25.834703 4.4977307 13.0442723
239722954 86.45835 35.331499 1.4958429 6.70553
291016451 169.995604 8.350262 3.214031 6.77869
119130170 89.061905 21.332032 2.5444539 12.5904
37168957 98.172417 -0.031604 1.9000862 15.0496208
6653897 81.051235 20.590643 0.8857522 3.19978
69028091 108.047768 30.104333 1.6822448 12.3028
101569583 107.907236 28.923941 0.9907914 16.1327515
58997701 104.987572 19.6155 8.3762443 10.1350877
26406123 107.429839 15.596234 3.7196227 13.3603
75171363 84.852114 28.62691 4.267781 12.0047
87044036 98.853985 24.835858 1.0711292 5.8474
456971986 100.615349 19.735175 1.2452975 6.31449
367434266 104.926875 30.54239 22.0632969 10.1729473
1942969 78.932278 34.092293 2.8078585 14.8378
36440357 102.194623 -0.672786 9.2016496 13.4373959
445990611 106.38895 15.670447 6.2987919 12.2385
118963720 88.788121 18.335697 7.4603194 11.8373
79971247 91.098778 29.073274 3.5533716 4.6477
437786834 83.214349 19.952443 1.100804 10.0319087
171646471 158.77531 19.118379 1.1606902 9.92228
87827371 107.199487 24.255919 4.3983492 18.5093039
45368525 92.319121 20.273745 2.8066134 17.3144
83275782 94.393712 28.445251 2.6570006 10.4864
172222885 98.32004 34.072909 20.9233666 12.2366
302419660 81.933112 16.764321 29.3312035 11.9961
367267217 91.162383 31.73644 1.450491 8.43132
47132361 97.620654 19.794869 4.9017215 15.2294
76798849 87.540281 24.774708 2.2703829 12.7801
81808065 92.564877 24.614827 7.5554044 16.0968
97669493 92.511344 32.943648 8.4332312 11.5473
78601408 89.137237 25.683953 10.0532043 11.5364
353361266 100.342905 27.961441 10.3413829 10.465
127229631 84.979951 14.303023 5.8936518 8.37476
95122849 114.741958 29.428761 8.3026667 14.6377
95122849 114.741958 29.428761 10.1197017 9.15067
67444896 171.396808 12.766823 15.1306782 11.9169
42821097 97.033598 -0.170729 3.8971203 13.4932227
46307587 133.147899 17.499763 3.6079916 15.3816
69295263 121.176804 13.413841 3.9315754 9.60432
459947163 172.592807 16.752416 7.9923268 9.69724
192982424 142.586792 12.70639 3.7702854 16.647
443961200 124.01708 8.823241 1.1282471 8.57678
186815660 124.492598 15.987916 2.5840753 7.01829
291109653 190.549504 3.788601 2.0247088 3.7963
302305400 126.357833 25.20762 4.6549271 9.1871
281815702 164.237285 1.936362 3.1910454 12.0476
468983280 128.691294 11.489588 3.1522131 1.4624574
468983280 128.691294 11.489588 4.9212788 1.2783897
32830028 86.752182 -24.842642 0.516278 2.442348
59575189 109.192769 18.121825 2.5193047 11.5079
247166992 113.595788 17.294273 5.0280368 2.87252
350024178 155.009421 9.300649 2.9238483 11.3257
468979441 128.640176 9.035381 24.4383239 5.1712602
468979441 128.640176 9.035381 9.4043652 2.3955263
468979441 128.640176 9.035381 14.5643289 2.2567046
14440334 110.662796 16.865756 2.0760349 4.92939
380671216 179.594619 11.7317 9.6569059 2.91617
323658120 137.037665 10.636648 43.8418559 9.29872
270679144 137.025914 5.92396 11.2120396 17.1459
262736264 149.366582 5.171006 18.2050594 9.06591
386772576 119.738513 22.790566 4.8038446 11.3023
311183180 55.031969 5.874619 10.043245 16.682435
62740096 116.003412 20.208863 1.7530712 19.7783
94823134 113.353491 26.680872 24.166804 8.65143
126322519 135.204056 27.998334 11.6260799 4.02844
350044062 155.580302 10.288696 5.9522831 15.1211
95079513 114.621291 26.909495 13.2414304 4.4877
374350678 160.866036 3.9587 11.1064221 10.19
385312460 181.339963 -12.263451 19.5862903 19.398
377097547 148.60167 6.646246 1.5068165 0.9740062
406140233 142.649374 11.627205 3.1816478 14.4913
35285308 139.182024 14.592401 5.7656076 9.12778
192826603 82.714213 -36.630981 2.6473051 10.6134481
26865340 112.477813 26.019184 5.7380349 17.067
389040826 141.997153 4.213192 4.7174703 5.77392
366698929 182.490924 5.631749 4.5589188 10.6821
184869170 110.25862 19.401721 7.7235903 17.2663
63190194 156.673491 13.018643 1.7459947 12.8043
55275863 139.616364 16.989956 8.5926333 2.4974696
70678449 155.838203 13.472271 4.3776584 12.3407
307951656 148.617274 24.302831 4.5867288 13.5857
386620582 124.152799 16.392612 4.469996 11.2936
443582629 167.727736 -3.242816 5.8512587 1.3562009
44737596 60.949392 -25.408921 2.788654 9.665126
374180079 157.935686 0.937278 14.69808 3.177884
374180079 157.935686 0.937278 19.4834833 3.5483433
396932137 176.481442 11.37083 18.5146638 6.56184
366409685 126.388216 10.170581 1.3851714 6.1348328
443616612 169.117028 -3.975441 3.4712803 4.2314265
277833995 156.405499 2.513883 2.2979915 2.3271065
345450130 57.875185 9.727861 2.7521595 1.3820795
335540507 183.023659 -12.684409 21.7300248 2.526638
415399713 62.853108 10.277208 346.1614828 2.5449936
458686847 133.855734 10.469218 1.2916034 2.4511775
366411016 126.464358 10.246577 8.8652886 4.2853969
161477033 73.261286 -45.540405 14.058151 2.467289
161477033 73.261286 -45.540405 11.9234819 2.2904053
161477033 73.261286 -45.540405 40.8905117 2.7104157
244170332 6.489351 -5.697646 0.4774382 1.118031
88114177 148.472166 19.594377 4.5352255 1.753622
318836983 41.380404 5.150733 5.6539689 2.732945
318836983 41.380404 5.150733 2.3929801 1.6929049
155093420 102.487722 14.974761 1.6098954 3.8276199
176868951 182.751404 -9.765239 0.3693057 2.1341819
268143410 67.324162 26.163578 3.1479748 6.17795
17555760 67.116707 21.56849 22.2897649 8.90212
337648770 138.952916 15.137683 23.899595 12.8307536
178266267 128.073179 22.005792 7.1123703 1.85858
407966340 60.748336 9.207768 7.0491608 2.8464941
407966340 60.748336 9.207768 3.0440441 1.3337425
456305193 117.737465 67.043203 1.0995742 9.72799
231721006 80.729774 -53.765798 9.0182382 5.61073
466206508 302.798423 -61.135466 75.1247037 13.8062
17385917 66.142172 23.270782 3.5424466 3.8362277
68893269 74.700815 18.16905 4.2050741 3.3240452
301624989 169.21486 3.363892 1.9613369 15.8657793
59744366 71.4759 24.113784 9.8479326 18.822612
63013648 117.591236 22.281552 19.6304978 14.0835896
155012162 143.919696 16.097471 18.9690014 2.6609357
6499453 80.8597 23.133528 7.4323882 3.7818383
170849515 70.339767 -32.320417 1.9416366 11.7569044
195187769 128.926789 20.373489 13.955959 2.22304
387974148 87.125618 18.179528 2.40541 2.0045261
3224605 82.384951 33.246886 28.6503407 9.4200991
218354669 43.002147 15.055665 1.7617165 1.5510074
91287873 104.74387 28.715768 26.694279 2.6845863
388804061 172.560141 7.587832 32.9373717 2.5336294
55315929 140.339084 14.367869 0.7195712 1.6108417
323687123 137.201544 11.86225 4.0179805 1.1017624
14570099 125.986485 22.663226 26.1944549 2.9945935
456945304 67.82053 19.83169 2.1408063 2.59639
59003115 57.225546 13.483139 2.294185 1.95611
238606535 132.652502 19.091311 702.469227 9.883855
330637910 136.200047 13.795446 2.0074528 7.1639347
17307715 65.469614 21.353263 13.8532745 2.2098839
127505658 80.947217 35.417549 760.0530038 10.8619
127505658 80.947217 35.417549 45.4964928 8.81795
117892246 131.227011 45.466192 3.2601896 14.6248
73250068 123.355106 62.287571 14.5814997 9.70874
456335739 135.139415 49.451496 13.62636 10.048
142785421 154.302943 75.333344 16.2601049 10.1064
55488511 59.017813 -10.272008 3.344904 2.2540532
302381442 100.172692 76.732244 23.1678315 9.49037
88565745 106.990414 60.01161 731.4778512 11.7782
9151337 105.078049 37.198901 5.8586824 2.35965
459762279 136.426 55.307131 8.7960328 9.14959
268405086 278.550256 86.557356 6.8242909 2.23971
160162137 241.248539 85.204724 32.0736228 9.48121
137543637 136.221429 79.355104 1.2833113 9.39506
98833877 105.308337 41.129691 0.358558 8.24018
154563411 189.265651 75.92044 13.4659853 3.3076
252928337 105.821673 52.51673 19.8628449 7.82397
207110080 42.291509 -58.024683 14.5728985 13.5300683
366298702 112.262575 42.03191 5.2782582 5.6755
456306892 118.065411 70.165569 33.5383044 9.8149834
392064198 110.639665 30.418354 4.51125 5.04347
357244603 107.631373 74.485744 3.0650073 11.1354
29169215 135.324512 47.452351 18.6300789 3.01483
188389305 129.483355 37.735315 1.8434549 8.05828
160165689 244.023057 86.368644 8.9165771 6.82341
29069242 117.732887 46.306568 3.7349773 14.1804
141762491 120.594795 83.198419 8.9109435 16.5406
51094586 108.606501 56.700143 5.6895053 12.0705
209459275 46.818616 -31.162995 6.9839072 12.2398
9907513 110.689677 37.667511 1.2749899 2.69399
192969211 123.027093 42.228714 12.8665269 4.59403
88529975 106.680068 65.857249 2.6085851 13.9108
468433454 128.55223 39.270972 4.7974601 10.4912
53394475 118.417987 54.124212 9.2271917 9.80232
302908969 110.460165 35.221983 5.9900508 4.71645
203144354 106.336563 42.847909 0.3642961 15.3432
237108775 257.315636 80.41608 6.2948747 6.67951
159160230 199.326238 55.681539 5.4368408 6.11754
101011575 129.688303 -13.256527 6.3980642 2.62025
101011575 129.688303 -13.256527 18.8792871 1.99787
287268770 155.151361 63.290591 10.717359 12.4655
237097499 239.507231 66.037182 9.5197732 3.89219
101592219 144.658279 33.691083 5.4853379 13.6635
224293782 184.175471 57.642701 0.5736183 6.063
237015185 306.391539 63.591105 11.1801504 6.89187
252469648 150.538008 50.145387 5.9133875 2.3864
171599496 156.893929 22.426235 1.236949 9.84184
233070717 270.846078 63.21507 3.2750907 11.2041
229713401 278.572233 66.922785 6.4424263 3.14002
17122808 144.187751 36.527295 4.019251 13.7216
377064495 148.185152 6.216103 10.778833 2.6584
377064495 148.185152 6.216103 0.4465713 1.48867
377064495 148.185152 6.216103 25.7122157 2.8781392
252481136 156.022815 48.248331 7.9454767 9.87351
232624234 268.693501 55.064224 11.3630224 2.39002
232624234 268.693501 55.064224 26.7159918 2.7358038
18021087 172.411097 38.936561 7.1314563 7.98487
165413340 159.612015 27.062548 12.782983 9.1313
148960849 189.432315 69.458427 4.172202 3.23281
235711993 252.934906 80.123028 11.7672708 15.2219
154220877 184.901638 48.68329 2.0034478 10.9523
9376973 166.950743 38.136936 3.154201 12.0524
56999883 173.070058 44.126424 3.5254325 17.2611
224299081 185.504552 55.559548 37.9984529 7.69928
413248763 144.007464 -21.665063 3.9306027 1.26995
165414210 159.708601 27.415505 3.2856588 12.5808
219467837 210.063939 75.08442 39.9753375 14.1085
288162228 221.548511 78.996619 3.0594206 9.6239
420174131 292.27775 72.001439 3.6636707 8.91486
53498154 180.844348 49.251226 13.7317565 4.07678
53498154 180.844348 49.251226 3.3903593 2.27887
53498154 180.844348 49.251226 7.8854383 2.23283
53498154 180.844348 49.251226 21.4904723 2.43328
137020480 197.142985 42.340801 3.4645195 10.4699
335813590 183.197314 13.237495 7.5575607 12.4415238
298437387 217.512291 20.953627 2.2853731 3.93456
405454160 143.243168 -17.343474 731.9380939 6.5656892
316416562 236.453853 40.374862 3.2220038 2.0774
347430350 218.276625 21.894688 2.2438471 14.2892
420779000 213.156551 4.059417 4.2342153 7.0962994
119131709 209.753998 -2.513436 17.2837172 6.4100045
119585136 175.643637 20.965292 2.2054776 9.6722
233173039 216.206467 66.700749 25.0577354 5.30323
105616091 199.730786 34.254077 4.2744435 4.01981
136992839 193.01944 47.657137 17.7916498 5.67639
154258295 210.185737 53.123121 1.0034686 2.77075
166054851 213.016047 61.354254 3.3957241 2.79896
1003831 130.295154 -16.036327 1.6511456 7.7514065
373729723 193.406978 24.373263 13.0518467 17.0183
141202786 180.90917 42.537299 2.1808015 7.66626
160521907 240.6254 76.569795 10.2682326 11.589
284592754 186.07825 44.231568 17.1101127 9.37745
441658213 210.119238 55.31559 6.640285 7.34873
156377968 177.21251 35.547508 4.5362433 7.12776
366804698 198.447139 5.702132 2.4277208 6.0694
67743054 225.544641 31.967349 4.0134273 10.7003
23863106 211.009596 38.620245 3.3078803 9.74504
392319808 225.080178 39.451312 4.7518771 15.1227
353807936 270.216545 56.686006 34.2825595 5.84592
256326844 298.466694 60.069171 10.6893108 6.90838
232628532 268.987787 57.305702 18.2598774 8.80539
298729646 278.389882 57.860514 7.4992916 4.15964
233465389 230.922864 37.486639 4.2528141 5.49054
282940781 229.259572 61.008601 29.120986 2.28524
458458156 209.661841 14.12958 3.2487833 5.49487
441736986 258.837055 76.468988 0.8037513 6.33045
119178132 210.77521 -1.480284 1.6064494 11.7098
207491214 246.315511 57.562413 6.2230846 16.4857
1133072 131.086145 -28.07677 0.846542 1.642414
311116297 221.248769 18.50919 4.8183501 11.5419
349312122 222.368583 20.615336 2.8329023 11.996
422217860 191.085171 5.688498 2.3144207 2.71343
198161914 243.86183 64.588731 45.0854117 7.92062
158022899 220.35381 28.19514 3.8863969 9.97164
274223601 250.000454 53.791364 2.2465076 13.3584
235684964 288.295108 76.122823 5.468394 16.445
28242530 222.872412 40.035955 19.511064 13.6915
357347296 201.087989 28.567707 4.1753448 4.07823
162577468 243.934903 48.32326 3.676651 12.1328
13349647 131.58039 -8.026985 1.5373643 13.3084502
860207014 141.823519 -50.356655 14.616858 15.3936
23863105 211.00922 38.618331 3.3079817 11.9758
461239485 222.767322 5.947363 3.0390851 10.9147317
175772482 223.819979 -2.057687 2.8386215 12.9007751
368805700 221.943887 1.065023 3.5771891 13.5073506
181949561 217.326648 -3.444499 4.0548695 15.5446864
311133118 222.210077 22.152614 3.5061649 12.8576195
287959034 216.43439 -3.002761 3.8480185 9.202299
209464063 47.384187 -34.198481 119.3355264 5.11487
143257768 293.389753 -45.891635 1.6622263 18.8693
368739874 221.058269 5.605373 3.3575477 12.6518
207439380 244.780658 55.925243 1.1041295 10.6327
17538423 243.316278 34.332049 3.1159994 15.7497
155949264 231.508334 44.824639 0.7748443 17.1413
32260988 233.688677 -9.344444 1.1000285 16.0194
460396820 227.215497 2.343286 2.3409909 15.4992
255928426 247.460912 37.69456 4.2366102 15.6978
281100535 228.974876 10.461265 2.924439 8.56554
193634953 266.9231 47.705049 2.9479689 9.41494
323250919 241.316382 7.395593 3.3299795 14.9891
123482865 115.102779 -42.154663 6.5562078 8.40415
115508409 253.33734 44.109543 10.4995545 15.8295
17652022 244.846831 32.16612 3.3894889 6.16071
37150278 232.046386 -10.555269 1.6929628 12.4331
23638678 216.830952 -7.547545 1.1544795 16.9317
103865797 242.15447 19.253248 2.2232698 9.36074
393546540 161.156925 6.333475 1637.265104 3.16626
393546540 161.156925 6.333475 32.429738 2.6538
416739490 53.907151 10.842913 6.2183322 2.501165
264052454 307.558008 79.667473 2.346931 9.2562
224328450 251.226157 31.21077 22.0183163 10.5432
126733133 136.955524 -51.867213 1.4687087 5.20197
76193403 273.51971 39.333582 1.7812778 1.85549
43276438 252.691066 40.317443 15.0764899 2.44538
141985686 255.456895 14.707465 3.1291319 4.10795
10792081 29.198406 65.770236 10.169274 6.72921
148673433 169.824869 44.989078 3.7711066 3.3409641
165625229 227.785718 55.934769 10.5998647 2.82438
137843225 226.735266 57.495691 0.3576493 3.4051778
441614965 118.70305 77.299495 2.0364271 1.60247
335813325 183.276766 11.938091 2.6953698 4.5145927
286813592 164.648973 14.623639 3.3810227 1.4978948
270468559 135.344358 6.097083 4.6418435 12.6031793
173002823 150.602674 34.658047 28.4064643 2.5276328
441804533 265.45518 72.217348 16.303675 2.2450389
388898854 174.323105 11.167346 8.2077264 3.816863
219041246 208.458732 52.602763 10.4419896 1.8605473
467158766 132.028101 57.488956 7.7785082 2.9147429
147923561 165.739289 69.916131 6.2822984 1.307924
298074836 201.900799 73.177433 6.7662729 1.0176743
53481079 162.575676 50.796516 741.3380757 3.2337664
17932757 170.27386 41.576429 716.8426894 2.6487075
289535142 131.524924 -13.20287 2.3382709 14.5827994
230055368 170.313577 25.273294 1.4344602 1.393219
85292615 156.749744 30.700545 729.4823472 3.330945
458481611 233.47988 64.647463 61.3191144 6.3907079
235901733 289.508854 80.531857 170.6465146 12.8504525
162631539 245.779902 50.344188 697.4037698 3.0187258
1042432 153.929163 28.355191 746.9545356 2.7184667
71582156 123.39505 68.57459 5.4911302 2.430675
357048995 274.566208 58.562948 6.3928694 3.3171645
219875976 260.350936 67.550421 11.4974559 1.1269607
103605399 151.210123 69.164969 554.4989676 3.8883371
296780789 142.346908 -14.511711 13.5773431 19.8484205
138820713 175.56543 24.192494 1.9271225 1.4261604
188668950 260.098822 52.433465 270.303816 4.4969676
335952150 265.556587 53.203935 60.1702823 11.9133
224297408 184.966156 55.165724 8.2751607 2.8350779
9989136 111.255818 37.231122 6.1841688 2.4076002
157769780 147.125026 77.389748 2.1208156 0.837844
310380289 213.758397 49.500938 0.6489865 1.6168473
229618478 278.903346 77.735552 19.4480946 2.3009285
198162530 243.906538 61.926901 0.768125 1.3040556
198162530 243.906538 61.926901 28.5462089 2.8547322
328934980 205.169536 19.199859 8.4306162 2.0500339
315002523 144.926859 -28.5856 3.3023907 17.8079912
230087765 246.952745 69.781491 1.689442 1.3821489
159851831 269.207527 39.223388 24.0004143 2.83659
258557847 278.191584 18.146175 3.965824 7.03413
308300731 267.904353 24.427455 7.6603722 8.87205
157768969 147.128216 73.449342 5.7488832 2.08943
318209162 142.378244 50.963802 711.7642825 12.6338972
4918918 148.37832 35.570548 0.5734766 1.4969531
407495930 7.084443 73.107753 3.0269043 14.2605
387329912 309.954211 68.720161 5.4328364 12.63
386435344 127.99531 -16.885121 19.3721051 17.4598301
310262516 248.532721 24.322372 1.9044134 12.8293
426144112 359.079391 73.907596 1.7465205 9.21007
349440621 250.384451 23.578282 6.7113743 15.6415
332365162 250.578389 29.783159 7.4242482 14.2577
135267558 244.056148 20.293793 3.6479472 11.96
256584532 327.686471 70.646428 5.4397285 10.0246
72889156 254.164732 37.783239 7.6408565 9.43925
219506608 246.612431 46.47222 32.6116713 11.6182
82598822 255.916787 37.139828 10.9299688 11.7101
317594531 351.79759 76.340765 8.350615 13.6804
408310006 144.875105 -20.982419 5.4435354 7.30242
255907107 246.972473 38.453189 7.924204 12.6224
428703516 47.417232 75.04759 19.5422056 5.05981
257531677 258.32211 25.249466 3.946066 11.2929
354832924 38.768278 69.23472 6.9541458 15.5368
150476057 251.802577 22.123397 5.0859973 16.2391
397763985 6.844544 70.805696 3.8779743 9.43
353225230 253.97902 14.966082 0.5721596 9.61266
351652998 256.38386 20.550685 4.015073 15.9171
470990157 278.553118 23.767651 3.7749324 12.3016
462715015 270.736094 20.069409 1.7548863 5.83196
23179035 274.654678 30.923869 1.4529225 12.177
459836041 63.823421 86.119625 6.6867154 11.1995
313609787 261.172485 26.050455 3.5023306 13.5233
445795465 81.782314 75.789224 2.7404478 12.6696
9701368 259.979063 31.514818 5.4049747 14.7278
289666986 56.240106 77.464603 2.4369467 7.18163
310728245 264.17484 20.219083 4.1816344 13.4666
459189798 141.002239 82.858696 6.9171675 2.51967
264468702 325.737466 83.311725 6.0962241 9.0747
102846772 128.61913 70.048117 10.2515829 11.6535
423275733 140.506316 -23.946102 2.0528684 17.6267405
43333094 260.96985 19.921187 7.5358996 16.6203
279920478 38.116051 80.746391 5.38265 10.2347
158845573 269.951986 27.829972 5.0048582 4.81636
319684122 289.755762 9.478414 5.4459647 2.77011
302814895 293.330825 29.299805 8.6800186 5.59572
40292751 293.322326 30.704247 12.7791964 6.85813
446616059 290.80532 11.979134 3.1072375 5.27608
42883782 287.424902 31.761528 16.2134274 1.99447
42883782 287.424902 31.761528 6.3346129 1.53236
87216634 302.773447 16.189714 12.9256051 2.53704
238061845 104.121254 -50.157911 1.6843068 14.0651
110936761 297.923094 2.519482 2.2906144 4.657
95423778 295.697851 3.566678 0.7036041 7.01336
398895470 297.322652 4.672412 2.6940348 18.2513755
273874849 298.395244 47.814986 1.4857148 14.8585448
151724385 304.868782 -7.54766 6.1406882 5.4273017
391958006 291.777046 1.383663 1.7430143 16.9227097
374530847 307.725559 6.429331 2.152163 11.9994427
305243225 306.123908 16.762146 1.2129139 14.1049577
328081248 301.630179 15.989142 4.1645448 1.9881393
81419525 123.108274 -46.10914 1.5498373 13.3884
151759246 305.065546 -7.411924 2.6282606 2.8331017
243921117 303.1668 -2.144437 3.067816 11.7996868
399402994 304.207992 3.293949 2.7161298 14.5541659
466382581 327.24875 6.278178 5.3829728 3.5038
303055194 330.671188 11.991029 1.7615631 6.69058
378390325 302.40861 34.572718 20.5676815 5.30408
283621618 329.101803 20.677981 3.1856488 11.2665
188646744 308.567224 43.36069 14.2423724 2.12067
459735346 315.608921 10.610466 7.1701672 2.37279
283471501 314.549077 40.192264 9.2103194 2.62813
180987952 130.261455 -41.442796 1.3891689 6.01556
379824738 324.598984 23.118991 5.6857105 15.1292
331484419 310.911906 19.727938 6.25656 11.4949
388909695 327.570011 4.194573 10.1466193 11.2199
92439980 302.885118 31.637672 27.0525472 2.99769
427041513 304.973328 33.00991 6.254395 2.73791
375942197 313.687293 9.179069 3.8993831 15.2636582
194076601 307.215708 42.224014 20.4282929 12.8306
418604868 322.377799 21.474527 15.6146058 3.0272584
283419843 315.90549 11.989367 2.6052674 17.8543699
330218897 326.452999 23.560485 3.4200073 2.8520931
287474726 127.128062 -28.359254 3.7442007 18.117379
459730973 315.531949 7.056279 3.9156848 16.7083729
466390120 327.665695 10.462939 1.5487245 14.506178
248853232 315.025966 -5.094857 3.8681492 12.2658903
272366748 296.393195 45.568533 3.8555897 13.9654622
269243313 324.697165 -0.046455 9.7348295 3.6974
48253329 298.181417 -14.356986 2.8140207 17.2648
369062542 291.908234 23.273823 5.0493049 15.7942
351077390 293.193881 25.086499 1.1951761 4.46821
363029616 304.706801 23.314311 1.3502386 9.28384
131743355 118.476378 -39.992999 6.5604227 11.1988
224418572 282.101495 15.49419 2.8465928 8.8779
308504559 285.940869 -0.427822 3.7846792 12.2675
287934343 300.997003 21.216507 5.1357505 13.7192
213875310 293.921021 3.847794 2.6721807 13.6986
281118572 294.34447 6.680285 3.5242025 12.31
346859243 280.858907 21.869776 6.4226101 13.4185
354727907 289.449596 19.148045 8.4498763 11.6649
395143000 287.099114 17.113422 2.9665122 13.1813
222485202 284.84062 9.130169 3.5982966 13.0275
355732304 286.031721 17.003203 2.5411063 16.4931
68345291 280.308395 31.540811 4.006489 16.2059
350882505 285.246468 22.49894 4.2025514 10.5624
23937608 276.085381 34.552392 2.8091879 5.92308
24113219 276.61571 30.393617 4.197866 12.6868
230292034 276.359302 47.169164 6.0671557 6.40583
209935997 298.101717 16.668394 1.9081122 18.193
75784122 271.308088 41.808015 10.5353472 15.2166
95574586 295.850508 3.031456 2.5641981 6.33611
808243 300.737815 -0.046819 1.5101054 19.2985
71459120 303.563498 -10.497985 3.9964264 13.0504
190990336 134.373008 -39.778423 5.547255 19.6103
151728428 304.882706 -8.298523 3.9997367 13.8899
277329402 292.681077 12.393071 4.5049415 11.5788
387844266 306.528142 1.775949 3.9956793 13.077
278623780 286.234694 18.113615 3.7219898 12.8025
346154016 280.048586 20.236342 4.449914 14.3475
41422753 294.008142 32.214606 2.4710528 12.1002
3680800 290.236828 -7.830216 0.5498864 4.44804
336072306 274.564767 42.460287 3.415047 11.3277
256046749 299.798591 23.055057 7.1476512 11.017
114947483 285.361705 29.021536 3.3787501 6.36345
462372373 304.923086 11.052848 5.2498931 12.9409
11034516 297.980126 24.038241 14.3033451 17.1437
20988926 285.062239 34.258278 5.3194765 15.9815
345205395 300.67684 0.22858 2.8492565 13.9182
184531966 296.483805 38.352933 10.4453589 11.824
383216635 311.221373 6.641216 6.6314176 10.0835
341297143 311.306229 12.167609 3.8421028 13.2581
380517859 303.667055 30.776057 1.109435 10.2843
236158940 313.419524 34.351623 2.677573 14.0246
210169818 307.099112 18.242431 3.3879742 19.4699
294090620 130.395919 -22.194298 8.044239 15.1761031
373816781 320.850391 39.813037 1.343636 18.3699
138671052 320.134358 46.817074 2.2425137 6.01656
353146308 324.986222 1.293368 0.4131063 12.2118
376454594 320.15457 1.804035 2.5784481 10.3952
283165117 321.373881 20.059165 5.216581 8.2634
106114491 301.080672 32.50162 9.7216312 7.28362
282890159 299.529431 27.326911 6.9100016 15.2568
247172524 313.931272 29.818541 3.4363074 14.7953
258037656 328.351781 21.414161 4.0331416 9.63078
130415266 104.74986 -47.023366 39.4718663 16.3498
184521624 296.46857 36.150385 3.1162505 15.0692
360142739 296.606916 36.952758 2.2377411 14.7763
232941965 311.888638 34.737492 7.1487697 14.1861
283759999 315.879749 18.696523 0.5223032 14.2556
13574009 320.450532 23.926451 5.8311038 15.2747
233788275 302.999561 55.435028 4.7264391 14.0851
15682927 306.988834 37.146334 0.9655766 11.5845
277987172 302.761752 19.706749 6.3989216 10.6347
273780062 298.214477 42.50326 15.2501659 9.87708
383214426 311.21156 8.849353 2.4013188 12.4643
279179610 313.903317 46.758479 5.9029732 11.3389
202941251 304.450192 30.687351 4.1784844 15.7612
375199523 309.343258 6.152848 1.9447712 13.5597
398038296 312.780843 12.806318 3.0076713 12.7756
243464977 309.595065 21.021892 3.6491012 11.0954
14956304 306.50933 36.215279 0.9965843 6.86149
305612552 306.840001 14.618924 6.9349089 11.4838
467211520 296.641607 55.016607 9.7884653 10.0684
126171392 315.252899 29.702279 0.7835688 11.8563
224635135 312.316702 22.04423 2.4667486 18.8159
294173437 300.768857 50.507747 5.555905 11.9323
65737977 310.511981 40.302572 4.8292589 13.6377
60542708 320.552366 13.129732 2.4707357 11.779
408317165 316.686735 3.185566 5.6567374 13.5941
341299943 311.466288 13.840621 3.0233509 11.3795
276376289 313.489596 42.743527 30.1181254 16.7776477
387318486 315.219892 17.116416 0.6583175 8.31454
452483795 303.89385 24.521157 2.4515393 11.6029
354489554 314.592827 10.404855 4.7729363 12.9614
273774284 297.982441 42.754529 17.2182695 8.64247
239361732 311.218561 42.893255 4.009823 12.1613
16538820 326.604379 25.113022 6.9038328 14.2131
289313987 314.865755 20.099913 10.1522322 19.4581
187416256 321.897222 -8.352445 4.3887257 8.92241
329709756 314.751697 47.54196 12.5482879 13.0082
305506996 325.299511 9.599053 2.3682389 10.9197
239529652 300.806373 25.167467 4.0387941 9.54371
305790119 307.122227 14.563891 2.0353259 11.6988
165948070 317.15771 37.74979 4.3686174 13.2129
196286587 125.557166 -25.06947 10.4137962 8.3814
467006627 312.86048 2.616271 15.4159906 10.5168
286545058 312.987123 19.566441 5.0114216 15.3662
364192929 319.530766 -4.447342 5.2079858 16.7817
60491424 320.185603 16.654795 4.0252588 13.4189
289125016 314.494487 19.27883 6.2043746 14.9548
345193111 313.764992 12.082556 6.1606297 11.9381
372831381 308.078444 15.503079 3.8116176 7.38288
163164300 316.141663 34.34452 3.7306955 12.6264
387318409 315.179483 17.179357 3.246565 12.5001
92217989 302.637399 30.549164 4.6079976 15.6586
88266880 304.053952 16.450619 3.7984372 11.9632
24833662 317.473506 -7.415145 4.2447791 9.6255
405122173 328.165918 2.857438 3.1003012 18.292
322593401 309.31074 53.27722 5.5901313 8.79073
276704866 305.795833 48.419551 3.0200448 13.0636
396378209 314.240317 3.997017 0.3781425 9.06704
158552665 287.542561 42.667453 21.0685273 13.6234
452508760 303.908842 28.659226 2.260431 3.92152
27230283 294.598841 51.65194 6.13049 12.5189
296898634 312.075178 47.930643 2.8534013 11.4232
303456821 308.581132 53.008814 11.0771916 2.97165
166190643 317.541024 38.239559 1.6540803 15.2145
63659057 308.598081 37.717272 15.7866044 11.2628
88101924 303.74091 17.103875 5.9404096 11.945
159104028 289.682998 42.611661 3.3825012 9.00661
366846982 311.805966 47.323959 5.754879 12.52
331691841 336.694607 18.583431 6.9341584 2.15853
419878932 337.695918 8.640146 7.9058861 12.3664
64282927 321.721228 53.639816 1.8826035 1.40901
64282927 321.721228 53.639816 3.3751374 0.974713
287329267 109.783542 -59.302042 7.64348 6.82171
154762431 344.175427 43.887339 3.1728284 3.27956
287643871 326.831427 34.850944 45.7138545 17.5122
27863043 333.026487 26.474465 7.4924561 5.73125
297153209 312.029841 43.938698 10.7004569 13.1568
434116397 355.467833 14.106803 0.5902387 1.6802901
236785891 283.317267 59.817657 0.9292334 10.6079914
407653728 326.477915 39.654557 3.2520192 12.5826
436764867 345.63745 24.24957 2.3062125 2.0651033
199671901 335.51292 45.457342 4.4571444 18.031156
144956678 122.068635 -35.559433 1.5136003 8.3090193
188876052 343.041493 35.447178 3.076329 14.2287485
262689575 349.216044 5.695887 1.617487 1.3134056
239541449 341.769762 29.851994 1.9261183 4.8624405
436478932 347.492802 18.39616 4.3226229 15.1546943
200606159 339.474237 44.965228 3.9816471 14.4616
405788729 324.751784 62.94426 4.2254748 7.6400361
404610583 336.147609 16.878856 3.5381039 12.0728557
369532319 338.574347 33.823466 15.343585 3.32532
431810418 349.267516 31.353989 753.822332 1.90769
431810418 349.267516 31.353989 9.2152386 2.47478
91051152 349.622955 24.889277 7.9192605 11.5285264
146208651 133.457963 -48.81268 6.5224 8.46817
431701493 348.993046 31.462751 3.0927595 12.6473444
160432093 322.75454 30.003448 3.9914012 17.0087765
420814525 330.795022 18.884242 3.5247546 16.3776
154353849 342.559971 43.659987 3.1643744 6.79941
354173595 349.765951 7.915601 1.7266943 1.2127014
376847633 275.339308 69.370707 373.0381637 8.4472776
348054109 281.676903 21.828321 0.4378024 1.4551234
12938488 298.542574 26.878936 0.4317124 8.4942819
266023807 314.409442 22.192647 0.7394818 1.3097748
137151335 291.418127 38.672312 4.7267257 1.45952
81429971 123.178216 -42.93501 3.0432421 11.9045
164652245 284.05925 44.518373 79.5839995 1.9748837
120045750 283.967767 39.062238 7.0142458 2.3954787
299087490 288.902283 49.370408 38.4787613 12.5609376
356871098 276.053314 66.935559 1.0271879 1.375524
120692092 285.930736 39.09812 3.4130781 5.5008027
272782368 238.153554 66.873296 2.4157665 1.5356382
158657354 288.153973 44.068815 38.5835889 6.8872276
284900292 260.979452 57.469309 48.7130843 2.4883067
377780790 285.679298 50.241484 0.8374997 2.0046235
154437244 126.102246 79.559644 6.8669657 3.5242338
29385858 238.915233 40.137034 700.9622566 2.2203819
230064711 230.205817 67.167478 7.0893162 1.6279088
159054620 289.603838 46.31491 8.0276821 11.980977
27534138 295.486582 51.013524 28.5410557 7.1843683
63283780 292.50342 43.083219 7.9726644 3.7927661
352011875 285.672903 44.116751 6.2468813 15.6817806
293880523 296.106671 58.375608 109.0502946 12.6721874
39516274 263.152578 33.570556 5.655018 1.5874236
370907864 292.576514 18.394928 9.3380252 3.093161
120317234 284.635189 40.71983 6.8834027 2.87691
259233660 292.606298 68.154592 0.4489589 1.015263
139104940 295.307525 38.881572 3.003901 16.7208629
102734241 299.614252 32.28717 10.9048392 1.5489482
121731834 288.688722 41.151108 5.8599392 2.9189614
48353358 283.62826 48.390808 9.8786838 2.1083189
123357864 281.482473 47.207826 16.1455898 3.563467
123309556 281.194732 47.497261 2.5080815 2.6163105
279922257 39.176567 78.652241 949.7905952 2.8632815
286201103 310.448734 49.646899 0.8573727 1.2465478
128558444 339.230939 37.675516 1.5500607 11.5208
141363913 129.462346 -43.042017 3.477756 11.3342
199949052 336.737635 45.971999 0.5868508 6.12033
414019147 336.690787 57.434161 2.3179699 14.5204
432280671 355.02941 32.015761 16.2117629 7.2826036
53728859 13.000916 34.728402 3.2573898 12.3569361
57984377 5.166954 31.989973 2.5199146 17.7001932
288246496 356.666714 31.155911 4.304829 13.8395402
327369524 4.52396 59.766198 4.0236805 14.9702
291751373 359.151972 36.212956 2.5079177 14.717643
67881560 9.347123 40.905168 2.3322524 1.902342
125520907 355.09135 35.94084 14.5465245 12.189719
334597566 331.313408 64.098143 9.1099373 13.5278
291685334 358.515134 37.021824 2.0319883 17.7163979
455947620 340.001249 60.8235 1.9281092 17.7947707
455947620 340.001249 60.8235 1.5454492 2.4829303
341444900 325.228645 55.06675 9.0330414 7.35267
56231866 356.038387 26.42567 2.7218347 14.1545
439942982 1.074045 42.5736 1.0222806 8.97675
396234347 0.223191 35.752445 1.2757761 1.28307
250707118 33.131092 51.778775 5.7238582 11.6470757
419523962 8.386256 61.860766 5.7998626 11.022
262746281 141.107854 5.766056 16.1798603 7.89958
245392284 38.369165 56.025708 1.7442831 15.3898195
285466025 36.784679 32.876956 7.3723906 4.8405988
67711670 43.372328 39.260148 18.0401494 11.1154985
388076422 317.900139 68.402076 2.5761796 12.1450869
129756316 34.836888 40.993944 6.5234682 19.045
352924930 21.805455 67.966855 4.0158199 5.20076
194736418 51.657269 40.81727 5.8267724 4.615
272050287 355.433763 63.018844 8.503614 10.2441
250839071 34.445951 53.807582 3.4925674 15.7585
192415680 46.061033 43.557667 1094.062167 4.39378
374919956 32.085966 56.409783 7.7966237 18.0417
453064665 74.504382 48.300855 2.6452121 12.7803657
356916207 273.377336 55.206926 2.2538642 2.1962137
467649533 60.640787 34.004137 7.4826325 11.8138164
66296167 72.096663 62.06265 3.413702 12.9118144
115451738 83.73088 31.076493 2.0814345 14.7083576
280024247 53.357584 59.988799 5.4928246 5.5323212
353459965 66.248142 39.460602 10.8614911 9.5731365
181304295 130.919589 -36.656997 3.3840629 16.52
339207264 84.398599 64.981529 5.4823596 15.2816665
9443323 68.846509 56.868269 4.01357 14.9544789
66091052 70.979903 61.859336 2.2118281 10.3424055
392681545 56.337007 60.350917 7.4903271 2.5277726
392681545 56.337007 60.350917 12.5759948 2.7981797
355640518 79.929125 48.135896 0.8497194 19.5460599
102808276 63.241059 67.675548 3.1420495 12.6079161
104734832 64.056257 50.409606 10.327438 8.6575486
144006874 81.402245 37.118266 2.3673676 1.78396
321578632 83.380008 55.128812 6.3667329 2.19947
428867906 57.561241 50.620837 3.3906311 8.3102
239823606 87.169462 35.034111 8.1309123 1.51687
122629761 77.169833 36.416746 8.2125432 2.76845
67031480 83.006941 36.588677 2.1142179 17.3594
428767018 57.248111 49.111008 15.3058859 13.4962
172033454 97.619224 31.880556 8.2065998 4.6173
219697927 135.451718 67.674993 1.8330979 1.87367
198458010 261.817314 54.84798 87.2129046 2.89746
400093502 88.202883 70.6741 10.6684085 2.75843
259099556 291.148444 67.527964 1.6290926 3.94559
153651591 121.009264 -26.165676 2.1456324 11.0288578
29106627 118.325326 44.025016 9.5128916 2.7531721
440624788 93.042393 43.120288 5.3664457 10.9418064
147797743 110.735331 67.252657 3.691559 14.7244708
271424111 295.025662 46.955954 3.2687063 15.0466879
99896567 310.421968 35.54592 12.1324506 1.5690907
424388628 281.037793 75.99159 832.9236254 1.7373781
308301091 267.86727 24.811367 720.5742399 5.3917254
196066560 314.913879 40.706012 2.2111104 2.9944585
119973835 243.216051 16.305882 9.6703611 2.23934
119973835 243.216051 16.305882 25.0882806 3.89809
272670038 233.497291 69.350285 104.2892798 7.5126605
186547153 132.838846 -34.431856 1.1908287 14.221
116048097 266.604423 38.078708 8.0555716 3.3778836
271431851 295.094957 43.537565 7.8864218 12.4048291
199712572 253.892198 57.227908 3.5941651 1.31196
294283951 301.752501 50.34803 4.3724063 10.7278887
18318288 265.370424 30.303776 1.3888584 0.9650619
122375047 290.420969 37.851656 9.2866733 2.6996251
350814622 285.615449 50.135771 3.2135636 4.1549554
268159158 298.635648 44.170939 4.7080353 11.5403605
336255880 281.46145 37.235891 5.1855507 2.4406793
97165413 106.00101 -35.181497 1.2710408 7.85938
35883621 117.671104 -6.494944 3.0519843 12.1856
157081737 100.766731 -44.251859 2.1613171 1.86733
262781201 141.403549 3.661936 1.3154261 2.42354
293743169 119.496736 -21.013365 1.1256838 10.2362
269341832 118.936795 -48.041772 2.7297541 2.11652
118914286 135.335989 -20.97341 5.2887576 1.80945
80275202 121.526219 -44.375085 3.6649528 16.4945
170434745 103.516164 -46.659703 1.2280156 3.2034237
19342878 124.073681 -8.686581 1.3328252 15.3206915
55849732 75.745949 -59.970953 5.3708293 12.0561316
92590258 128.717977 -49.932522 3.2422424 13.8082328
265010875 126.585367 5.2584 6.4095555 17.4517774
182405015 123.656967 -41.156136 3.1122402 14.3844522
258234731 127.019217 -24.166962 6.4240944 14.8362261
255780160 99.683837 -49.572407 3.8783341 12.5321785
384984325 50.131921 42.606956 8.5386633 4.04578
384984325 50.131921 42.606956 5.6952223 3.92346
154459165 122.034347 -28.066189 3.1471655 5.30134
7439480 212.929098 -29.97494 1.2541235 8.66923
189322727 309.708254 44.791967 5.8340292 12.1719
258741560 332.453393 22.566069 1.8859353 7.26339
419840740 337.147478 6.924225 8.9539287 8.74683
120115768 334.862835 40.676148 3.5529033 17.9469
436508469 348.099929 22.34547 9.866312 11.5656
125367522 320.895178 38.313832 4.6474314 16.1625
322498101 309.204322 49.609904 4.2070367 16.5857
284738182 110.881841 -37.835468 0.9136081 5.5813
435851868 343.883119 22.563967 2.1350899 12.6797
165682741 316.927293 40.450561 4.2916798 13.1247
352442207 297.503626 54.153548 4.6107024 15.7213
91101364 349.786653 25.985949 4.0833335 19.554
269488987 315.220171 39.39179 2.8474853 12.7345
404516402 334.899052 12.356411 2.3107907 12.0547
129004637 341.019058 38.516276 7.1603723 14.5353
313975346 318.620542 57.322991 6.9191027 11.0925
100769500 341.709295 31.561025 4.5016419 10.3672
115739057 339.655529 34.80462 5.0310168 17.1637
77527511 142.262995 -5.375669 0.7784962 9.22083
210083929 339.205083 16.827194 2.3927114 14.5439
357872559 316.98304 48.582298 2.5530138 13.9066
188800346 308.802933 47.911668 18.8155978 14.443
199721945 335.753912 43.797709 4.679209 14.7013
100909102 347.979723 33.047612 3.1106751 13.4185
468692991 331.617901 42.082181 3.9779111 12.2764
352892371 321.547268 40.432339 9.7824078 5.19023
468765355 332.049344 46.894849 10.3299557 16.2977
118021229 128.475094 -20.940646 0.88501 6.77007
456783397 332.211802 15.096991 3.4742682 12.8496
217980791 347.050009 12.432919 2.6607389 16.2086
129108133 341.759459 38.391139 4.9564809 10.077
115683877 339.176485 34.699434 6.3765906 10.9141
404488903 334.444999 15.725631 3.9921399 11.9626
372178596 324.679182 38.853986 4.5803096 14.6817
402740809 352.024332 23.749185 1.5801759 9.31686
371573539 332.035863 19.506473 8.3753156 11.1765
195606729 310.270042 42.217648 13.3562254 8.52588
190496853 133.408689 -40.543701 4.6616079 19.1536
434186655 340.992089 22.288893 1.3094686 13.7943
312289279 313.319222 48.087011 1.4354814 7.06395
117068362 319.267299 33.138041 4.2005957 11.3204
411343008 337.28967 20.53513 3.6720231 14.495
301986302 356.545953 17.020672 2.301919 12.3642
120051913 334.550873 38.578982 1.6029811 11.6345
117072799 319.292752 34.91756 12.6885127 16.2893
86005116 327.043547 23.112359 0.4916402 11.7778
404456775 333.894406 16.285392 3.0444485 9.04276
422037524 341.304467 5.918846 4.1846077 11.2001
294904059 302.555645 53.578624 40.7401072 14.5988
188001223 307.688232 45.279137 5.7415661 11.2346
164260243 336.085732 34.158724 1.8478843 18.4423
422457210 351.133548 4.604684 9.9754699 15.8848
239542854 341.795489 26.939935 3.6948038 10.2565
287863314 327.406693 35.41531 4.3172876 9.68709
190822775 325.981963 46.57116 1.8021196 13.3235
330665027 329.301045 45.822138 6.7080688 10.6429
10593553 340.309424 30.327893 5.0809743 14.7894
193979250 306.77037 46.518426 17.9661374 11.3217
51637609 336.464302 15.856639 2.709631 14.9972
67478724 349.6554 32.301651 3.7473877 12.686
26583436 292.031505 49.388635 6.1429164 7.50153
416486384 309.85366 48.172079 3.8753785 18.0963
164280385 336.400015 32.524536 3.5257269 7.44411
258738570 332.479847 19.828871 4.1877227 13.6598
298776943 325.850355 24.226309 9.6422713 12.931
331456189 330.320065 45.496557 3.89989 14.6814
314649737 324.957244 35.683969 5.8878118 12.1166
173640199 112.570665 -39.33963 7.7614672 7.85756
199162630 333.847555 46.302271 2.7649802 10.4307
97249514 348.757303 13.665258 4.7783263 13.2499
351864831 305.049617 53.962591 8.7311119 11.1752
257207557 342.638433 9.443405 3.6153701 13.6892
346077232 356.894089 56.070682 6.3720834 12.1724
345333936 355.780987 56.810046 1.4252334 10.7664
251894891 351.921174 57.397022 5.5133822 12.462
469702377 329.568097 55.805578 4.7061119 4.75935
63844530 320.802718 53.141253 5.5867425 13.0389
440636649 6.756339 29.487271 3.5595352 5.24582
197743152 337.043134 49.57365 3.7752321 10.759
194234471 1.612331 37.855275 3.563037 7.13684
387933822 325.466208 50.502238 2.8953095 12.6737
176861415 354.917734 44.262228 8.6738593 12.6434
155258153 359.665284 33.820508 3.1989808 7.20813
330944099 334.179666 58.213671 3.6119975 10.1678
196261799 13.638808 43.848313 3.7294859 9.77695
202514659 6.521798 49.599174 3.6166109 14.0162
302201081 9.199556 16.097112 3.8311803 5.75003
296739893 142.173446 -12.167165 5.0988038 3.0503381
44621795 22.108031 32.136961 3.1923193 13.949
422223456 335.852574 55.075529 2.8979408 12.4152
437756191 5.599869 24.866985 25.1745344 6.78671
325410269 330.888658 50.567867 4.0673088 13.1156
154351773 342.532851 45.253782 3.9089363 15.0353
154576989 343.516055 44.912913 13.1471808 9.63171
432422552 355.540075 31.793315 9.7712443 15.2558
326475995 331.838189 53.519585 5.2266285 15.6275
200606486 339.463592 45.159958 0.747693 6.17927
25758870 10.011395 24.379676 10.3473602 10.117
173671381 349.05622 45.012568 3.6444426 19.0899
430751891 333.73428 48.876577 2.3921761 12.2947
314088020 318.857399 56.119827 7.0346299 17.638
431114892 335.039505 51.55615 2.0323202 15.3325
428317266 344.620982 57.4528 29.5406035 10.9471
375116172 315.223413 54.962464 3.0365848 17.0668
202283090 5.111293 48.767772 5.1570194 12.0548
252585354 345.655117 50.104928 2.4784193 12.5391
83092282 125.305054 -46.484296 6.4025295 9.3002413
325653071 331.110391 49.687144 19.6518502 8.79457
456910600 26.657289 22.743059 9.8326403 6.80252
150907983 4.699535 22.354492 9.4321076 11.0911
288144647 355.950598 33.067236 3.8553342 4.94518
66726479 341.866559 52.395133 1.5554236 13.1166
352147273 0.485039 35.997774 8.555965 5.09342
176789447 354.340737 47.288669 3.8857292 13.8034
53874375 14.531835 29.985566 3.0922512 15.731
66788350 342.040487 48.548498 3.3338016 15.1293
437736517 2.417089 28.243677 4.6071277 10.6145
101395259 148.720293 -23.332118 7.574675 13.4069567
252610172 345.943472 49.366393 4.3518774 12.0164
406783172 325.354929 61.441916 24.8366994 8.57154
202087931 4.066146 49.186384 9.8538051 13.3007
431660224 358.489622 52.533524 3.7069545 12.7103
202282233 5.069168 49.465936 6.6283182 9.65916
150902766 4.219134 20.432785 7.8209807 14.2139
405532603 359.188611 28.610076 3.3045926 12.7666
430431091 332.675965 48.652765 4.1533998 15.5058
125489084 355.002821 40.682684 5.7419523 9.81505
319294834 350.434421 54.112156 6.0749198 10.0564
249776059 339.623242 50.524911 1.1797412 11.867
15654898 17.082679 25.652576 3.7812464 4.97462
437740083 2.950371 27.442815 5.6020298 11.3612
276250096 329.089206 54.466274 3.5653226 2.88847
431216437 343.553201 52.383764 2.5553078 15.4336
446157122 88.699253 80.094614 3.2149937 0.9044272
388505345 356.621626 81.378061 6.7786403 13.8147158
418301643 323.582256 72.757634 24.0916432 2.97668
154304816 342.410629 46.349983 3.8528933 18.8912058
456260074 101.492034 66.890644 1092.002299 3.1384101
456260074 101.492034 66.890644 15.5739143 2.5864246
379929661 130.505638 3.710566 4.786958 18.0112
455737331 357.351836 36.900456 1076.6094165 2.7512261
52005579 3.957914 13.557617 12.7614706 0.9705763
307734818 171.596707 28.058028 2.1077445 12.0414
287152495 253.697283 60.702797 9.2347348 1.3883495
432758245 14.322777 37.02898 1.5361137 2.4339573
261135533 331.503161 39.298828 0.2381823 0.9617386
373017793 359.933006 77.803731 7.9945503 3.4801634
237204346 293.323467 76.921694 6.5452014 2.5553163
435878153 13.085379 20.938876 0.5570869 1.2151478
294497466 140.115658 -51.660455 3.2376482 5.6488
65412605 108.123114 -24.95356 4.4010465 19.7441
60984804 140.595793 -6.060635 2.3898191 2.32849
181748381 132.055241 -39.686292 5.4920894 8.83359
180575165 129.158047 -36.523174 1.4945947 2.79068
293547742 139.199747 -49.300844 3.0178746 0.930891
291471222 111.523899 -52.4632 5.6928845 3.80626
344927749 151.627588 3.474358 5.7935723 1.50725
344927749 151.627588 3.474358 4.1793325 1.20236
193023697 155.597851 -28.847487 2.7895524 0.986147
296737508 142.17927 -14.686449 733.9910938 4.8141
434477274 156.121019 -23.004169 2.8959153 13.8781874
168281028 154.271062 -25.276298 4.3744614 6.4637765
192976435 155.032187 -29.276109 4.228362 14.7143973
134528212 122.413793 -37.371099 1.6041616 13.8626063
33303538 149.91844 -6.906064 2.5141406 17.7772903
142211778 180.546219 -35.548609 3.052057 13.6453428
465933345 164.76388 -60.082938 1.1109053 12.0880982
49043968 164.34914 -29.997123 6.2462252 13.4614756
397362481 175.256304 -44.404149 6.207472 0.9558514
397362481 175.256304 -44.404149 4.4653471 0.8856846
397362481 175.256304 -44.404149 7.8708661 1.0314874
462206806 150.46383 -55.660373 3.3733506 14.4530162
157230659 176.249942 -35.640563 7.5337657 10.611119
449951606 168.212865 -58.942432 5.1681189 13.3663
281408474 99.263061 1.76755 3.4076 12.1343
370877263 145.174365 -66.65449 15.9865424 6.25995
152569268 172.378524 -40.609425 1.0542548 2.77385
370009806 47.031443 -70.110459 12.4751631 1.56473
361218772 143.84218 -65.216181 51.6708185 12.8776
286763141 150.350107 -38.841039 3.4475935 0.830466
308778563 24.21772 51.631573 6.8581311 10.9703
354285962 346.44125 72.410554 5.6289226 8.93102
22712134 37.963775 28.96601 1.640758 8.61251
240714633 10.159796 52.654408 18.0370154 7.85944
292469572 32.619714 43.97503 3.7077543 11.5364
293853437 95.827908 0.883347 8.7179665 12.3121
256576519 327.341524 67.029549 17.6037996 2.74615
26390980 56.31536 32.136803 5.2556421 15.1084
238751619 44.089561 43.092213 0.8236066 5.5335
34977731 48.022366 28.46468 13.3673993 9.61997
34977731 48.022366 28.46468 405.0756576 9.31573
434813314 345.824668 60.311149 9.288704 9.62284
456171328 52.225799 46.443043 1106.220834 14.786
373894336 28.291856 60.223815 4.2234273 14.4033
369907772 20.561956 56.778196 4.2771464 13.316
285233023 12.471055 60.946038 2.8577028 7.78724
285505979 28.003018 50.920939 4.7089027 6.86414
326809267 22.406592 46.759351 7.1436336 11.4874
177712122 47.27712 37.076087 2.8465714 12.8225
186810676 46.78065 40.147174 9.4852479 12.3024
186989177 34.397563 36.837055 3.645356 12.1687
320505267 8.097282 54.21074 6.6245939 8.74267
445370101 14.39173 56.978183 3.662222 13.3765
202869426 36.45054 42.154578 2.4589458 12.6341
301414902 36.235853 52.415794 1.7555108 10.7893
412887082 329.700784 63.055112 28.8005547 12.6164
97158538 105.945472 -30.726357 2.5950747 5.9382555
353893493 37.761117 25.41329 3.3528597 3.27543
52260140 16.048838 60.302633 6.2808216 10.0476
470724594 357.612316 65.815495 16.8498547 15.5178
192487723 46.504292 47.461389 4.9570983 15.9349
272218608 355.682379 62.468362 3.1777383 19.2706
354742440 6.18687 58.468546 4.4532909 13.8211
444753130 25.177088 61.00972 3.0057526 17.9698
85281192 26.193227 34.244089 4.244335 7.13409
292852583 34.270304 44.586989 5.8310296 7.23053
12980264 34.500986 62.763401 3.2964006 16.9987
196474344 15.527657 46.387227 3.6360128 18.9197
301991463 40.539435 53.555802 2.9086778 12.2888
270132709 351.297539 60.094591 4.2807899 11.9706
63586213 32.555 32.983439 4.071096 13.9361
372207328 330.844543 67.498677 0.2792211 1.05678
200775844 53.673187 37.694688 3.7307609 6.78569
307201632 14.976875 49.034174 2.3556749 16.7502
196973090 20.689977 43.994453 10.4612769 9.72119
249884767 38.399932 49.169461 16.672227 11.748
283845022 8.484783 60.084331 15.2334037 13.7686
348755723 134.088088 -12.934871 4.503645 11.197034
308120029 22.167982 53.686078 6.8498533 10.4676
415875608 27.889954 43.666558 5.4454541 7.92255
101133275 54.977131 34.459515 1.6630135 16.7474
5724439 33.346292 26.544538 2.7205913 3.02214
63718617 33.870091 35.357237 3.8363055 18.8534
407156755 5.886949 67.775723 4.7924038 11.263
327126871 3.403959 56.184657 39.810528 12.8908
381591826 30.509108 37.891483 6.8793455 9.84834
186715217 45.959667 40.324556 1.4491171 10.794
332496784 19.790736 59.099961 2.5938771 4.93408
344926234 151.55755 3.946493 0.49359 1.733849
376765646 340.83699 70.336784 8.2686298 15.9425
184739529 33.348951 36.521995 9.3568116 13.6687
256349966 322.717404 68.495293 14.5877856 10.1617
327093061 23.775141 47.751006 3.5297965 15.5125
241062925 21.908515 51.710954 6.2378654 4.55893
260040728 62.78581 56.194956 6.3111727 14.8439
467690903 61.169664 34.186114 3.9332583 14.1242
321258259 82.298002 57.656327 3.6894234 16.5011
470450936 66.202403 53.128211 2.7934699 5.70537
286132427 146.72453 -4.29824 0.493379 1.503946
266609407 61.411126 50.053394 2.4766677 11.4749
392674549 56.411132 63.964967 6.7510278 13.8093
459102737 61.460788 64.254302 7.4562671 6.40887
259810421 63.193935 46.761464 2.5048108 12.5335
355418639 78.043429 53.706778 18.7541398 11.641
98613492 79.724105 47.54723 1.0617107 5.85456
9136777 67.605011 56.394465 3.7799201 16.2502
122881136 77.588903 39.673657 5.1941869 10.8037
259708416 62.800827 43.600898 5.3802465 13.5242
267617257 63.165074 50.15895 2.4398136 11.128
146463781 123.885413 -31.556521 0.417921 5.657227
458987621 59.368818 64.321242 1.9765848 8.95604
450308346 71.453407 57.272036 5.9419732 12.3895
148514918 77.761817 62.67788 6.0602101 11.0384
311284709 86.155099 50.377688 6.583694 19.1169
407517154 2.732086 78.899729 25.8866192 11.2641
272994016 67.575991 48.320207 3.0496565 13.7764
259502942 75.559559 48.741856 2.1653281 7.31275
274002141 86.975303 41.942327 1.6197991 11.4253
274472658 69.250535 49.614861 13.2329062 7.5049
251705938 46.542182 57.075669 2.9124991 16.4233
279725262 52.613744 61.635772 1.8597817 13.3278
115899725 84.480806 35.294717 6.5587386 2.56709
286951368 82.782624 60.386769 4.9613647 14.2376
468501184 13.872298 73.464164 4.5944948 14.2928
390410937 43.041829 63.639521 3.0679061 15.0074
9441591 68.709655 55.889117 4.7185893 12.5103
187532854 77.869302 37.923226 1.6513066 9.54979
251594291 45.819803 59.308616 12.9589981 11.9733
450308271 71.496006 57.313785 1.5057127 12.1483
78154865 147.86736 -4.123323 0.493826 1.940277
458890024 48.459307 65.26786 5.1404883 5.66149
470653603 85.719553 44.670005 8.9270275 4.54883
367522211 78.499921 33.283238 35.3712924 13.0539
328513434 60.424695 60.891368 1.7904917 11.4109
16550540 102.684596 40.872865 2.4810218 8.87122
16552586 105.777773 39.551429 2.8895991 18.732
138344895 85.392323 79.503765 6.2663565 12.2751
459982699 256.321784 64.930099 1.1669652 12.7459
239159011 113.185675 33.556826 15.8034785 14.6849
318071201 108.713692 51.045549 5.2434358 15.7628
171922657 97.09113 35.741333 5.01345 9.1986
88460991 105.523795 65.286684 6.9603975 11.906
147821208 141.243692 68.788313 9.5315703 2.62547
309512152 99.132997 40.369807 13.026976 16.5308
191998744 103.802923 45.324206 2.8140328 12.904
73244652 122.519401 63.826237 8.2100724 15.5396
359629653 280.06484 58.987508 1.6707289 17.2506
353586703 96.518294 39.794575 3.0043128 12.1874
287207371 110.774836 65.472407 12.6427441 10.8159
147977348 99.734594 -36.64613 5.0037758 19.7788
88999533 123.192189 -4.247711 5.0358501 15.0966
265076459 127.162836 2.71044 3.4053234 12.264
94405787 115.527073 -13.460841 742.682809 9.50064
141395223 117.137486 -22.469651 3.7442969 8.95062
142908390 119.257496 -20.463623 6.7392054 8.73795
31605271 127.890276 -0.535341 2.2314165 11.7385
97925605 107.848439 -33.070587 8.9913818 10.912
452867348 120.576416 2.504711 8.0924283 11.0971
97279971 106.450137 -35.256137 1.5304279 19.1928
49079670 101.0717 -23.819187 1.8930707 3.11788
142916753 119.337294 -18.758919 5.1491091 12.8079
106829921 110.275132 -26.799545 8.2165446 7.33005
176082442 121.488687 -18.383274 3.9802888 11.6985
170466784 122.54919 -6.802751 10.8310228 11.3849
169191182 127.289101 -2.11667 17.7607727 4.52589
157050713 104.75678 -36.361061 20.8380576 10.4977
95191643 115.848264 -8.523214 3.3458255 14.8231
36022284 118.004125 -11.412431 4.6478092 11.76
144037593 126.602788 -23.890808 4.160454 10.705
79292541 104.055775 -20.052499 2.2786049 12.6809
143526233 125.544304 -19.124285 6.9615164 10.6573
107617930 111.153147 -25.071762 3.750778 17.4249
140740440 116.266841 -22.178797 3.7521603 9.01204
141458054 117.257761 -19.23198 1.364829 15.8394
98159959 108.199941 -32.520061 2.0396825 7.50494
107776260 111.502316 -25.491586 12.1422411 11.7961
142420436 118.60995 -19.656981 3.8801586 12.7189
22972676 109.442564 -40.886052 18.372561 8.40725
238914510 93.990574 -52.480213 1.6763835 17.7371
348501452 113.673153 -19.367018 2.4257176 8.37058
432008938 120.69393 -23.696727 9.653456 7.281973
50211272 112.169668 -14.991169 3.6024986 9.87637
54141697 118.138621 -12.108254 3.5423487 8.42588
141933255 117.89849 -21.388003 3.356169 11.0376
266486214 118.827577 4.77938 9.6355 9.70279
32296259 117.328732 -11.242347 2.7775786 4.50048
60189629 111.563656 -44.595121 6.1161423 6.70408
290415036 128.387144 1.706901 6.1879019 12.4998
139707575 112.07656 -23.270042 8.31001 18.2639
332383229 120.784102 -12.39842 16.1268294 2.9287
122981686 118.154066 -4.335076 2.9896663 19.5222
63303499 104.922683 -24.883877 1.9271328 2.3659
348297468 121.017966 -17.459226 3.8190051 10.8225
422031406 122.322337 -16.737405 4.5579065 11.1283
97921547 107.833335 -35.850518 2.8279716 18.5153
125563127 114.904386 -25.465447 9.9872075 10.2877
97588014 107.032361 -30.595669 12.2925281 14.0235
323569398 136.007911 8.73414 26.3926606 8.33825
122798633 117.693204 -2.077809 4.2240015 11.5236
347442932 133.25514 -13.050699 0.6646521 9.44803
320411045 110.170411 -33.922329 14.8442674 7.05099
168936945 125.930455 -5.189496 2.4404127 12.1385
157568289 106.767434 -36.770799 1.84051 13.9166
47244580 134.608621 -6.313801 3.6092665 6.6756
150559728 117.624526 -31.73015 5.495078 10.0782
7562528 114.324959 -11.73732 5.2477739 8.53362
66242670 109.27399 -24.136717 6.8688474 12.8155
146413471 123.912955 -29.971955 22.5012924 5.01721
146413471 123.912955 -29.971955 10.9835772 3.69154
255588086 96.861635 -52.297808 0.8970559 15.8462774
270456887 135.139704 1.390137 2.2685932 19.7806144
328502522 108.561708 33.070363 41.4186335 10.7342874
2507547 80.003079 32.785433 9.7831931 2.5360369
238317637 120.405795 -48.821603 5.1494363 2.76723
93862917 114.921063 -8.918969 4.4044418 4.13545
453009027 123.016335 2.78237 3.8720204 14.8477
180989820 130.256986 -40.584789 9.8738839 10.7705056
190643105 133.47703 -38.997112 9.6742544 11.7179
184801054 127.981981 -37.462652 0.6593681 13.8937
186707229 133.233364 -31.998124 1.4571902 8.18389
385157401 153.890617 -14.708566 11.9964056 10.8162
180931993 129.997215 -36.181786 12.1228168 10.5524
4598935 141.219902 -39.030976 24.7104662 6.84115
92992033 83.955484 -18.649591 4.90765 13.2707
12061971 146.716359 -35.206501 13.7333847 9.42304
410901394 107.190811 -49.821826 3.0758364 5.09878
140706833 128.464035 -43.784395 2.6808268 14.3489
410303247 149.970848 -22.922585 1.0992893 7.47037
132314633 119.451527 -40.736441 26.5988575 15.707
380528770 140.199949 -18.66747 8.1168658 10.8668
11927677 146.15031 -30.104754 3.6860654 12.7501
332657786 149.991806 -16.159794 1462.2115148 4.5351
181208298 130.732165 -37.634354 2.9193825 12.0124
78672342 103.00276 -18.95443 2.97638 11.0372
81089255 122.694102 -43.853401 750.2395535 9.68778
101225566 155.555983 -14.052149 6.2796518 6.38573
189300053 141.929638 -24.965029 1483.5175058 17.4711
355449539 110.301146 -49.134858 5.2076995 6.02778
294394558 109.322945 -54.117193 18.2457829 3.87217
281286325 150.95699 -19.2825 17.0180939 14.5502
46772529 141.722816 -7.579251 10.6332248 15.9854
37754672 135.766676 -29.28071 14.13519 9.82212
238124845 105.597221 -50.87235 8.0850515 3.89202
423445163 157.820359 -18.808544 2.917882 3.08813
35582553 102.22267 -13.527269 0.9370901 9.49947
118754987 134.581948 -22.700934 7.842208 12.3266
25212199 143.525469 -34.03832 7.5520411 8.43121
47143972 145.012087 -10.977168 731.8319734 12.4424
445522339 112.981285 -49.134121 3.0667073 3.39378
36808091 150.719276 -46.374718 3.7781679 11.6911
303426966 164.141735 -57.704427 2.1439841 16.8452
371596277 147.885334 -67.113047 22.5095172 12.0156
45881495 149.637654 -37.707584 9.0441543 10.2153
72806004 152.56752 -40.64736 4.4156851 7.75741
35973654 149.365272 -42.861181 4.4581792 9.08219
75580659 139.172161 -44.584808 5.0711656 15.3998
358838026 151.611142 -47.02428 3.9535041 13.6119
177257073 102.292945 -76.245719 6.8328077 9.18199
376800517 153.470526 -63.490143 15.8951857 11.9336
469008497 144.065386 -49.245674 13.0795854 9.66071
54145416 160.602735 -30.249932 5.267165 6.02919
142277868 180.764269 -33.6655 18.9926881 10.231
358164738 139.106048 -63.641065 5.6022404 16.2862
361154154 143.692557 -63.735512 37.98781 10.1109
303030789 155.164204 -69.488366 21.5962209 9.42089
72542944 151.587915 -39.092019 2.5011016 15.7428
29780740 64.961341 -69.854207 2.4214702 9.94252
439618305 143.52393 -54.905421 4.0236761 16.953
101961987 153.714224 -43.515162 3.8149372 13.2182
446524637 155.886327 -52.953355 18.8392786 10.5098
5709314 143.595647 -41.525772 2.6185048 6.08823
139314045 151.834712 -53.343307 2.1978944 15.7016
188128470 162.168812 -24.719427 10.397262 13.8002
22221375 149.123515 -24.099186 3.9846589 2.12827
382688257 137.2905 -51.073956 7.6016156 19.3547
382187347 81.237585 -57.035477 3.581253 12.2522
71674064 156.403066 -32.592827 4.7383479 4.7507
167720788 103.402787 -64.437403 7.809463 14.0451
356921678 135.557036 -62.647058 0.8515408 16.072
147193084 162.271012 -45.085546 731.3548427 15.334
57694405 174.125644 -31.535144 14.7478214 7.68311
437774844 141.611472 -59.673478 5.389491 14.3807
363417404 164.296604 -27.523698 1484.1934287 8.94439
54238138 160.949007 -33.155027 7.4476397 2.1911
49066806 164.676291 -35.341072 5.332805 2.92256
297853363 142.493224 -50.725186 4.416076 16.839
72542131 151.681083 -39.710775 5.4736892 18.8155
464544047 156.617346 -56.545537 2.8656356 11.1837
46104747 132.023404 -58.758544 20.8359197 7.56184
280647591 144.357907 -48.275231 4.2380294 6.48085
80384677 165.14022 -49.077328 3.6477926 3.9626
306248357 166.557921 -54.573252 5.7180689 9.5585
310497279 152.680945 -48.27263 2.3645949 14.3865
35009898 164.724551 -5.547545 1.5275639 2.6103318
142171554 179.97778 -30.221599 4.5127799 10.6956
457337619 157.243507 -58.794138 5.8991458 1.10037
255851356 198.58223 -59.692251 2.4018591 10.1612
390151888 183.61147 -58.058789 15.5523703 3.54892
161738745 190.158097 -48.140748 3.6249482 5.1321
72504017 187.651542 -43.953561 5.6177467 5.60938
9385460 191.702821 -24.42739 3.3779614 14.3326751
915110182 163.101036 -61.446859 1.4328255 18.2238418
302212110 132.767883 -69.344177 8.5473 10.3970349
290777444 84.858988 -52.933311 6.1079575 19.1369245
35516889 148.416767 -45.659108 0.7888389 16.4131054
133850380 121.454664 -41.135631 6.9153868 15.9616
166527623 207.526001 -40.835896 6.9593972 9.3800527
220460087 74.756626 -56.715996 3.2706204 13.5836554
324422520 209.162375 -61.182993 3.6342494 4.36152
94483093 241.922414 -33.249367 2.6141047 3.60255
259606227 223.62771 -68.384542 10.1298877 3.76774
179739873 213.667189 -41.559703 12.9623248 5.94559
141074654 228.503044 -45.012267 12.5383316 3.44886
420529106 216.133991 -52.831718 9.5327064 2.39108
313671132 202.157881 -62.169938 733.3796728 6.17234
36734222 154.908187 -9.806443 0.8134733 13.1118363
47667 220.409244 -26.790781 17.2051468 8.17561
3728481 245.224446 -38.690224 3.1739329 15.5264
368713985 220.299751 -32.363352 4.0947485 17.3607607
210441429 212.200442 -55.712303 2.4053036 19.9376761
453668803 205.817879 -56.156449 3.9854465 16.4220671
392914193 218.729436 -34.057153 0.8778729 6.173706
121560868 225.706366 -40.167615 7.5837846 10.7098887
366316586 219.042483 -34.496057 4.9486116 10.6945832
253126207 194.684003 -58.476742 17.4368079 18.6840757
22560356 184.800928 -46.780305 5.9337178 19.9345
48103627 147.4067 -33.218503 4.5696698 13.0582928
73310180 190.438688 -45.743629 10.9799801 8.3173
243550555 206.394609 -42.826302 11.5379235 3.827
124617560 200.007062 -34.634937 3.6462287 14.2198
419503191 191.300944 -55.318965 8.1618477 11.849
464542805 156.512015 -56.329798 13.0953097 8.3339
272251987 187.583215 -59.413143 3.3047459 4.70927
304363215 164.927622 -58.659028 19.3111424 9.91342
144321743 189.630031 -41.47389 729.9391752 15.2287
144077896 188.132336 -37.073844 2.7543175 2.11364
308010949 167.212209 -54.315121 3.4732477 13.0505
48476907 150.152654 -34.681865 4.7192734 7.15211
170627138 185.624262 -32.33691 10.9600975 9.91407
94012094 176.397049 -50.56653 4.9156665 5.59825
438629686 201.899291 -46.386792 19.6500878 14.4539
377771417 154.698501 -62.793024 7.447404 13.1669
374155286 149.911356 -62.975497 3.6850751 10.2036
162729620 170.889648 -45.647015 13.4364908 9.8672
363259409 147.396642 -63.494029 5.0953453 12.0431
131312528 191.679388 -35.418044 17.0116833 8.55494
289389326 202.23874 -56.782537 1.7988855 13.2509
91794828 171.473891 -53.310061 3.0589547 17.6594
48476908 150.153861 -34.681446 4.7192771 9.68968
72123144 186.345676 -44.04327 7.0911739 14.5208
463868678 154.896239 -57.071089 5.7881587 11.6578
398945279 190.637818 -34.090596 9.5098954 16.5009
241297273 203.604407 -49.291192 8.4325164 9.45527
49411575 205.607979 -29.800642 2.67581 15.7041
361344753 143.94571 -60.083478 7.5138657 3.23033
306249066 166.728463 -54.738876 26.1622122 10.1227
131195882 190.978266 -33.265959 0.9097915 6.92737
22452837 184.349287 -46.173632 10.8089555 11.7906
166145361 205.923928 -40.041874 2.2059167 1.0369208
53189332 166.429628 -5.079485 9.2897006 11.4812614
325647810 187.441996 -69.651839 3.8030207 4.18884
167573692 101.568127 -62.347402 32.5444769 11.9952
392027961 174.171991 -71.183844 1.5840089 5.90757
90048949 204.212654 -55.270452 5.015806 14.6529
56884 220.652699 -25.55393 3.917482 13.4773
263207857 230.389105 -66.264426 12.2981251 9.70951
242532142 215.116596 -44.354316 2.5354002 15.299
400968492 167.584824 -69.344992 11.1860909 10.3662
366315051 218.944637 -32.719293 7.3144752 13.336
291668351 217.985495 -54.400652 12.9414603 10.6791
53735810 158.22503 -34.989907 4.0860495 13.0323437
289076007 224.571478 -49.275979 3.1651539 14.2867
403368444 229.883712 -73.522601 6.5568726 12.6672
76706043 229.294897 -33.969293 2.3207203 14.0426
426904354 237.006147 -66.810824 2.5001306 17.7461
149179763 81.700204 -65.289713 25.0709977 11.9941
145804834 230.134223 -45.54122 3.5911377 11.6235
349503728 220.664082 -79.454095 1.1235117 12.5587
439381274 195.799598 -64.822103 4.315664 8.30372
350432166 84.885928 -59.005736 35.7890963 9.2051754
399195246 163.506946 -70.892253 1.6930171 16.2172
54085154 160.180141 -31.927233 1.0014437 4.71785
241592217 207.195682 -53.575927 3.8647617 13.7097
374908396 88.963569 -65.507496 4.2807848 2.8386
260539542 96.949049 -54.279518 37.8575614 7.35774
207937389 207.421621 -57.150013 3.1791661 12.9563
443199889 198.888298 -61.443076 10.3031578 11.0446
258409964 221.805701 -68.521148 5.4863844 14.247
148691985 231.025033 -39.909393 1.2864856 14.0003
411463659 179.587735 -68.716999 4.8934688 15.84
75650448 225.83705 -35.230579 18.184189 9.90639
160442729 223.135822 -38.861661 4.3664669 9.52505
54962195 160.065852 -8.511083 2.5989031 2.4312854
54962195 160.065852 -8.511083 4.6991466 3.9416204
54962195 160.065852 -8.511083 7.1024749 1.9895244
312612366 210.847138 -51.927424 7.7103227 8.52513
457446242 206.35273 -57.331284 3.4714821 13.2477
292349703 221.42572 -65.8513 5.8778295 11.2784
38584799 63.937745 -62.725017 6.5479496 2.28629
400491269 166.596115 -66.703343 23.136755 9.05398
330424797 211.969321 -60.620203 8.6243051 16.2074
209054294 209.796777 -54.762928 3.5171227 14.6605
256124756 199.577115 -59.758683 2.231293 15.38
460316238 222.562817 -49.596217 4.140097 16.9028
446918603 232.605222 -67.938798 8.0136668 11.825
55092869 161.706905 -9.399365 4.7359232 13.5752589
167654347 102.540676 -63.465599 16.9356875 3.59731
241525834 206.54904 -53.357187 1.9647786 15.9566
23111 219.53997 -27.418351 3.3421583 16.3017
332887363 216.321837 -51.818041 4.8332515 14.6312
149450435 85.08377 -60.917584 42.7305626 4.03815
346855283 280.882334 20.560674 17.7505864 4.72963
439943973 1.21215 42.868196 3.9963994 3.44228
440150441 5.462265 42.77064 20.86399 3.8434
258940847 9.208188 24.267798 5.9867942 10.5818
64837857 338.805332 54.773557 20.3292125 14.2065
64837857 338.805332 54.773557 30.5055627 5.65993
64837857 338.805332 54.773557 8.9965133 4.26079
174328045 15.78859 35.389041 5.0569858 4.79388
283884522 2.214012 33.878756 3.8388774 1.94873
278726770 99.411971 -57.087293 9.5160627 17.807
304690618 278.028578 -67.664501 6.8672313 2.31017
304690618 278.028578 -67.664501 12.9587054 2.49711
96475638 264.966891 -50.574825 4.0610981 2.57627
292221593 278.680624 -65.95319 5.6494351 3.74551
272768631 278.41157 -35.348041 7.3120981 3.45268
82128636 124.110352 -46.429818 7.4760687 14.5444225
468178519 314.381155 -86.61053 2.9852193 17.0487122
355895977 190.769321 61.601738 10.5789534 3.0009044
418343229 84.856001 74.767411 0.2939493 0.9372852
192014454 103.906879 42.042931 735.797917 2.7674128
206361691 356.628534 -48.958006 718.652003 3.447372
333736132 170.276336 -26.066616 731.9966539 10.6774533
101955023 153.70907 -47.154936 1.6289322 1.2145664
99989903 172.258188 63.573608 19.7468103 2.6201221
423360793 14.901911 -1.326372 22.6957088 2.2731788
62085710 290.471912 -46.874959 5.4496736 8.32098
253864764 283.536275 -36.65686 3.4268387 2.12571
344034178 286.14225 -55.347336 2.3170053 4.4811227
6898572 285.449882 -50.06171 4.3816966 10.8739335
425817867 305.872437 -44.0587 3.7783401 13.8305377
254141733 286.539132 -40.61341 4.243624 5.7584838
394126269 2.879651 -70.986935 3.8568001 12.9539382
273270473 320.826158 -80.766966 2.7086444 13.966554
6764171 285.106706 -50.235512 10.7715898 4.1568836
269217040 284.548382 -47.003307 4.1661265 14.5365629
396246765 302.038459 -76.13625 3.4414188 12.4943419
464658144 288.371215 -61.059097 4.9594992 4.6274347
410119093 327.447985 -70.455057 4.1287427 12.0296829
124573851 158.900701 -5.181374 3.9451359 2.51666
149989864 90.445562 -63.050467 761.7092276 2.5578976
149989864 90.445562 -63.050467 904.5347981 2.7306626
35377903 315.423021 -10.408225 2.9932591 11.8414052
27414976 215.094092 41.278673 3.9759251 13.4485221
441546821 197.317124 -60.308435 16.4361731 8.1052869
341405597 317.069584 -63.2505 5.322002 3.84201
147660201 163.9091 -42.84928 0.579398 5.759676
167085203 95.725639 -66.273142 15.5177539 9.4825825
349789882 113.362847 -62.485985 10.018102 12.3167818
179442778 80.323733 -66.833206 2.1874712 3.3333783
255560319 96.071638 -53.575693 49.6178223 2.4730956
342449055 123.998559 -59.327035 6.8275101 5.0896772
411731278 214.272868 -55.521705 7.5757446 12.6097244
287328202 109.763471 -58.115526 3.8347282 5.6648123
269849065 69.144564 -81.292943 4.2290856 1.915198
20375215 167.608218 -29.414302 2.3477336 1.0903541
143842198 118.916232 -43.356714 2.067123 1.5139896
303364023 138.38301 -69.304692 10.3469945 1.0318727
192943720 154.949388 -28.96236 1.8987896 2.2042465
428673146 179.792354 -20.355606 2.1538049 0.8814471
261264800 90.934682 -81.457413 4.7674421 1.0365063
460950389 159.157968 -64.798231 2.8618782 3.9033641
112115898 111.657082 -30.55218 4.718569 1.0102426
34986694 164.325075 -4.674414 0.4707476 1.852907
405428714 357.366601 -78.932968 2.9532145 10.2396383
92449173 314.575438 -35.796622 2.1764875 14.184839
151825527 167.990863 -39.328115 3.6335735 5.0924146
281541545 6.613593 -56.34428 4.1470359 8.6285404
253917292 337.48912 -31.929085 4.6086414 17.9837961
220524097 42.467198 -62.723587 3.9613114 9.2319785
370010846 46.987523 -66.111186 3.4852362 12.6093335
261646133 19.06757 -79.893899 42.8614655 4.13549
121490076 343.572379 -43.010229 14.2456603 3.68209
47482754 342.732459 -29.809107 15.3471548 2.53444
287326127 109.777497 -55.837843 24.9636551 4.53167
426032475 45.310382 -75.203308 7.8374554 2.26966
426032475 45.310382 -75.203308 3.8638303 1.80822
382521776 12.358885 -53.914944 4.3934744 10.511208
9032367 355.911751 -11.272631 1.631858 11.400179
349891396 274.39888 -53.01713 1.3003394 12.0407
221566773 248.404924 -56.556132 3.2529571 15.5894
412666676 262.96928 -48.371167 4.6068687 12.7334
76899250 271.142485 -58.014464 3.3357969 11.1895
324150445 275.653906 -41.476441 2.9879341 11.6667
171886633 255.458652 -56.815904 2.8475582 16.2689
89417257 275.279781 -45.469851 3.6234424 9.13018
91324328 278.145792 -44.717706 4.6588405 10.0709
158588995 164.586559 -36.858109 1.9771658 5.2706003
174070181 258.410562 -55.729405 3.3505941 11.4279
263203229 230.412408 -67.206546 5.0061978 12.4847
307232923 267.730983 -61.614393 8.1678648 10.7664
361403927 242.81722 -67.000306 5.9097139 18.7334
345056639 277.412003 -62.201806 0.8674623 12.8076
301247383 255.105601 -69.617872 5.2452852 11.9863
367900542 260.693723 -56.817609 1.20306 12.8325
343717397 273.029327 -72.877347 0.7025922 5.49838
421056636 252.568079 -56.083838 4.5932835 11.9834
426901646 236.891954 -67.506647 8.6121286 12.0872
169226822 160.558765 -3.834999 4.1780637 14.6952606
299876474 244.02137 -60.038009 2.5950111 10.8614
381448973 257.381418 -47.403434 2.9419791 15.3905
87422071 273.034601 -44.243404 11.3648628 9.30846
301248781 255.225724 -70.53015 1.0169814 12.1981
261192051 259.290405 -48.763415 1.9943104 17.6537
381468938 269.585917 -51.797559 5.7585993 11.2259
314193010 278.470062 -40.168552 4.9354155 16.6116
89659632 275.664375 -44.379884 3.5193417 14.4544
383313006 186.289501 -86.887548 12.6136992 2.58082
57011946 274.022452 -37.153165 1.318678 10.1378
219187649 171.205976 -18.617278 2.1503007 14.1253056
361467239 243.165316 -67.3391 5.2820398 9.84673
234540647 251.015114 -47.714009 4.3430254 13.5998
360224870 262.187918 -57.912799 5.1778752 11.9282
96829917 265.323637 -49.163899 2.4519381 17.3192
148523092 265.710722 -41.179089 2.8562935 18.1559
420369105 251.037059 -58.984634 2.7967251 19.3726
311856080 262.40787 -76.58679 2.2104947 13.6352
90156362 276.290046 -43.906257 2.3519086 18.0511
365952328 276.191236 -60.784523 4.8741147 14.8251
304430662 259.595573 -62.931814 5.6858804 13.193
280206394 144.119359 -50.463093 11.2365977 13.0203
375297961 289.721012 -64.249499 14.6768874 9.65258
61621800 288.737557 -42.702604 6.8552506 11.7073
469813927 304.820752 -64.974169 3.940549 7.73812
355138852 307.11341 -45.96744 3.272056 10.5823
79660831 295.743404 -44.759727 4.5833112 9.62957
100263315 306.501073 -48.920419 0.5940157 7.9118
344552721 321.814728 -68.739364 1.9519092 10.4769
32443914 290.594959 -31.383219 3.3615701 16.5271
421990278 300.936671 -55.367879 3.9718475 8.29625
467931774 282.205124 -75.431953 1.3504913 8.65039
294395926 109.330734 -55.597929 11.3298459 3.4134506
419738713 324.480301 -66.436672 13.4570562 10.2486
411955845 290.671642 -62.022859 2.7638775 11.9271
254209017 287.701332 -36.51561 1.7278017 17.158
291013124 309.345795 -38.723632 6.0368213 13.3128
253857911 283.270016 -38.399466 3.1539313 15.5528
219978369 306.530071 -55.540066 16.2501976 8.04744
253788533 282.733386 -37.534617 2.7142282 17.7291
201658484 288.702162 -54.242515 2.9588636 16.201
319568755 290.972257 -54.149068 24.092358 12.4646
90935909 308.198717 -44.663326 4.2221583 7.93123
308050066 155.436002 -17.224364 11.1755425 17.5706
129458276 304.401827 -47.09656 6.1030299 16.3974
101272159 299.543066 -53.872432 18.8224069 12.5063
326327260 308.340789 -29.441613 7.9605908 5.94344
352438619 323.04039 -77.426902 6.5516113 7.01051
408609355 296.355554 -34.534399 7.3099457 12.4526
269372232 291.688916 -36.831352 2.1250402 12.6314
32046665 289.900026 -35.809407 3.7871416 8.91723
164249928 304.395069 -28.821369 0.9898852 11.4457
290403522 330.958061 -72.44083 22.3751134 12.8125
387295547 312.696269 -58.943302 0.664786 5.36785
335499997 179.163601 -12.377519 0.433569 4.8760213
254174907 287.258761 -41.100082 4.1518071 10.2109
90935995 308.185081 -44.581239 1.2245052 19.6011
262470965 312.131066 -36.432345 1.1079142 12.7389
166495921 305.027554 -48.129533 3.3522572 10.9307
100264497 306.582801 -48.984798 3.7724643 13.0104
112989868 292.384076 -34.096927 1.040425 11.6289
144327080 355.545706 -47.913029 23.2490769 15.7473
441076258 323.284714 -29.117607 6.6210878 9.48332
29821723 316.174214 -26.507097 2.6855972 11.0734
410450228 117.894946 -60.41239 15.7784931 18.2872401
214515989 340.362308 -38.413111 11.3498282 12.2742
129711632 322.118531 -37.649275 1.1602698 18.336
92443533 314.373719 -35.639977 12.6357243 13.1329
364267778 114.419661 -58.061848 2.3557153 1.98374
211352962 320.412201 -34.459075 0.7941828 8.86489
233964924 36.351144 -65.055381 17.9217736 16.7867
278525028 332.424127 -36.96281 10.9267866 13.7902
402027382 353.477124 -47.499264 3.1998039 6.9761
281666033 10.135045 -56.549045 10.1956949 7.45333
327917279 1.99379 -68.226643 8.5467163 6.73372
429304876 167.88543 -22.07278 6.8392388 3.74186
350821320 89.516875 -56.346708 2.014214 2.55092
197643976 328.51748 -38.377419 3.535713 4.58576
261679541 21.823385 -77.941125 2.7492112 10.486
259884973 40.756305 -70.514284 2.8411187 5.54834
197642926 328.529799 -41.845726 5.407469 12.0272
197598125 327.237993 -40.086569 16.4547455 4.11474
55450156 70.371711 -60.407556 6.4375108 2.10567
302453291 322.622051 -26.773971 4.4738444 11.2091
278666476 334.487496 -38.032716 3.4894537 11.1177
469967533 358.85855 -54.494961 23.842 17.1852
437248515 169.43886 -19.054778 3.4058895 17.2861065
29430403 313.624861 -29.527891 1.8778647 13.2226172
380884709 16.276924 8.444581 57.1050077 5.93946
8995204 355.128863 -11.021495 5.1392756 2.17365
4610830 348.949031 -10.849739 8.2616616 3.30997
49735922 352.713934 -11.077356 6.3392677 3.91968
301235044 350.917046 -1.189183 0.2803246 1.64829
422618449 353.954352 0.444704 9.100412 2.59387
262584907 348.161066 2.685589 0.9494413 1.37109
278892590 346.626392 -5.043462 1.5109447 1.2038917
126982911 24.192615 12.693358 2.9944742 8.6826968
462162948 150.433636 -59.850029 19.8507621 8.778562
380886534 19.461998 0.341952 8.9000334 15.1261771
257467784 0.08468 5.044388 13.9285074 9.5784743
58858008 20.636935 13.352227 5.3920955 18.2452387
369474541 15.45314 9.798544 5.4977872 14.0381026
311086350 352.232735 -14.210227 3.8068712 8.6543461
399571743 341.160439 -18.9358 4.7443604 7.57257
254296853 354.890085 -27.654129 3.334884 10.5691
150063444 91.200646 -60.194076 1.3939452 8.87293
230982415 24.418283 -54.80939 7.5954765 13.1172
434100688 352.949174 -17.448458 1825.048364 12.7111
281731203 163.032312 0.493167 11.6332127 10.264
9166136 352.157167 -23.270494 6.0803777 3.36588
350861689 90.396537 -58.470732 12.0101118 2.28751
166671025 34.403355 -52.867758 16.7382238 9.09208
197808753 53.776203 -57.621974 10.636983 8.16912
55363630 77.014975 -65.049061 2.7663479 6.35856
274017513 33.933641 -49.443527 26.3333899 9.07333
254301731 355.409997 -28.336727 0.6541517 15.3922
281596890 8.810668 -55.889296 10.0512067 5.57868
201254754 1.512156 -58.935221 3.3024845 1.73871
237909527 21.648785 -63.96451 9.6804752 11.5702
339857675 111.601066 -54.452065 3.5137609 3.3397496
36646052 342.792364 -6.779791 0.6183488 10.2266
293267224 4.043933 3.137181 3.7942532 11.3603
408508003 3.539406 7.115538 8.2241876 11.9576
419957314 31.091545 4.33968 7.8407154 9.86579
25959926 51.570524 23.000347 15.5106583 6.93651
405269313 0.935669 11.332234 2.4465664 4.74384
344224831 21.602425 4.317341 8.0179256 9.29428
405230669 0.318198 12.040073 3.6810755 8.85628
408506314 3.276119 7.660267 3.4106422 11.8996
28872266 49.593526 24.277814 763.9701133 8.20454
74534430 137.672815 -45.098845 36.2995129 2.2115007
58726656 104.11559 20.420768 6.6968572 3.89953
426471754 48.936836 18.484536 12.4652143 2.51956
150096001 70.149378 25.009813 11.0248821 2.46843
67395329 121.454994 20.803931 18.8204255 3.5747237
4426490 116.578612 30.776661 2.668957 16.1018337
403693870 105.009764 11.045477 3.5245689 17.3489851
377024332 147.221565 8.974037 15.1771428 2.80249
365007485 164.189386 9.673946 33.5920255 9.88421
262135904 106.486751 11.772439 2.0990836 4.13797
364955057 163.02506 10.794672 13.5853161 3.82513
339636032 110.194274 -55.379531 6.8787507 3.45801
4486230 117.070656 30.184445 14.9166631 1.92053
431899136 56.22842 45.507976 1.9769396 15.8982
293075732 254.242045 -68.709846 0.5666806 8.04611
156514476 193.008793 26.673951 14.4217699 9.4489967
154067753 207.488369 66.773769 11.6515287 11.0647635
397053253 183.608978 5.29803 4.8003341 5.5672157
39174810 184.083837 39.149853 6.5883481 9.5170822
312543349 12.9724 57.364237 19.9253903 10.8355197
282794970 199.484552 16.418007 10.5465818 18.8533824
445822015 147.005591 -48.320751 1.66402 7.65443
165312726 185.205942 53.160817 8.3106603 8.109016
253054954 178.369356 47.971471 17.8961832 11.0501866
67512645 173.469142 12.451091 3.3706303 9.3830336
252537013 344.835029 52.066799 7.0469712 3.77076
9707944 358.005905 -9.349538 19.7357748 3.5822698
89043973 339.077592 -46.312801 8.330174 13.52336
441158994 333.155846 -24.209535 18.1070683 3.3584758
139879080 326.381404 -51.564785 2.8625937 1.1780056
140893722 76.81876 -73.245857 13.9223368 1.7196615
262928973 9.866558 -80.569321 3.2727859 1.4541092
167656187 102.504272 -60.248678 36.4358589 2.8743721
9216075 352.756421 -19.489929 4.9676784 3.8407588
387294150 312.359236 -57.480062 16.8267434 2.9646311
354846183 300.559621 -39.506572 1083.5575987 13.8558129
195192253 129.178395 19.173801 3.4770171 11.8571021
198185513 245.55467 63.71758 3.3795099 10.862172
197039766 95.689686 36.598103 3.7120776 5.11821
252913663 104.871326 51.045827 4.4284676 7.976213
156991337 99.953812 -42.045199 6.9055862 4.752734
288471046 271.511307 78.061627 2.514016 14.2727857
428812049 43.350899 83.51062 16.2521679 2.7672
67181830 83.14519 36.112303 7.63779 2.22751
121070864 74.086436 38.669537 0.5843146 5.71748
59369068 108.653871 21.40386 9.3079811 18.225
367439938 78.332435 31.375829 2.4915545 5.46811
264159776 108.382077 9.639457 3.9155539 16.5322
47220926 80.701607 12.289196 9.7716812 9.12933
365509373 64.969737 10.469385 14.2308461 9.75869
69054388 75.408317 22.890447 0.7603078 14.9311
320417762 118.004229 10.249288 1.03604 3.52761
84126162 95.862582 25.543291 3.6688102 9.85973
58474992 65.839526 24.897315 25.714253 15.8297
114422211 88.252551 19.288231 5.0989519 7.74162
418184767 147.084395 8.055486 6.7274903 11.3939
91777086 88.686624 17.212515 91.9283414 9.22033
57147191 101.98876 22.935209 5.9785287 13.9371
76731445 87.32422 28.369198 8.2864221 9.77567
67349298 120.69024 21.659686 4.3427321 13.7163
45376816 92.343212 23.791831 3.8978437 13.8047
49524528 175.578807 -0.699336 719.5740937 10.9394
462507821 111.764498 26.928341 7.2218817 13.5058
307375528 98.840643 15.183422 2.2183625 11.9385
63307816 158.158632 12.678595 8.9533044 11.7455
78290597 177.760407 -0.674683 9.765482 12.1312
19560484 84.179464 23.902345 2.8398671 13.7553
270048796 114.871325 9.236081 1.763034 9.55649
63082902 117.990508 18.126386 10.298566 4.00839
294434193 93.240035 11.99264 1.3809769 5.73354
114600571 88.44156 18.478748 4.8789974 15.3642
88929544 89.372227 17.772453 1.9207699 13.6773
55383975 77.383578 -64.026083 48.0511988 12.8456117
421006834 111.870696 11.466281 0.3052608 2.03448
74389253 83.554033 26.679569 2.9371797 15.95
238506223 90.951009 19.213328 11.2320736 7.84543
262137985 106.522483 10.732296 5.6906792 15.1551
421005422 111.928044 9.96955 12.3027503 2.60986
392022763 104.101096 19.321622 14.8547783 11.426
14435301 124.713379 20.052456 13.2272686 12.0458
457039843 105.364062 16.369192 6.5202038 16.0234
438329568 97.003535 12.613957 5.4911822 11.618
45905504 93.036822 20.577124 3.2232502 11.4574
55559618 73.138235 -64.928868 21.3764237 2.6824173
165965790 110.741054 22.48931 2.0478359 12.2554
83180637 94.245362 24.803014 3.7279887 18.1003
400466395 92.092038 33.732462 5.1391542 10.2495
70435923 114.586421 19.531926 0.8204734 8.70762
443607377 168.324059 -2.787764 4.0207557 3.74825
81963214 92.934009 25.038945 5.1185703 11.7972
294350792 93.081227 13.953313 12.3900547 9.88852
30853990 75.793998 -66.358346 160.6760208 3.2160534
219108677 271.178306 70.430348 5.9815745 13.6663996
230013442 291.191388 64.618252 3.1381914 12.7099203
77156829 68.178987 -39.790874 0.8602406 0.9718795
77156829 68.178987 -39.790874 3.6942604 1.0428407
77156829 68.178987 -39.790874 4.9652069 0.8566925
204496071 326.64701 -31.006241 1.3059494 7.489346
404715325 30.218314 12.583289 17.2367433 3.9264923
435339558 55.255931 13.519187 21.9903619 4.6034655
56658270 63.928339 29.166542 8.8349261 9.0595904
243208884 45.860656 17.808283 4.7645838 3.1594083
80224448 103.678273 24.245141 5.9693397 1.3473608
80224448 103.678273 24.245141 28.0693949 1.6221344
243030574 61.131862 16.216647 2.1659522 2.9108183
27635334 123.381848 16.419516 4.7335575 5.3852666
121990418 289.332853 38.348899 2.3475051 5.4152906
17129975 308.160533 40.778443 1.5142292 11.6042711
17129975 308.160533 40.778443 4.5565614 11.372041
77253676 69.704221 -36.681326 8.6078603 2.6206141
271749758 295.49671 42.537932 11.714447 11.53374
354031707 168.416829 51.177452 4.1866989 13.6762774
219824470 204.439616 48.246384 5.4809114 8.44272
427765233 352.291773 66.099275 31.6527509 3.1745
348684814 133.99297 -14.358967 7.7517707 7.24338
5972036 144.074277 -40.626972 1.7346044 4.46251
436575927 71.110002 16.518582 5.0957983 1.92318
320847025 299.638248 -54.937423 9.1258136 0.9704787
26078330 52.888852 22.434819 8.754708 3.5438108
141527579 87.739087 -76.61961 15.0867738 2.0905859
443823169 121.059967 11.266937 425.4506963 2.0762333
113921235 54.274323 19.499595 59.8473992 11.7556773
368628986 38.742213 9.845805 31.1571613 2.6946338
59490344 108.993831 18.691658 748.7146251 3.4308988
366302410 75.876995 35.183943 1.2117417 12.6463
21035365 72.630009 43.065498 4.6017382 17.8729
70897115 90.244747 62.693985 13.414031 8.766
261141602 76.241952 43.258963 1.4956727 6.10516
149302744 83.38224 -62.109022 14.8011934 2.44796
149302744 83.38224 -62.109022 33.6336133 2.30517
149302744 83.38224 -62.109022 672.6366236 2.9749826
353302490 89.836331 35.278155 1.5829358 8.45955
440562226 91.995028 46.117884 0.9902419 15.3849
259330386 70.715328 51.527177 15.1389808 4.03127
408656366 78.466062 68.467793 0.3695622 4.9835
55390413 97.425171 65.731761 1.8819016 7.09086
383829317 284.14342 33.502922 9.9444971 11.3375
41875043 285.826291 34.882431 0.9602835 6.0323
357858008 282.269154 25.693224 16.179367 10.3462
350733403 287.702777 78.732191 27.035894 6.01419
444977814 111.171233 58.549323 11.3689753 9.89847
150428135 97.095717 -65.578615 16.051106 2.5869212
150428135 97.095717 -65.578615 37.4236838 1.3296571
150428135 97.095717 -65.578615 9.977273 0.9617288
150428135 97.095717 -65.578615 27.8096898 0.9491858
154926644 206.086781 85.112826 2.7897577 15.2527
85113291 275.44055 28.467918 16.3475547 13.2139
317290270 280.461822 26.937022 4.9792822 12.0483
219707850 136.631085 70.886829 0.7331156 13.8557
390207998 282.64336 40.601236 9.8162989 9.90817
99834321 164.988266 64.643718 8.1420107 8.96217
343336312 310.040594 62.280407 51.9120896 9.69324
289441015 315.213643 48.803268 1.5342604 6.09992
335661164 216.988253 79.450396 0.8406912 4.77919
405837291 299.513133 55.651029 2.3206673 4.047
219239945 64.52165 -53.80127 13.697384 4.211945
233867481 304.36076 58.427382 4.1976032 11.3523
167631701 319.57696 41.398944 19.394038 10.5887
322369867 309.116634 50.597122 4.0197822 9.47332
67246795 311.769968 37.26488 4.2451891 7.66981
158657991 288.016564 44.496438 0.7406805 6.53553
11894726 178.176278 48.352211 7.0687489 14.0241
16740548 307.898168 39.796755 1.598803 15.4905
1881298619 299.074389 44.432298 5.0826878 19.0027
156512187 221.073871 77.946044 20.3158735 17.8657
366119858 273.788901 50.862739 48.2590904 7.87933
237914496 56.174949 -65.198339 3.568141 2.0483578
233287217 300.366236 54.927126 3.1642475 10.4341
233855268 304.209848 56.590341 49.5355004 10.5617
125366299 320.914125 37.759522 2.8583729 16.0985
230856987 312.781068 34.440642 2.3404152 13.0087
354032153 168.703812 53.511708 1.9639208 12.0421
219803922 266.122221 62.555116 66.9954225 11.7213
219809549 266.836955 65.632257 65.5580424 5.53264
164783371 284.738548 47.169508 4.2885021 11.61
416195843 287.160637 57.377572 2.4596079 4.09395
446166017 183.519002 48.359133 1.9271521 13.364
237928815 57.999823 -59.882442 8.6729683 2.28271
237928815 57.999823 -59.882442 22.5682711 2.479501
430930679 334.163501 52.924493 2.5604496 1.60134
284592989 186.012762 42.684124 1.7911016 7.0726104
22903436 205.846632 39.248789 17.7456043 2.44767
29953537 133.641742 -45.483829 0.7312783 1.7324
418981325 6.578481 62.931096 0.9082202 5.31602
366074071 356.781098 69.0485 4.18142 14.794
284300833 237.806582 29.44792 3.0513298 11.1893597
269343479 128.328153 5.106301 4.1279985 15.1533
210904767 246.057741 -32.143789 8.6000492 3.12511
329981856 192.339004 -70.916554 3.3206355 3.01837
260004324 91.089986 -55.311538 3.8143009 1.1147163
277039287 283.443213 -34.784103 21.0562422 5.1947988
201175570 357.802172 -50.869862 9.6994666 9.5295926
345724317 249.91015 20.743061 2.817627 3.22711
57299130 251.80616 37.885957 17.3840061 1.69425
263723967 250.414739 15.20053 15.9669794 6.72555
21720215 256.054062 31.565369 2.2775983 4.16351
201899356 40.587028 -59.46639 3.1084574 13.2168
31142436 81.397716 -25.517309 5.2729668 2.56914
235015217 353.430263 -62.643379 4.0863647 13.1374
337217173 39.824291 7.470835 40.3833862 2.03391
391904697 106.477148 -72.558765 47.0196372 3.1012834
50592053 278.519237 17.199139 1.4182984 9.60116
18574158 272.797502 5.982054 4.9131459 7.84064
22038430 268.95853 33.419623 2.8862017 1.71911
329821992 281.70848 12.554509 2.8637988 7.75857
62676654 269.095123 -2.404231 14.7595601 7.3454534
167227214 274.37327 -3.381059 3.1290476 16.9082331
325670253 269.57207 5.761371 3.3777419 13.6239337
317520667 274.743418 10.597197 2.4651801 17.0861139
104866616 270.444183 -2.97098 4.4626647 13.3934403
219345200 74.752657 -49.736179 719.0381327 16.6333557
469810663 300.047116 -71.966865 5.8497196 2.71286
469810663 300.047116 -71.966865 1064.700399 4.45158
244089109 304.538843 -1.076003 2.1376682 15.7532
23961340 313.292091 -9.044055 10.5137924 3.1867
248769312 313.726289 -2.334419 3.7570477 1.41479
376867898 276.104689 69.097768 61.5555962 2.1796
383723559 279.71524 43.093727 2.6667526 3.01006
405010127 291.063681 0.746014 13.2341261 7.3853255
139158696 295.287232 41.222003 15.3573522 13.3280613
160428500 322.648515 32.006189 8.7201675 2.35848
167342439 98.729589 -67.537274 52.7993058 2.3982714
167342439 98.729589 -67.537274 17.4757465 1.4862817
289218489 314.841608 18.071787 4.4563756 2.98505
14203588 305.946252 37.98274 5.5334128 2.57273
298658399 324.361307 28.008443 0.8118915 6.54453
276922692 306.238533 50.488593 13.1689848 11.4366
138609069 319.908796 46.067271 4.6504794 18.8371
66266024 311.164232 41.139884 2.8120379 9.95975
138225319 319.341171 44.560338 3.4747684 16.2878
188814758 308.980504 44.884869 6.403011 7.96127
233266582 299.784248 54.971049 6.3962557 5.10457
287191183 292.636286 54.680539 12.1252851 15.2955
391821647 82.764859 -70.357179 1.996071 1.947951
366725641 311.763262 43.581973 36.6892187 9.1862
142385671 197.300194 65.3161 12.7617794 16.8306
22740615 202.249317 40.195722 2.253174 11.9013
286923515 203.629694 53.866931 7.6253466 9.43868
165337974 316.498826 37.665263 21.8153374 3.96837
364571121 310.682122 53.447772 2.202258 11.2703
199289712 334.215281 43.451939 1.0092447 11.8411
233266797 299.718457 54.840033 7.9039906 9.39901
274411493 318.951423 37.132423 7.1554749 19.6737
195933415 310.766666 45.837007 1.5852089 5.77903
396720998 65.655386 -54.147179 32.3766006 3.6771515
396720998 65.655386 -54.147179 777.0516742 1.3396102
166178400 217.336884 65.930097 60.6825768 16.0883
296327387 306.609094 49.041249 4.8510805 17.8341
195483731 310.142452 47.299605 1.102219 16.2877
62867537 319.410012 48.163355 2.8371938 18.3031
395214388 335.259662 57.081072 4.6745746 13.7841
199488690 334.884059 45.986468 3.3505745 11.4859
293949992 297.823447 56.568425 4.1560086 7.19145
313922260 345.383265 53.968241 1.3821651 17.6176
430415564 332.624758 48.097061 4.4264918 14.8697
309402106 124.748703 -65.278089 216.24584 18.5681404
325765282 331.096689 53.465187 7.4156006 16.1132
469523613 318.005196 59.03141 1.1838059 11.623
197604890 336.730483 49.149727 5.3590843 4.36817
417564823 317.532978 61.039287 17.0548288 9.80945
66545173 341.503021 52.134649 2.7945508 13.7026
237019002 306.570479 60.668422 8.6145655 12.146
38510224 62.516131 -61.942668 18.3841259 2.1505216
38510224 62.516131 -61.942668 35.9432773 2.7375059
266488971 296.584159 56.166677 8.8182594 13.1872
200465781 338.88337 45.834178 7.0634276 11.2092
335624180 332.920933 60.758124 4.6351977 15.825
361944563 341.109394 54.202131 0.8738186 10.2138
325908483 331.513815 48.341954 18.9438583 10.0797
286382849 318.346195 61.754571 37.8016862 6.55527
420383981 344.8819 54.888207 2.5933417 15.3451
150151262 92.936106 -65.825839 9.531366 2.24794
150151262 92.936106 -65.825839 51.6991421 2.45531
150151262 92.936106 -65.825839 53.746482 3.263156
150151262 92.936106 -65.825839 84.83869 2.03857
64198376 321.742552 52.161352 3.1739167 17.4128
277853911 321.031993 53.753129 0.3075961 17.2274
345596003 356.180508 56.843339 2.6414334 13.6255
272829240 356.773197 60.249859 21.7276636 8.18265
344855300 354.944277 58.00075 3.2966077 14.8596
256418577 15.554384 62.013217 3.3683989 13.3562
434086605 342.317208 61.201293 8.8204144 11.5324
167600516 102.021376 -65.624257 35.9993588 2.2253394
167600516 102.021376 -65.624257 1.8715209 1.0618157
434270112 342.713199 64.970472 1.2433877 8.07577
420018238 10.787342 62.362882 3.8282053 11.9804
269102377 349.385015 63.768479 3.5899561 18.0461
188539008 237.222993 35.398017 10.6185545 12.568
161687209 236.054241 58.553688 1.2529962 19.179
269514008 350.58587 60.754699 5.4149624 16.1825
269330087 350.306271 65.257695 3.8850223 11.9861
219195044 92.392417 -53.822988 4.3239329 1.5008877
219195044 92.392417 -53.822988 10.1775475 1.5705443
371909591 349.021766 59.019516 5.1879527 14.8534
235717158 254.662151 83.271745 2.4141149 5.83132
263723781 250.44698 14.772788 6.5433068 16.0666
408548144 92.381859 85.820703 1.1376981 2.77467
400235555 263.053897 14.26805 0.5289141 6.67772
8416274 246.09856 32.029436 23.2471066 13.9025
402848417 17.742424 82.221473 28.4664618 9.21955
405542683 256.753952 38.784588 1.3473988 9.67861
351599985 254.146881 22.569607 1.3432587 3.99294
459323923 244.738466 19.175812 2.6520679 11.2606
271971130 113.852328 -73.577409 19.2879717 1.5946643
352284958 19.247141 71.093647 0.8818115 9.47171
331619598 69.641701 74.30934 7.1467369 3.63858
154869806 190.256094 88.082025 27.6174987 3.92928
377622130 264.570314 15.213537 8.8600515 9.20623
468350765 12.445448 79.287855 3.8949005 2.15693
376354189 45.280234 69.916053 1.9299641 11.758
469523619 318.005408 59.032739 1.1838063 9.29553
431033767 334.678618 53.781393 3.338577 11.9188
119081096 136.238912 -18.502674 0.83707 2.98849
154264903 342.052268 47.170483 3.0825102 10.2259
415461195 337.314049 56.014714 3.8285502 12.7621
341005781 314.724621 59.595297 8.6393678 8.17498
343774169 341.716965 54.011837 5.3913891 4.28654
326470400 210.09769 -61.7412 736.5528811 3.13923
239277658 300.102351 45.762192 3.2509657 12.8297161
288421619 320.680636 8.889398 12.9228111 2.1004549
456482025 0.099291 16.493828 13.723753 7.707781
427685831 348.494793 8.761079 1.7497746 15.5589079
372048733 351.05469 36.817566 3.4375711 15.0290201
63100069 117.974778 21.339953 1.917096 3.5741192
420191136 338.015396 49.15674 23.5367004 3.3862
302173245 8.73548 17.056391 2.7547949 3.7424744
268727719 347.956369 65.229824 0.6257352 9.1590642
25472026 351.681768 50.052375 4.2422767 14.4051573
26999884 356.316355 53.750777 2.9944941 15.498003
51768374 337.663459 12.556345 6.8434236 2.93142
419877797 337.653386 11.892662 5.2169076 2.0097
196201652 311.011623 45.835325 2.7384363 10.4314
150247134 94.167445 -62.648403 12.8650769 1.90058
314992600 336.652468 21.460785 3.2607791 3.18123
419878733 337.67535 9.158174 5.1794403 5.8283
408469564 359.262122 9.784659 14.7126653 2.08605
422159302 335.623102 58.083092 10.5739387 4.60829
426956677 2.494564 18.77383 1.1976555 1.53572
77490011 42.823804 30.281303 2.6881318 3.537073
184952758 128.144178 -36.346818 4.109953 1.81345
131419878 118.037196 -37.799016 3.16043 2.38866
38571020 63.199385 -64.347805 12.2877358 2.09232
38509907 62.379568 -62.850656 15.3004892 2.3968761
177077336 103.243335 -70.641686 1.4178596 1.10894
339961200 112.555258 -58.53966 3.21264 2.0575829
410245915 133.964876 -20.274779 0.9889446 7.2993
174143743 113.88333 -36.386962 0.46132 1.89253
149788158 130.736931 -2.498585 4.7244442 1.97562
149788158 130.736931 -2.498585 0.7499711 1.0797147
96097215 146.891712 -7.33087 1.60245 4.69411
11561667 149.823667 -27.392817 3.0876297 13.9011294
34068865 146.121464 -45.779016 0.3219233 2.66076
36724087 154.644903 -11.717801 0.7683904 1.1406447
36724087 154.644903 -11.717801 12.2534308 2.2967944
106402532 159.409318 -40.888259 4.8847937 1.94753
146846569 160.889636 -44.621815 4.7535388 12.1863496
150271680 94.754704 -63.864708 2.593694 2.980736
181804752 165.690484 -16.406444 4.9899176 2.9858436
181804752 165.690484 -16.406444 0.9479945 1.1926392
219189765 171.014792 -19.556959 1.7318529 12.0299493
260304800 94.535471 -57.558727 3.4405946 8.8966421
279425357 104.991003 -57.618675 9.0150439 12.2284921
310009611 152.118034 -50.307503 2.131225 1.98371
359271092 140.399376 -60.281169 7.5768334 0.867887
373424049 140.056794 -53.119685 0.963081 2.727644
434486077 156.572646 -23.508063 2.2284671 10.9560053
437242640 165.399368 -23.860946 4.3176859 13.3926
444842193 147.757437 -55.318299 1.0790928 3.542265
167418903 99.620795 -67.64895 10.9803114 10.1826375
15445551 185.324682 -52.840816 1.6827917 14.8695962
5868998 187.781988 -23.773715 0.63554 14.372489
14614418 173.95742 -29.156064 0.8378453 15.971118
14661418 174.009869 -29.543364 4.722816 12.0898005
61538902 176.299052 -42.063958 5.7481323 13.14269
61988212 178.074448 -47.583414 0.555255 18.630967
72985822 189.297113 -42.413637 3.8639681 12.659975
73228647 190.036564 -44.312078 2.5404679 2.15331
73228647 190.036564 -44.312078 6.7418796 2.1138482
73649615 192.103738 -45.470471 1.2392569 3.1811214
130924120 187.994843 -35.554452 17.4682298 2.17884
131081852 189.76217 -31.992266 13.2735511 19.0558857
152147232 169.909474 -39.46208 4.2135662 12.9663
165317334 179.262998 -38.104794 10.5557332 2.7774832
165317334 179.262998 -38.104794 1.8320863 1.361695
178709444 166.074742 -47.821496 3.4716808 8.027234
178819686 194.468098 -39.758061 5.6057748 2.4097088
178819686 194.468098 -39.758061 12.2772444 2.8635085
219401954 78.165188 -53.743438 0.861484 2.512038
219698950 175.52524 -23.354845 3.4464529 12.5399052
229047362 195.359758 -27.522227 3.764873 13.95182
229811538 198.635626 -24.14419 11.5294381 18.7142
248075138 192.981203 -42.073617 4.9816784 10.7801
248111245 193.55246 -46.587716 4.6370479 15.3045465
277634430 164.11389 -72.985174 2.3260077 1.3960869
286864983 190.191401 -21.872782 11.0163421 6.9124465
286864983 190.191401 -21.872782 744.2007603 5.3137751
286864983 190.191401 -21.872782 2.7912365 2.584596
286865921 190.151956 -19.284353 4.971298 12.1956
294301883 203.758195 -17.503496 4.4656343 14.6467763
306996324 178.577997 -37.553357 15.6653322 2.0999942
306996324 178.577997 -37.553357 8.2466133 1.7687315
334305570 183.118731 -49.00774 8.3008562 8.5512662
335630746 199.33385 -15.273705 4.6336155 15.2453
398943781 190.618803 -30.639818 3.0524018 13.7594
413376180 176.738826 -22.56301 1.3541342 13.2236638
429358906 183.920361 -18.910338 8.0239811 2.5926653
451645081 172.155637 -54.784223 8.1125147 2.3812033
460984940 159.341221 -63.655692 2.7970316 1.84303
374829238 88.33729 -65.6335 18.626388 1.1783902
375059587 100.104215 -63.339108 12.6693786 2.30678
375059587 100.104215 -63.339108 38.5537648 2.14038
350584963 87.116029 -56.004119 2.1263242 1.54125
349829627 113.695288 -61.240068 6.4872362 3.2602447
300710077 115.270225 -71.303764 5.4470648 1.1245064
300710077 115.270225 -71.303764 12.9707041 1.3280332
300710077 115.270225 -71.303764 8.0432343 1.2872781
308994098 123.39778 -64.090901 199.5779073 6.9936043
308994098 123.39778 -64.090901 41.0175174 2.4013155
306472057 118.434757 -69.701736 139.3048512 10.4668171
306472057 118.434757 -69.701736 928.0455814 12.0672714
294780517 71.245764 -67.98105 15.6477055 3.2193276
300013921 107.133952 -68.368778 54.6616036 4.04767
299945285 106.664922 -71.446827 52.4072665 3.3054594
278895705 100.970374 -55.639 8.7609906 2.9253441
277099925 83.986551 -67.459594 0.8086308 3.0352964
271596225 108.563086 -74.603095 1.8007935 1.1904014
271596225 108.563086 -74.603095 4.1400062 1.3230408
271596225 108.563086 -74.603095 2.7309449 1.0182347
255685030 98.469125 -52.460296 5.5451661 1.9448048
179308757 79.765915 -69.637926 0.9657303 3.2694344
177258735 102.221691 -73.299335 0.7757012 0.8620247
167303382 97.985715 -68.7118 3.693916 0.6501353
143526444 125.645029 -19.254613 15.3050693 10.4166
38460940 61.135799 -62.989132 4.1177649 1.276147
33831980 63.416059 -76.098013 21.9166429 2.2852898
30853470 75.915921 -66.654923 5.2702557 1.6776468
30122649 133.74855 -44.28863 9.7394089 2.2696307
149301575 82.979518 -60.476724 183.458919 3.379417
388106759 62.854009 -69.474879 28.3057042 2.7465985
388106759 62.854009 -69.474879 90.8479191 2.6152426
100757807 88.030314 -32.925074 25.1760133 14.2012
363914762 89.235658 -49.006949 13.8665912 14.3875
55525572 72.69401 -60.905461 83.8962434 7.2168832
255760319 99.714619 -53.107598 7.21048 3.7188
102840239 155.871938 -43.834925 11.1972769 2.62397
102840239 155.871938 -43.834925 734.4987702 2.1838
175180796 116.010481 -36.996503 1.55747 3.80336
30312676 74.286788 -66.390334 1.10223 7.4694027
46096489 214.683011 -20.275437 3.118536 11.857124
73717937 192.189568 -47.613679 16.2546802 9.68176
111991770 208.928011 -32.159712 3.752062 14.937131
125405602 209.615851 -23.277572 13.823303 2.806009
127530399 217.6092 -46.159516 7.1335149 10.478658
127530399 217.6092 -46.159516 1.0115336 2.3332033
158978373 218.658293 -40.739863 13.5337579 6.2692929
193641523 222.16547 -57.588867 1.3929721 2.9539057
220029715 208.856746 -21.207859 3.1853186 5.422035
243200602 203.106019 -42.475273 11.5509742 11.0252
270507305 98.893269 -79.715754 1.2282706 14.6178728
271168962 210.193571 -30.583608 5.3220505 17.1038087
276128561 224.208391 -37.042983 3.2877916 4.2854014
307610438 229.033411 -38.87541 1.5617357 7.7731045
350332997 84.081627 -54.191199 1.9160221 10.8261
362249359 145.645472 -62.475886 1.041889 1.389031
404340025 195.828164 -49.639773 2.6755521 16.3355194
405700729 192.057325 -56.894318 4.7920153 4.7342032
440887364 225.079883 -24.454202 8.5954792 2.64032
440887364 225.079883 -24.454202 3.8167262 1.69257
460205581 157.037281 -64.505211 8.3249172 7.0011
461271719 203.166643 -38.845947 7.6246239 14.4951834
287563610 198.132842 -45.590574 3.7993182 8.54839
238932509 94.942993 -53.226707 3.4934316 11.4663
141768070 91.937566 -73.391862 2.7863813 12.0024836
437333618 207.907675 -23.78124 4.2986466 14.2892609
380886535 19.461136 0.346971 8.9066251 7.1574108
229141709 26.376875 -51.296821 14.20489 12.4595
33595516 28.715796 -29.421709 0.76566 3.54139
40083958 7.387843 -10.468279 0.6296 3.39154
29918916 24.740265 -7.280979 4.943336 6.40301
138727432 32.914289 -37.892988 6.8646554 17.29
160222069 28.078089 -43.047613 5.850943 4.80002
269558487 15.543042 -2.144574 1.8301156 4.46184
306338882 14.094894 -14.788329 5.4014 16.7216
404467699 25.871364 -14.149185 3.9080236 15.1385
198008005 60.199826 -54.592918 3.2797282 13.8117581
150430484 97.144014 -61.150325 5.1543265 4.6014268
321011127 43.546163 -41.514421 6.4535152 19.7517
238898571 93.729429 -49.756087 0.5251251 1.4381391
231728511 81.443395 -51.357031 0.520671 1.0047438
44797824 62.454351 -26.022091 0.7455787 3.402474
381976956 77.546589 -57.586679 22.338916 18.449977
358460246 119.014208 -64.941154 15.4043768 2.2872195
271596418 108.568016 -74.970528 0.556109 1.609049
200807066 53.178982 -51.788532 26.2588239 2.0533305
219229644 63.31929 -50.944261 22.0379547 2.335104
219344917 74.737626 -50.627415 14.362738 1.6866314
220459826 74.868182 -55.92906 2.2395544 2.7483506
220459826 74.868182 -55.92906 4.9727711 2.6058369
237920046 56.736636 -63.336878 5.9312003 1.7979811
232025086 96.069345 -46.93762 5.9049399 2.01304
14165625 78.037215 -37.708481 11.020153 2.343228
32497972 84.109334 -24.244444 29.4829022 2.7733274
255704097 99.11511 -50.297401 6.015802 13.627855
219380235 76.761786 -51.766957 3.9773904 5.03874
34077285 94.164473 -13.987337 6.3872524 5.0445
34077285 94.164473 -13.987337 2.5735943 2.7779229
34077285 94.164473 -13.987337 14.3318853 2.87022
92013169 89.16524 14.785575 2.3552639 8.10129
123846039 103.369061 -6.507835 10.0577297 7.17665
25334160 98.26778 -10.870679 2.56876 17.6099
120269103 101.693856 -6.144778 20.4276727 19.9576585
437984134 94.545308 15.952049 5.77114 10.9488
438295981 96.666044 13.29938 3.96643 5.99981
284288080 106.649775 -53.546434 1.83485 5.90327
33690636 93.122299 -16.792043 4.99915 2.28122
66561343 86.738228 -11.23534 10.6265837 12.0335
123958679 103.678583 -7.131316 5.6148305 9.62058
250484865 94.205654 -2.92914 0.76189 1.50503
102283403 89.15458 10.551759 3.52985 3.20773
229384040 98.59774 8.413625 1.2980202 2.58794
177162886 104.492446 -71.523106 12.8461943 11.8867391
210873792 245.905129 -31.373574 4.8494108 2.7650341
214361331 261.062847 -50.386051 3.2308423 11.144364
216935214 259.49578 -45.883555 18.2592673 15.8995046
238197638 57.489027 -72.793731 7.2766004 11.5799
261257684 89.371273 -83.129726 10.8772748 2.309613
261257684 89.371273 -83.129726 83.9993991 2.3408341
261867566 227.658675 -71.361632 3.7395716 13.9317353
298372701 239.825514 -49.366664 1.6647888 5.25863
305424003 262.183407 -62.840383 4.5849129 9.6158851
350153977 53.159427 -81.250745 3.1837789 3.1080163
364107753 251.362526 -71.839588 3.9043855 1.80937
369327947 290.23794 -82.559788 2.0291067 1.0407954
406941612 229.328567 -80.473345 4.678059 2.2524868
407126408 234.572324 -80.803427 11.099348 2.4827074
153027658 48.726093 -44.961855 2.3374921 4.00659
259389219 68.803771 -51.396562 2.3250156 10.7275
348844154 105.956649 -60.297493 29.17362 15.4676
294869729 71.799228 -68.985641 1.1140067 6.34675
278775625 99.674204 -56.22054 5.1287265 3.3763609
301051430 50.036337 -45.061851 3.2744665 4.0297948
176796997 48.378728 -32.00557 1.7957918 7.76436
261258875 89.730768 -79.743374 2.5852 4.66502
300557619 112.599235 -71.595463 30.57908 14.1152
175532955 45.907166 -39.930776 5.830149 2.70505
100921768 54.308702 -44.472006 4.90038 6.56819
260417932 95.940941 -54.578024 19.3106015 2.7470788
260417932 95.940941 -54.578024 7.9856481 1.70724
260130483 92.305335 -55.403754 88.9350637 12.6517291
220475245 75.350678 -56.141416 3.7817383 12.4392846
260476837 96.248202 -59.804574 2.23294 15.959056
278198753 111.036157 -78.442588 7.936533 7.76368
332660150 63.032344 -12.118836 8.8073507 4.0916
67772767 63.786841 -7.315748 7.6107227 12.4861
248434716 77.403593 -5.67097 0.7386689 3.6178
408137826 78.300525 6.545915 8.5145626 6.95626
146520535 76.649617 -20.245613 4.32765 3.52025
399871011 74.555144 8.980825 12.35611 13.4341
167714792 80.455333 -36.673792 0.9298045 4.60146
262330063 78.318822 4.809898 7.31523 17.8813
146438872 75.531735 -22.711864 12.7009 10.5402
189013222 79.101853 -15.512686 1.3228701 2.50355
245947683 70.375099 14.815533 1.14288 7.08364
319312479 61.77946 -13.766859 1.79011 7.38823
449050248 67.552495 5.298431 2.96844 19.3343
44792534 61.941059 -25.208803 3.68497 9.05543
146467675 76.081839 -20.731341 1.6375303 5.03673
146434840 75.360839 -22.382135 17.95473 14.9952
249067445 79.432431 -0.370122 0.8317937 2.64673
92880568 83.215825 -19.575073 0.5875044 14.3274
5109298 107.59809 -5.432679 1.6187107 12.5948602
25799609 119.1493 -0.772849 11.1178464 8.8518806
179155220 109.106905 -8.329732 0.60274 11.8344
179159972 109.056276 -9.893473 1.37101 4.99178
178367144 123.392246 -1.982787 3.4091568 15.9162999
445586472 117.084021 -57.236311 1.7393631 5.1189079
280437559 115.136686 2.098588 1.8237371 3.64998
174599051 114.699006 -39.135518 4.985636 3.35045
177722855 107.42144 -11.328877 2.3960724 3.54571
333821572 116.274911 -17.17511 2.8259491 8.56637
268371979 105.063071 -2.347448 2.78102 2.23876
73038411 120.204125 -2.010837 13.1660135 11.3913
5772442 111.766458 -7.129696 1.10578 7.4741
93594834 114.420797 -7.33674 1.3387555 4.1672558
127476180 117.113226 -28.204828 1.6055589 4.70308
177126182 106.405063 -11.979855 6.3037582 13.147
33091633 104.87593 -4.812169 7.52118 12.9114
320536216 120.105441 10.343871 0.5476695 9.95459
52548453 100.9257 -30.491967 5.21517 16.9109
113553629 113.424039 -30.996054 4.30438 13.7564
207277638 110.506534 10.238635 3.121181 5.74349
88684250 121.913554 -5.770077 4.587386 10.6337
7561203 114.346166 -11.151301 2.4843225 12.9191
259353953 113.960841 -15.499455 1.4635019 4.75869
93963408 115.046333 -9.084269 2.396722 3.8384486
142918609 119.349948 -19.516015 14.5378 16.0523
54390047 118.319555 -14.218823 0.941436 4.529209
341186896 118.864086 -58.22206 1.5078959 5.53091
