1.084074988111471960e+01
9.094927586445145096e+00
3.293067720019304545e+01
1.192160592457447521e+01
1.639040052001672265e+01
2.178702066637971768e+01
3.396445027974881725e+01
1.642705999412519269e+00
1.872020763781790009e+01
2.627426816470934767e+01
1.218861923214620191e+01
1.916745553930199009e+01
2.989348067335495429e+01
6.789729476223915761e+00
2.115004843884826791e+00
3.953771811184836338e+00
1.286866585706558652e+01
1.477291571552863303e+01
1.253041704995960792e+01
5.324450720327899944e+01
1.755529659848831159e+01
8.386184155494413872e-01
3.175459838312044525e+01
2.968179250778524292e+01
1.061675735245204422e+01
4.093224055634691894e+01
7.247570204713449371e+00
1.502548899533051596e+00
1.362870305965724427e+01
2.532832076110313935e+01
1.700959924756872965e+01
8.723519395963386103e-01
1.464286789864111071e+01
4.417679159764642804e+01
4.580252996943101351e+01
1.064138173531237186e+00
1.380328670341779329e+01
3.507699161279409594e+01
8.096815343593522840e+00
6.638940307433838228e+00
2.438142853891523032e+01
7.462320089836715908e+00
7.641945995875643050e+00
1.720351342269332839e+00
5.071355424321577487e+00
7.677517279984780174e+00
1.347320082573155631e+01
7.697982109152068375e+00
4.625919764663355238e+01
3.676514991271751143e+01
5.531477640943638363e+00
2.694171258295152782e+01
9.880689767812755875e+00
1.896895825028266458e+01
1.915260121778372593e+01
2.049492526173646212e+01
5.696231648843474993e+00
5.000890254980416927e+01
3.426299418173628197e+01
2.115011821680457160e+01
6.108022121422584938e+00
2.208491633498566031e-01
5.514555627477601973e+00
3.013068099931093258e+01
5.616532852254496611e+00
2.064304946055550616e+01
3.220246504720358871e+01
1.252256891581460252e+01
1.634387048570107481e+01
6.306390579094500737e+01
4.589696995625058840e+00
2.902164080446301142e+01
1.209177767765856615e+00
1.256153707107299233e+01
1.561363993825759522e+01
1.421289727468744246e+01
2.911778039543366958e+01
1.764715746333756030e+01
1.711229964224247979e+01
7.252490815055190332e+00
2.571405539607551916e+00
3.279329041109413367e+01
1.161570833225422561e+01
1.634137916451994244e+01
6.500715235490639543e+01
2.390787825453921656e+01
1.707916401748166280e+00
4.966573780363914636e+01
1.801274775090444535e+01
1.741930653711376564e+01
2.271111787518931280e+00
5.144923445819626906e+00
1.598383561566907218e+01
5.019207249163415696e+01
1.301179009497943539e+01
1.615294482673623833e+01
3.052732421269466201e+00
1.809920053008617913e+01
3.982504883151649722e+01
1.929462329201225756e+01
1.786282117756377019e+01
2.469057409829067495e+01
2.136528708802654108e+00
1.119612642097800403e+01
1.467167141400271824e+00
4.755106028534461871e+01
1.194273086569330644e+01
5.644628497271619949e+01
1.506120080053541344e+01
5.226467544392487952e+00
1.288616074424597713e+01
2.525946925406241661e+01
3.491264392348058720e+01
6.491660567169543761e+00
1.266203086490114060e+01
2.370038842460164830e+01
1.543263551542006695e+01
7.102229156474781746e+01
5.123701666071767136e+01
1.185639297966445405e+01
2.553521771461153378e+01
1.946071795617310229e+01
1.924720289060377709e+01
1.483975053721542281e+01
2.338557296465315716e+01
6.344258947841296958e-01
1.449811319619353966e+01
1.040650292783973363e+01
1.499300397751701652e+00
4.520395806172916586e+00
1.954591172803954535e+01
1.631286871323733934e+01
1.215934036708232746e+01
1.601365113502217952e+01
1.543053135801464393e+01
5.482729528460961177e-02
1.889870798489889836e+01
5.731410626154231913e+00
1.318724597133347132e+01
1.437819581577204353e+01
5.793538496255079551e+00
9.841933832469340615e+00
4.542826132332078259e+01
1.153008106188446646e+01
2.345926115010410484e+01
1.897579251627701069e+01
1.266916876658719104e+01
1.029197606440868107e+01
1.405817524850783151e+01
4.600655634863892729e+00
3.345662039760888007e+01
8.326101374229954999e+00
1.404199086912216643e+01
7.729281283034405980e+00
1.449392908968194504e+01
4.418619290982772441e+01
2.609013608226739933e+01
1.265149754098338164e+01
4.104741545424373328e+01
9.560572332957928410e+00
3.807130332712882392e+01
1.334939355869524391e+01
2.703789247662979989e+01
3.707775887466646481e+01
2.238782775551395687e+01
3.164616026212430100e+00
1.785964530502792513e+01
8.396272831296514028e+00
3.735032406454086384e+01
1.988527631791248140e+01
2.359169019143947565e+01
2.868679588828481997e+01
3.256354131052174949e+01
1.147652996366444000e+01
1.414569044648494867e+01
3.099811181537903693e+01
1.350536235724908352e+01
2.425180204166377251e+01
3.656930301742655587e+01
8.370986244765621365e-01
1.165805986394619076e+01
3.566631962102850650e+01
1.310233227802759615e+01
2.530841233923220024e+00
4.113274371248731853e+01
3.695752271262175981e+01
4.449696879568165997e+01
1.228486510898685324e+00
3.184114746190069845e+00
5.414186931904163202e+01
2.262126696994570807e+01
3.583523601048710105e+01
1.199905395347666826e+01
5.388348501126349888e-01
4.188904256635206380e+00
2.926912582222918147e+01
3.531342009327109821e+01
8.367721562881458297e+00
3.006126226518179934e+01
6.059888969900506517e+00
1.054718921097530426e+01
2.298927016493990294e+01
6.787724532097749730e+00
1.539288334998334307e+01
2.277987502478173809e+01
3.853576014735682342e+00
3.352606838678973133e+01
1.922939988097116526e-02
1.629961386137712509e+01
4.371441634337480764e+01
1.218420689736710116e+01
2.309949454453508366e+01
3.963882577360811155e+01
1.597658374693056160e+01
3.981329657574062253e+01
1.806028115634794595e+00
2.403659335952768039e+00
3.392262202284834416e+01
3.420320097914375523e+00
4.770685244095429312e+01
1.497997344748325332e+01
4.652284591791955393e+01
4.018201705397572709e+00
1.634798181521113136e+01
2.825212788523434426e+01
9.765352229136880169e+00
2.362320256676930796e-02
3.261753754091412105e+01
1.963080511166270981e+01
1.346748108139905753e+01
1.005778131297763167e-01
1.085101678146416226e+01
3.281147835045761241e+01
1.419596735303141344e+01
8.575957556214097721e+00
2.358312757301361984e+01
1.233493174565192163e+01
2.271432960205144269e+01
2.603490920009998710e+00
2.310356826132231589e+00
1.042363614488706069e+01
1.670405950312259336e+01
2.709648046122881127e+01
3.292815739785159934e+01
1.129499794302135740e+01
2.320128295735890589e+01
5.333943309801048116e+01
1.301803993371342116e+01
2.044031777509203351e+01
2.061074574059129638e+00
5.062341683689430738e+01
1.238592968286589269e+01
1.143730607918980269e+01
4.016598133139004290e+01
4.718943613933990200e+00
3.456808960641100015e+01
6.034620211712682192e+01
1.154862705516956822e+01
5.828722808331432503e+01
4.003261929914070372e+00
7.124215318252580253e+00
1.686553653253275442e+01
2.430331115787498675e+01
7.733297683914241816e+01
5.465805695245740026e+01
4.210248033855268091e+01
5.530639631405542822e+00
1.281383336009200846e+01
2.412912851218995769e+01
5.043786612671152625e+01
1.531070543997248379e+01
1.800004069311822263e+01
4.694884162237345038e+01
1.446141782498089334e+01
4.838691968841546043e+01
1.005327833358193956e+01
3.618171292659133798e+01
2.211854646607103092e+01
7.830552550265768019e+00
5.017822803758264882e+01
2.878155322761411128e+01
3.671164006332494623e-01
1.463584819910612822e+01
3.863209410433943169e+00
3.574608674019141574e+01
2.215977913567990143e+01
1.909716649645043418e+01
6.033189813407502378e+00
7.120034589130463942e+00
3.488976060583814842e+01
9.525857196157282658e+00
1.294746629558829554e+01
6.846667768799830078e+00
1.266010235502912451e+01
8.432605125995307205e-01
1.521325403545803567e+01
1.641619704009000813e+01
1.967719012923030419e+00
9.885445954003536428e+00
3.321773629181612364e+01
4.743561599759982528e+01
1.291335649536162755e+01
2.161303620808452308e+01
2.838298567176733656e+01
1.146657469169010213e+01
2.340063426758742793e+01
5.226968788999197812e+00
1.246692356577616678e+01
1.798233421960870970e+01
3.516568053813140438e+01
5.393878267141516147e+01
4.215932375622699624e+01
3.356466550511583158e+00
1.868235204180257369e+01
1.791894246342607033e+01
1.124622576301859134e+01
1.715804483670002512e+01
1.137052967455598562e+01
1.596728954672521539e+01
1.361141315852165690e+01
4.241083980375359630e+01
5.725221658328338847e+00
1.546499180402516416e+01
1.059349517183882838e+01
1.504861316899641643e+00
7.290822824085552156e+00
1.538303279171826432e+01
3.079581856150370811e+01
7.225921270793467244e+00
2.190083734389147807e+01
1.476713552085451298e-01
1.431338015549377118e+01
5.901930234394670016e+00
1.573707721333528298e+01
5.308414076290457473e+00
2.215930843558022900e+01
2.142955013750280813e+01
2.759195489549237834e+01
3.536298560603334806e+00
3.626021776129650931e+01
2.653409739139289769e+01
2.688647257176324246e+01
1.563885519927366019e+00
9.513968078667666362e+00
2.636013871202280612e+01
3.368532329535022996e+01
2.405561528495114842e+01
3.331492578434003349e+01
2.520041826692764886e+01
1.928378629255989019e+00
6.437533594944255810e+00
8.873106600801094146e+00
4.063848167208661266e+01
2.623052613166254687e+01
1.796191717812600785e+01
3.483580693099175285e+00
2.149492493338878063e+01
9.828626145251039503e+00
2.099970486979729856e+01
4.104737098741262358e-01
4.977501535922135290e-01
1.219673870054272058e+01
1.607472232434814430e+01
6.340033484534490782e+00
1.387810005811473957e+01
7.996111154771057272e-01
4.022848177618332244e-01
1.173210120748879959e+01
6.443707133401011333e+01
5.162477995733882885e+00
1.946097064976248703e+01
1.606687823385688496e+00
1.059634460483405149e+00
5.895765115057072236e+00
1.661007082479692798e+01
2.588429397958691425e+01
7.158679904996057530e+01
1.477647953152094829e+01
3.571725289759908328e+00
2.499839668853176633e+01
1.405075529741950291e+01
8.480431012687361658e-01
1.875700994220497364e+01
2.759797786756890048e+01
1.572928922068161839e+01
2.537318850210801457e+01
9.449987264285365285e+00
3.696827709615491386e+01
8.966820604604631484e+00
4.497683773195038270e+01
1.678883723229218816e+01
2.116703829359101263e+01
1.374447702184977693e+01
1.361712888091126672e+01
1.349734620283837927e+01
1.682550015188599701e+01
9.605764251495173767e+00
3.270347395558137293e+01
3.273030205923954661e+00
3.246117961147232478e+01
1.852584788582412045e+00
2.316318254348237460e+01
3.501183557683373948e+01
7.906582520010974058e+00
4.768158961548996189e+01
3.710240368177542081e+01
2.883379236883787300e+01
3.061075762189968685e+01
2.953256525143965661e+01
1.566224001179494785e+01
1.446349085139564394e+01
4.026197084727323272e+01
9.201623755113574887e+00
1.611118098931218867e+01
4.787697372129584750e+01
2.715565626309024339e+01
7.502049468249172293e+00
2.583535682381243959e+01
2.233008170439665463e+01
1.650617253996555789e+01
8.127789337598390063e+00
2.151854459027880040e+01
1.335693928649961393e+00
1.294195673278652947e+01
1.688582226341772596e+01
2.234602375825645026e+01
1.115585120698447952e+01
3.181304025971276417e+01
3.692621244298754846e+01
1.231965179345007044e+01
9.516832691106147379e+00
1.550671806942605002e+01
1.759446048315771449e+01
4.338185939369854083e+00
3.587640379807632840e+00
2.493570881489493019e+01
1.203631047936704057e+01
7.017825602824456155e+01
7.473506650205186119e-01
2.907038006331386271e+01
1.646129035411803088e+01
5.770515437850232132e+00
3.274708943533810412e+01
4.002238242502254195e+01
2.686060773347598385e+01
1.654660409442210067e+01
2.405209165879496069e+00
1.233803552576240392e+01
2.534407781102942891e+01
4.346926435074172090e+00
2.262786241009728627e+01
2.063706428403577675e+01
3.430219085376129584e+01
6.049594331598240338e+00
2.048609289635716735e+01
1.862857471162482170e+01
1.112005014532024916e+01
1.028885190797257465e+01
2.414557256846627808e+01
1.912680592791360468e+01
6.418576309453527529e+00
1.051868988079462852e+01
1.446591026573462813e+01
1.976768718726651386e+01
3.172796945805356117e+01
2.453489949436571393e+01
6.763641702840939018e+00
1.159963865195501320e+01
3.324730688224430963e+01
3.745016612081264462e+00
2.398627641363448859e-01
2.535857589570344928e+01
6.189583849572688479e+00
2.818561591195034666e+01
4.716418577962455672e-01
2.444016535040527316e+01
1.513386083038192886e+01
2.766784304008906759e+01
2.218085446018847051e+01
4.406792476724930019e+00
2.086104114388431796e+01
3.840159984809554317e+01
1.219149996652502210e+01
9.258287018658496237e+00
2.241192517860357469e+01
9.244244139634316682e+00
1.498527253863679576e+00
3.878737004237164854e+01
2.043786771096778310e+01
2.281398783956167797e+00
3.771392809961970904e+00
3.972548218154514643e+01
9.988578991753094272e+00
2.420800117901800164e+00
9.781560037536273455e+00
8.769484383677305317e+00
3.776736127324686976e+01
2.407861519782727910e+01
2.338217602335523893e+01
1.778633869427947900e+01
1.905907572802023608e+01
9.465480986599272839e+00
4.376673144231335755e+01
1.660600358672692423e+01
6.033621359357810299e+00
2.286448272156360417e+01
1.733251065202045993e+01
4.564586157208672113e+00
1.093456372639323249e+01
1.059827312443317737e+01
1.620399280918172025e+01
4.225712588772245759e+00
8.928647135557188363e+00
6.824280633479395952e+00
3.455404628860403449e+01
1.199325844665155572e+01
2.746871492010771831e+01
1.990808931486654032e+01
2.427028129560959613e+01
2.332647561256950830e+00
5.286948193133367369e+01
7.918527824935073234e+00
1.614817722929407040e+01
3.282670056172464967e+01
1.264980253657621567e+00
4.908740396679623075e+01
2.813977147256352396e+01
1.107590298892457881e+01
1.369512226059832471e+01
4.427552361560049832e+01
2.801400697821687658e+01
3.334231563465661452e+01
2.270488004532012027e+01
4.077709563642395452e+00
1.414745009964979516e+01
1.762638305883568179e+01
9.951595530536483381e+00
1.208643431029687854e+01
1.498911198165675529e+01
1.902058909204240678e+01
1.986144610341855810e+01
1.218194850412124275e+01
6.639046435251039213e+00
1.441851362305124340e+00
7.462450643375251325e+00
9.034149725821173149e+00
3.205946794366587582e+00
2.440741698019921557e+01
5.416696199174286797e+00
3.998693104881434479e+00
3.076718234420861009e+01
3.181443227236624338e+01
5.123269236530902759e+01
9.016384696222900175e+00
2.622195529447413165e+01
2.284725463854386618e+01
1.596670449661030666e+01
3.160779842855676591e-01
1.168394091864088935e+01
7.139616338355025960e+00
1.460964589672597569e+01
1.855763723982551028e+01
1.148599879948841718e+01
1.331307841142226422e+01
5.887391265834152065e+00
3.438337071849273485e+01
6.122902483938208462e-01
1.444644417841411865e+01
1.695890569086622079e+01
1.299399277125512597e+01
3.119579836968999587e+01
3.723237059624151613e+01
1.681370118712299799e+01
1.793517971568225988e+01
3.685593985167812292e+01
1.590409246488444595e+01
2.649348405255280881e+01
7.031060343662088030e+01
1.498456322108421190e+01
4.923599235632592297e+01
6.148379964375338957e+00
3.309832499363474057e+01
4.762156083953416896e+01
1.980282538522260083e+01
3.227987085798134359e+01
1.374968891893724177e+01
7.278407967867162043e+00
9.999581134714773611e+00
1.527636687692746165e+01
2.086958532264371513e+01
8.837019761645969140e+00
6.760940254515346304e+00
9.450298937423106338e+00
3.018017118055949055e+01
3.468705878291045508e+01
1.331792025232758547e+01
6.649028423779901331e+00
1.908878312080863893e+00
2.733209898024957596e+01
5.898422220499521806e+00
1.248288021839283246e+01
1.280374443576315358e+01
1.906913722454450877e+01
2.165171251845132616e+01
2.614564939956598266e+01
1.419323847852616005e+01
9.744377912321301238e+00
1.755701302056256097e+01
2.475086072977783402e+01
3.390127149478816193e+01
3.091701842631378128e+01
9.532725959594534615e+00
6.358234906724713476e+00
5.534798091861747871e+00
4.514022969374676109e+01
2.269747877894434751e+01
1.646274704515649034e+01
1.003485321902886085e+01
2.606711493277813574e+01
3.703485782355797618e+00
1.048152503904786670e+01
1.663734031815511472e+01
4.826024550709018257e+00
9.596512324439698816e+00
1.753967386245724924e+01
3.267626094550113436e+01
8.150965888087057465e+00
3.454130288791334635e+01
1.749466231690455231e+01
2.520687929291675999e+01
2.193749249968024628e+01
1.955743330518389200e+01
9.358436208283249513e+00
6.775476024976523348e+00
1.378669432174683962e+01
2.978876003016384288e+01
3.154567325807244771e+01
1.194734681900389006e+01
3.701374988110406328e+00
2.557677141661729436e+01
2.060839284373394698e+00
1.873359066538426987e+01
2.758211566780399693e+01
1.983676784790400305e+01
5.153506644668071068e+00
1.577425848301450273e+00
3.735024038169654403e+01
1.003985446871824649e+01
1.406160450961080244e+01
4.941615593579263077e+01
3.091919910938656457e+01
1.567013981129872136e+01
5.842630467482756984e+01
1.499131445650447958e+01
2.038062234432347353e+01
1.073973134249117578e+01
1.076708668581782824e+01
3.660080597595261054e+01
2.588565213983429203e+00
8.853199795598399646e+00
2.349453774428400621e+01
3.145431972250567298e+01
6.188808769024944922e+00
4.358706673742018722e+01
5.580835945651063668e-01
5.577941090410876157e+00
3.575164284231657774e+00
4.393376955382888305e+00
2.512859140511536538e+01
4.846677120288189755e+00
1.807369293173666236e+01
1.978307489127351104e+01
2.701006396070182447e+00
1.328248039246127021e+01
3.230905144502749238e+00
2.300661046027874335e+01
8.423910897816465848e+00
2.895641340066290681e+01
2.869227487424041811e+01
3.442328291236662352e+01
3.177782208973911615e+00
3.478787017194839848e+00
5.659187456033665242e+00
3.865619697505273678e+01
1.016569769607766816e+01
1.558143288200919407e+01
7.324997121436083169e+00
3.102445236910422821e+01
1.844460788569368681e+00
3.916754520790766136e+00
2.637369367308062351e+01
6.266215977370548273e+01
1.287889738236169812e+01
8.553901479857351831e+00
1.052657187396333072e+00
1.088072264105122144e+01
1.647952045271106059e+01
1.351368734205238198e+01
9.795748845622952672e+00
3.684206226216546298e+01
1.679117924352269142e+00
3.316614514603533337e+01
4.134112733715367227e+01
1.214686038265133661e+01
4.618369554883439321e+01
9.550064368002320947e+00
7.663073681697385453e-01
3.722123914816743984e+00
3.836698881982469800e+01
1.666061361623016879e+01
2.447072365473046318e+01
6.262631719164058097e+01
1.359739182667740742e+00
1.804723140958508409e+01
2.874768699362051194e+01
1.108369344926563116e+01
2.062629947132299435e+01
4.764036893274015227e+01
3.137442048964933505e+00
4.111389210355787327e+01
1.709832515904996342e+01
5.175074516651667622e+00
9.004563003626063988e+00
2.599782554762430919e+01
3.410737800666818487e+01
3.342335514850325495e+01
4.036605969417361450e+01
1.374987079866618700e+01
2.927706118143513692e+01
3.889332496210040624e+00
1.392208613927525818e+00
2.477242130580092905e+01
3.457973951500048493e+00
5.740938010157947957e+01
2.594750651866428726e-01
1.651479430871383158e+01
3.064092745608304469e+01
1.375383836054289155e+01
1.455679048705282952e+01
9.042736937815320175e+00
8.240792393632290214e-01
1.367675979405269615e+01
2.547356266759337373e+01
1.184771877248269689e+01
3.746882774779536618e+01
4.897156596354435010e+01
1.491069668258981906e+01
3.389097916181516013e+01
1.301626884931905792e+01
2.547107898274170168e+00
1.328458461685933045e+01
1.028430304193306277e+01
2.129688614484503972e+01
1.187243458126863160e+01
2.585460533390027038e+01
4.377405557278157744e+01
3.307894514361065319e+01
2.179756402880250832e+01
3.304171018513990532e+01
8.129163355257261969e+00
1.461314180166273147e+01
1.567357724920026563e+01
4.622553811216012498e+00
5.392774505565522958e+00
2.089613686503344425e+01
5.426626899914466229e+00
2.445545360521850142e+01
2.813626237673472019e+01
3.582998712128748764e+01
2.298992346799311193e+01
1.409809393380345810e+01
1.337231378714565011e+01
2.144434747942192132e+01
1.265160459872505250e+01
9.671896479066521835e+00
1.747999086371243749e+01
2.821660598776087880e+00
3.240608203600170611e+01
2.473329049094730081e+01
4.294423695009474784e+01
3.696316674682953440e+00
1.119226731018463283e+01
2.205214485861961649e+01
4.078814009665632057e+01
1.404411751070422376e+00
4.808126141091584316e+01
2.752905072148792343e+01
8.997791593067461235e+00
6.511490645690898305e+00
1.484331119647330866e+01
1.829986743845935138e+01
3.787020664790563274e+01
7.384612669953605213e+00
6.253623378273375977e+01
4.697997061198222468e+00
1.417767215020226956e+01
4.138903305046626180e+00
1.362659490801543249e+01
3.260816677079758819e+01
1.061382896347096150e+01
1.714714924140992025e+00
8.522779433157046114e+00
3.339202604886293280e+00
5.545605130099162672e+00
1.549563023566491538e+01
2.451639702369579155e+01
2.874648845120342244e-01
7.904023906168178293e+00
2.143258681106818742e+01
2.879117960613775296e+01
1.449570969282698485e+01
1.025125997087050678e+01
4.546655373571972802e+01
9.471045213116479289e+00
2.460060764530125255e+01
1.439075857327232200e+01
4.038793179871025529e+01
2.229588052250907992e+01
1.924087455205292230e+01
4.055587535633120666e+01
5.482465946815784363e+00
1.219134330564908275e+01
2.347505477072076019e+00
2.957707731990133482e+01
1.510171574549068474e+01
2.943801925369371375e+01
3.501393128109486952e+01
4.412134860499683242e+01
8.639790080692266727e+00
1.758247483237551734e+01
3.111970403849961997e+01
1.284647806684158233e+01
2.347332720452644139e+01
3.353325605934487186e+01
3.989860744822581751e+01
2.695471285530270933e+00
2.910845386448257521e+00
6.081140510135152510e+01
1.081853843410407379e+01
3.384542435395998439e+01
4.731792318380823303e+01
4.541626679712595660e+01
1.154053553411893418e+01
2.476140358675327136e+01
2.847184303903305036e+01
2.713785335188712011e+01
7.346283367139383458e+00
7.277525667831096712e+01
1.680635898185445143e+01
2.467434239149524089e+01
6.279626825325568262e+00
3.896983467950088098e+00
1.766124586919748296e+01
1.078880655106795317e+01
2.562580479278264534e+01
2.194083932086032718e+01
1.575923769413967079e+01
9.441975837011229444e+00
1.200023556347873388e+01
5.041721854950420578e+01
9.898649520379553479e+00
1.470999054604904543e+00
1.821936158397608096e+01
2.159482673829149491e-01
1.388735787159167678e+01
1.347866913740281092e+01
1.469275781752499199e+01
8.525873298885876750e+00
3.165668479392769186e+01
3.186107340187349735e+01
3.903086887395490479e+00
1.593999235533683034e+01
4.043160075612117765e+01
3.917250799897353808e+00
1.783588971666638656e+00
3.683259875216582202e+01
3.648416571116563745e+01
7.792807607640894751e+00
1.907979795634728859e+01
3.030608679521917992e+01
1.777660288129590072e+01
1.783256051526405095e+00
5.181594620612406388e-01
1.142966370886300354e+01
1.169796864525662983e+01
3.967680302470655107e+01
2.166285202900297691e+01
1.278515623469367313e+01
3.279755259310768167e+01
1.796946989134207229e+01
3.827511771491032277e+01
1.161189314726751576e+01
3.120346680686758489e+01
8.967928189286267227e+00
8.688551674238432554e+00
5.607709419497952652e+00
1.857496604497654857e+01
3.396326754118539526e+01
1.401946823753241844e+01
2.694342186521669902e+01
1.883628540490855841e+01
1.354622389491144574e+01
8.675137932890542913e+00
2.697862046392607382e+01
2.614943609201669972e+01
2.487064756866996618e+01
5.523412467809740711e+00
1.779182989001326831e+01
1.801978992479069674e+01
6.286045181292165829e+00
2.131315209275208389e+01
3.266293837227729568e+01
3.312061512318897627e+01
4.383988023060636863e+01
1.162293945875625312e+01
6.194483634342384804e+00
1.705626339981869322e+01
9.238081890433180732e+00
2.771441333951230135e+01
4.333342168150255702e+01
9.123683247194813717e+00
1.045947315263529021e+01
1.612150668839029777e+01
8.032916450855577040e+00
2.268085002931030658e+01
3.754019305966793496e+01
7.537169849319069748e+00
1.786681002608503377e+01
1.372928554564378700e+01
1.793254120349341463e+01
1.951965236599140141e+01
2.790368125406050837e+01
2.406455295440335007e+01
3.651357025675316947e+00
3.816655150293835064e-01
6.799886487972806037e+00
1.929846916976907067e+01
1.681963437391675953e+01
3.820212116465382479e+01
7.316307910325559050e-01
5.301700864472347341e+00
1.272243590923993750e+01
1.143090548801750650e+01
6.808288155787822760e+00
6.964752621601011384e-01
1.369697889249643552e+01
9.103305285665385327e+00
1.054603605686477152e+01
1.064762632275262355e+01
1.383803175250253403e+01
3.113920584046880791e+01
5.888611209121763501e+00
8.853675584670428478e+00
2.480515549994377622e+01
6.910409821939467179e+00
1.810777102063754285e+01
9.276621584744182414e+00
5.110019578407842822e+00
1.996893301749746996e+01
2.071791038165471477e+01
2.133585404933469043e+00
1.143443787240849829e+00
1.927341059833276304e+01
1.348341388764739968e+01
4.198881658957209773e+00
8.665123057292166919e+00
5.683789784078907559e-01
2.166799213163983495e+00
1.680722233280063094e+01
1.433016750003379691e+01
2.785240006972344773e+01
3.683245704976900470e+01
1.648558077280004497e+01
8.434678582993960561e+00
3.208087135908777299e+01
1.253690588492773017e+01
1.697544472664780457e+01
5.319006225501299312e+00
4.355020841202128423e+01
3.290358583119656544e+01
3.955234742148094540e+01
2.514558518879417193e+01
6.210535635431169155e+00
1.934538522411022399e+01
2.295587801862641797e+01
3.612809069275901663e+01
3.752767647637011805e+01
2.488309454787596309e+01
1.917321678350769787e+01
3.284608208883877012e+01
2.231151245761597934e+01
1.154653398137195452e+01
3.979839008083185803e+01
1.333830350892195682e+01
2.414418658562000886e+01
1.209054163691081207e+01
2.395584681000495664e+01
4.449019169400436624e+01
1.629688866118483759e+01
8.462307191844043786e+00
2.734147845419876433e+01
4.832314521192038193e+00
1.523825931351385776e+01
3.235732690624182339e+01
1.328844165416009915e+00
7.261420050673761395e-01
3.266432766329840831e+01
1.625864455060144209e+01
1.896040214217609332e+01
2.232231621691915890e+01
2.995957465823251198e+01
1.758920206351821669e+00
2.718350613210684941e+00
2.711950075561053808e+01
2.346570305069195683e+01
3.537038247049317796e+00
3.247780776272879422e+01
2.437019567602771630e+01
9.030348123640452584e+00
3.870887282967117216e+01
8.681405078187598434e+00
1.462766192191600112e+01
1.853586684590835532e+01
6.143009193131820922e+00
1.875070946717782761e+01
2.933980569006022776e+01
6.736996317301180426e+00
1.830415194335910378e+00
5.248895367872552242e+01
1.189121402470738609e+01
1.467716096052595987e+01
1.688342665059117209e+01
1.319040464438914206e+01
2.556783220867719919e+00
9.315698622739176926e+00
3.580009279701068436e+01
2.388255510667281101e+01
3.580952267735248995e+01
1.822455685327017960e+00
2.647877293903766471e+01
2.452021618448596563e+00
2.086980257547432771e+01
1.081178469910337725e+01
1.133283823683595060e+01
1.982740143870076466e+01
6.019488225908919965e+00
4.860648430020986233e+00
1.661361780440628877e+01
1.357238462545640090e+01
1.669132108196702546e+01
2.480962808781250573e+01
2.008824568660860876e+01
1.196800989788471270e+01
2.452112387043792197e+00
1.089360703881081527e+01
1.047799355288148249e+01
2.319385956662700465e+01
1.675186039598963816e+01
3.703218601906876728e+01
1.373059369253482132e+01
1.643107353216932687e+00
7.830174779475562730e+00
1.814626128916552261e+01
8.315215683163401650e-02
1.493628831048587813e+01
2.121051323225819907e+00
1.693491128604684803e+01
1.640048671762117749e+01
1.986995518893575152e+01
1.123359303720761204e+01
2.559246002966608557e+01
6.850914727795753834e+00
7.822415063863830120e+00
2.344068421341049913e+01
1.977034930858712158e+01
9.804584667042481883e+00
8.578075914773219068e+00
1.056978247142137306e+01
1.839390469173485343e+01
4.902313833999194514e+00
1.252548087670501964e+00
1.348416638164473547e+01
1.437258953026576691e+01
1.045312689067168321e+01
5.791097851016946407e+00
8.892442789168120143e+00
2.340205208729051378e+01
2.059689112911744502e+01
1.373543361493767634e+01
1.189574793833614308e+01
6.278523899763466254e+00
3.979029396637079330e+00
1.278938143246244330e+01
2.037903064012414234e+01
3.141163102882893554e+01
3.937141792152831954e+01
1.886483799534699557e+01
3.765590168296639462e+01
3.707761095035267118e+01
1.543596389432322269e+01
7.043195905209520546e+00
4.627934550313217699e+01
3.844799966787171286e+01
9.290494208475941207e-01
1.061990451289440784e+01
1.278382470968397655e+01
1.218111527484677659e+01
5.954100793238770173e+00
8.085202323681706105e+00
1.828382202303979653e+01
2.210212981782600039e+01
3.141793158736405545e+01
1.099471587237199621e+01
4.066904513591818215e+01
2.374613739103992316e+01
2.920490228883598860e+01
1.982087296825785216e+01
2.668429151257545229e+01
3.004375539377146609e+01
2.313188266684862526e+01
3.760911580295545065e+01
3.869307493064444259e+01
1.710553430736783120e+00
5.906667326350145686e+01
1.539879077885442094e+01
2.020508668619380899e+01
1.203743925053879593e+01
3.967233971776173718e+01
2.899296786204597076e+00
5.124423389588295130e+00
5.428383445152729081e+00
3.749685214636244979e+01
4.519666678458755626e+01
6.259593690912057440e+01
6.673525309208727663e-01
3.388267381867593286e+01
1.598809646560928144e+01
6.495542936875398254e+01
7.076923091871023530e-01
3.302302132383916344e+00
1.922346561729937520e+01
2.611628240172025883e+01
2.341939871746301449e+01
1.110325554063318343e+01
1.621729060127119482e+01
1.658758608182875349e+01
5.626158049153784368e+00
3.647311055325341833e+00
4.903878162059283063e+00
3.828951462949703455e+00
2.687313015965420249e+01
1.359424622952431960e+01
7.493871014429642230e+01
2.464273497338309582e+01
5.286412087779635272e+01
2.143885750990903816e+01
3.155421791259172082e+01
2.126701490498872360e+00
2.855360821479535716e+01
1.211880217041727548e+01
3.322837550004786777e+01
8.099859192625014970e+00
4.762066944976650973e+01
7.528538185873512312e+00
7.480205295166686419e+00
3.626349503307968547e+01
4.363348711234416299e+01
3.014803121875597824e+01
4.153503412177905574e+01
1.350693259195834273e+01
6.518503209913539820e-01
5.427443773856621689e-01
2.854505977980481646e+01
3.582548680425101395e+01
2.035248822180191297e+01
3.940354631486376036e+01
1.292757818320233731e+01
2.893539164772196415e-01
1.525243679479659775e+01
1.057916327823260616e+00
1.713270167411851119e+00
1.990011183299222886e+00
1.258299455913680731e+01
4.215182880142198485e+01
4.822227191962358006e+01
2.887466358072077099e+01
2.220457743138848272e+01
1.916646724305404348e+01
1.019362885338892610e+01
4.152770607230360156e+01
1.655691338179554606e+01
3.125283222198405042e+00
2.121571258919541236e+00
7.950702701093881331e+00
3.313733710497079699e+01
4.627824796152657427e+01
1.063093268126724666e+01
2.775272708415155165e+00
5.375054198591944044e+01
3.628354020338031205e+01
1.843597521450479704e+01
4.918337564726815714e+00
1.984664702247218671e+01
1.524423048196099728e+01
2.702038582648391696e+01
3.177951364917031185e+01
4.892056520320098301e+00
1.151176736502013043e+01
3.466733421153556094e+01
5.931709231094050949e+01
4.485965282922965969e+01
3.924065694885170785e+01
2.953713735595142609e+01
3.138844691327191683e+00
1.227288515772761990e+01
2.676323563475235900e+01
2.659523428138710344e+01
1.105181603445803873e+01
4.221988131848775083e+01
1.555540151956869011e+01
4.433700261807116405e+00
1.564218297682040770e+01
8.950023004765883528e+00
2.751507076749692970e+01
2.788605180863656940e+01
3.509354087095351105e+01
6.480231686735171692e-01
3.086609329389467149e+01
4.494519778611149974e+01
1.116972488493273019e+01
1.154491879630781170e+01
2.540663695051570414e+00
3.234943268437540098e-02
3.271102810617942680e+01
6.410434207640425264e+00
3.542670851932005860e+01
4.884855584924429905e+01
8.127077884409917630e+00
1.452276222871395817e+01
2.138605045844343877e+01
6.253366638255153376e+00
2.186712033197169092e+01
2.275600533318045038e+01
1.168005924344928204e+01
2.088740653504950018e+01
3.208386418232400672e+01
1.647405106927269003e+01
1.589634220659619146e+01
1.784656539158069322e+01
1.037609541863826479e+00
8.337479680583514963e+00
6.074402083563390420e+01
4.949039755363382653e+01
1.263058238171432812e+01
1.906116406179370060e+01
1.254727642807873522e+00
3.548578048810702512e+01
3.614270944955666209e+01
4.077206412682122050e+01
1.324344683796219257e+01
2.940420941317856141e+00
4.148257985272185699e+00
2.318647884387192804e+01
2.534386557036694043e+01
1.013658624998692304e+00
1.690632852541451570e+01
1.299993870452464861e+01
1.070464386556668757e+00
3.337088102504204556e+01
2.617652296924177691e+01
2.788759788489802993e+00
4.740383985609641826e+01
1.163736412996529879e+01
1.116670662068142050e+01
2.203582803880754781e+01
4.583019104925978304e+00
1.934614322815908594e+01
1.691922070032059366e+01
3.415512958107325403e+01
1.914925502702635640e+01
9.230434877848470165e+00
3.668418294826647497e+01
5.322523169611015348e+00
3.241149844314939088e+01
2.108076869241193307e+00
2.332799001299679098e+00
1.335723064667482163e+01
4.229291786546618681e+01
1.014958073706551112e+01
1.272603499961155649e+01
4.520276217679131037e+01
2.866739323835454201e+01
1.488703026126081497e+01
1.103656626434834642e+01
3.596847495373023662e+01
1.506768563655613846e+00
2.874758715894387606e+01
2.197794873061642562e+01
1.779006373493741222e+01
1.488670795840307903e+01
2.036999267920758427e+01
3.104379044882421468e+01
3.647103717617561358e+00
1.882593425580125768e+01
7.975413338620840342e+00
1.854783780858237918e+00
8.217828456265285908e+00
1.081403064306241113e+01
1.389751597772848157e+01
6.817162881021576482e+01
1.680157173540386495e+01
1.257261638781159618e+01
2.027107135600891752e+01
3.584826506877391950e+01
1.769225333620705243e+01
1.256969415995978778e+01
4.720141690783608013e+00
1.041322152330048567e+01
3.320538005699003037e+01
2.794576420279692996e+01
1.913313428466789645e+00
1.934311591419468712e+01
7.080591517361733978e+00
5.961159400350135584e+00
9.619618265463758533e+00
5.144684846003722001e+00
6.654237845080457348e+00
3.716095666148944154e+00
3.879550353667049478e-01
1.509416511371597380e+00
5.455402115084695680e+01
1.325846661654173175e+01
3.820251511944150735e+01
9.052235084819116651e+00
2.194276651496140929e+01
2.047083462821319699e+01
2.717626872575096186e+01
6.239474741985051587e+00
1.163255395785289892e+01
1.448330604825087775e+01
1.660969102075937798e+01
3.744580144509435371e+01
1.699491972848965560e+01
1.399410117288157807e+01
1.471792585579445500e+01
1.067897903610271015e+01
1.012779032867816653e+01
1.906508095177472484e+01
5.993935562205654577e+01
1.788955437263606285e+01
1.465854990681947356e+01
4.855835388889984472e+01
2.515374922111224265e+01
2.103087226292621637e+01
1.367803073397089264e+01
9.543068871449289503e+00
1.486867390147250667e+00
2.180286010771037652e+01
1.046604370453763089e+01
9.211010724234579783e+00
7.363640847498631459e+00
3.470232929918437570e+00
2.218035276344620854e+01
1.365240640209108847e+01
2.244802383036892479e+01
2.444225058111071291e+01
3.618083355635681642e+01
4.133347983865287745e+01
1.239790849653177318e+01
6.137181937218461059e+01
2.652555503555231553e+01
2.431845379957520237e+01
2.639998254732289951e+01
4.672524132129640861e+01
1.262675945621272078e+01
2.420821184423193984e+01
4.453698814397022687e+01
3.457269491906611592e-01
3.348050741398289887e+01
1.496680668297922878e+01
6.049900236454497104e+01
4.704192927701189575e+00
1.995604140239903757e+01
1.008107896600629516e+01
3.731012307485137569e+01
2.373280465400151584e+01
5.393380159093963400e+00
3.593751225854591169e+00
3.502754302558819433e+01
1.410720711893009849e+01
2.730954129145368725e-01
1.716792336174632894e+01
3.432322394480546990e+00
1.463518677326081097e+00
2.310840281327530832e+01
6.582054994049846286e-01
1.936310730994017604e+01
1.209172490021526158e+01
5.444222807753484972e+01
4.732934800173005385e+01
4.417563624710130199e+00
1.090978845736223590e+01
1.155771641725378274e+01
5.769530838185099597e+00
1.738687874565447800e+01
4.839359498425288564e-01
1.225134808416050802e+01
1.727861365447824937e+01
1.483768074709446161e+01
4.015706492463388599e+01
1.909694961466745866e+01
1.196311389254267610e+01
1.657155764873930082e+01
1.277976436601446864e+01
1.208521397921169438e+01
5.667866661440368325e+00
5.463466606211775201e+01
2.874037378213012417e+00
1.496093325841330035e+00
2.430343239825416646e+01
1.158261210124511464e+01
2.503954979853329021e+01
5.060330786913480594e+00
2.679059358705227112e+01
2.209058435495536798e+01
1.320387191125116289e+01
1.253231316036074183e+01
4.061254664887814414e+01
4.778754602541279439e+01
4.815567989029401019e+01
6.475400665270525380e+00
1.204945967779869065e-01
3.008377936555950427e+00
2.191389975848478855e+01
2.238324202698571597e+01
1.042407445494863971e+01
2.696960238894985196e+01
1.146537865301955250e+01
2.689060769592743583e+01
6.083515193454736014e+00
1.143143971489879362e+01
1.866159191338112677e+01
2.143421982196391795e+01
3.457994608194114505e+01
1.111702790254787132e+01
1.071255275566651477e+01
1.187781865043691099e+01
6.081427500500224959e+00
8.917514171273399626e+00
2.226011423859874938e+01
5.411442312889369610e+00
6.695511167817413956e+00
2.070120698430022443e+01
3.219383754449079049e+01
4.057485809857885783e+01
4.535914203983282533e+01
1.246167274141230052e+01
2.056583199663275607e+01
8.911145836084655159e+00
2.511170818609265254e+01
1.333415455717690179e+01
1.430236399962481286e+01
7.712473109277584449e+00
3.611183980586374531e+01
4.208544803905311937e+00
2.839502164594398437e+01
3.652086291952272035e+01
5.490844579245646173e+00
3.605022328406537468e+01
2.390248256477267574e+00
1.302327430103111894e+01
2.771281361499089257e+01
9.814924954224979459e+00
2.512037607334760736e+01
1.283435842218472089e+01
1.705911894573553056e+01
3.714633974330217114e+01
5.009792831761283871e+00
1.745443017548031861e+01
2.585894233278429510e+01
3.795256822853843204e+01
1.294675232541120380e+01
3.991019230031533915e+00
2.652670665763356794e+01
9.609565942089282942e+00
5.606927589710264392e+00
5.352095588687733141e+01
2.341603071343112319e+01
4.756490602807250667e+01
1.620740389425534644e+01
2.081161052866187333e+01
5.809325403408838184e+00
6.395469767243144865e+00
2.200275832085096894e+01
2.215288207992449543e+01
3.113328252425118237e+01
3.904050001131331982e+01
3.592820930162044135e+01
1.827318546263978405e+01
1.054461192917144352e+01
1.754033615832595316e+00
2.062757649295821238e+01
1.398248009141400772e+01
2.045866617904867724e+01
1.500000374543941639e+01
1.179847488717955528e+01
4.239232303852802630e+01
2.456562974827136614e+01
7.308764039526405298e-02
3.850057248123395226e+01
1.383018248505174519e+00
6.755490543583042573e+00
2.511459994490339298e+01
7.658370252167645553e+00
3.745683301527002840e+01
3.813324494673475584e+01
7.857040708571072507e+00
3.218124145945411385e+01
2.768308426638554920e+00
1.044000426123636771e+01
3.507956761745612084e+01
3.617844146237503367e+01
2.524878973588318232e+01
3.040363653428523882e+00
2.311248267211929530e+01
2.230980357943279557e+01
2.827534458021341379e+01
6.062760005420009435e+01
6.158283379607221164e+00
1.068375446721303490e+01
1.273633838692989073e+01
9.109319466007793409e+00
5.383520533521424056e+01
1.072165790323653667e+00
3.019331431460459214e+01
6.971817539888069959e+00
9.633069305923891434e+00
9.857679353738380001e+00
1.621856731023307674e+01
4.351349869642906754e+01
4.884190988846326320e+01
1.077203665378112518e+01
2.870173636765382952e+01
6.307578711810180039e+01
2.881648242785883696e+01
1.754163784665585624e+01
1.163956460605519716e+00
2.095815822236424353e+01
2.347059168352538805e+00
1.284520807400302189e+01
2.949207832511513416e+00
1.472968374725991403e+01
2.383474170079680121e+01
1.436244104198736160e+00
1.601100358023521686e+00
2.303348735867738384e+01
1.026801266649113309e+00
1.514746324063986904e+01
1.296574760726798559e+01
6.653772850091988289e+01
5.833100723498030504e+01
3.729515678653982924e+00
9.345007036030249736e+00
1.453251371100816591e+01
1.403442319275716166e+01
3.076657667185866885e+01
9.394423995712219977e-01
2.891698107646323379e+01
1.079584501468189295e+01
1.671034101568213970e+01
5.881476692524367778e+00
1.428020781158800823e+01
1.998314008457713342e+01
2.039522356310752116e+01
3.620410377888472198e+01
2.005886658877653517e+01
5.448592120503925429e+01
1.216756180165712209e+01
1.461961331628569560e+01
3.187653510501509047e+01
4.617485100140616794e+01
2.425304604650435536e+01
4.094088913032622656e+01
1.966009755510256340e+01
2.994181137736973142e+00
8.218809379533787762e+00
5.307868885884736443e+01
2.835357516837277814e+01
3.244386877884364395e+01
2.923186980572034344e+01
4.693152173584125286e+00
5.230341239254432395e+01
1.796869073981910425e+00
8.094483601370994208e+00
6.306935185158468471e+01
7.235848460541104998e+01
4.440972509599006202e+01
6.324236656610415785e+00
3.515146585366868237e+01
6.938465266514981522e+00
5.856470858230711229e+00
5.160084201815906546e+00
2.611667544018736464e+01
2.249286962311158788e+01
5.081127718512101765e+00
1.511934413795435006e+01
1.472076769486763226e+01
7.061473045654298453e+00
6.078645612316302405e+00
3.374238444534327641e+00
2.165127706475433911e+01
2.992204415672616946e+01
3.392948769310488899e+01
2.733910149099105880e+01
8.594788370315554005e+01
8.812646771674813806e+00
3.559540311340536611e+00
1.446524655346248522e+01
7.569580234901285287e+00
4.148943455463005847e+01
1.523130407095507621e+01
1.269402152687637653e+01
5.843262238751534277e+00
8.322847045836411439e+00
2.366755994025337984e+01
1.495417035438129005e+01
6.531886099602424167e+00
1.071960024104934206e+01
3.460104864096192046e+01
2.786947987948706995e+01
1.842539620058214567e+01
1.543287905728663034e-01
4.456027876162593770e+01
2.732004597266746160e+00
2.537936164847132048e+01
3.680715350971674837e+01
1.950571658161770472e+01
2.655383886729745058e+01
7.419011905349659486e+00
3.223436259762180178e+00
2.625871681825453408e+01
1.844207135180941748e+01
5.877321988680184184e+00
3.041231744822736616e+01
4.988880198911349595e+01
2.111860722589886663e+01
8.036553546008406101e+00
3.424600783714814867e+01
8.550806701263070408e+00
3.816394749124529540e+01
1.329236554366086764e+01
2.009600218130180949e+01
2.147463032967245056e+01
1.859896670438176969e+00
3.105267631827846131e+01
1.739644727042588457e+01
2.244350561878816208e+01
1.028456834768598505e+01
6.110870491869191312e+01
5.829254592532029378e+00
7.239348695309621995e+00
1.060931614345594909e+01
2.295151772939885149e+01
6.220525157011214112e+00
5.675365802291554296e+00
1.899491543484677081e+00
3.722621590833197303e+01
2.631489633976658027e+01
1.638900181542368628e+01
1.684504130221742457e+01
7.870090433723553325e+00
2.055263506356153158e+01
4.566098137273932878e+00
2.530163531755369632e+01
3.670583709996511068e+00
8.299483479335956204e+00
2.658631527243981907e+01
1.105704040656196874e+01
1.697349716003648723e+01
2.809053883304091315e+01
1.002754678579364978e+01
1.206040740817238088e+01
1.821619873202395823e+00
2.303731579514911587e+00
1.653334359228097838e+01
2.357240884183620011e+01
4.488847468381740313e+00
3.279408909626735635e+01
3.856915525534576616e+00
8.929762945015017550e+00
6.178551696102818624e+00
5.459769979302731002e+01
1.544256727958470776e+01
6.121627783128302802e+00
1.224461305221846708e+01
6.567387420062264880e+01
1.567229835241701252e+01
7.642669220527920082e+00
1.476197933374678861e+01
9.776386446575635603e+00
1.313930402199159353e+01
2.172305010036424022e+01
1.194457093303935480e+01
5.663638226958045152e+01
2.977162009104972284e+01
2.085825543542341265e+01
1.199530338128296236e+01
3.639398912307689749e+00
3.138171143709311650e+01
1.341299112352700718e+00
1.241271286305056876e+01
3.003544604989638600e+01
9.439452872047059628e+00
1.754737132758887697e+01
1.181990929150711267e+01
9.103002078801992525e+00
2.984165304237318495e+01
2.047287341842007891e+01
2.010787063213914649e+01
1.318436530610200919e+01
2.890450360328667045e+01
1.166149946905536972e+01
3.965770687258673988e-01
3.374706609442657168e+01
2.222278193699078841e+01
6.689298762886819461e+00
2.263711669849255514e+01
7.532676213762856676e-01
6.486604739254042329e+01
3.328477959528852637e+01
6.420264332382297212e+00
4.647343152462246962e+01
2.168120441476528626e+01
1.078580549340413341e+01
2.383723903090672991e+01
2.853995395365005550e+01
2.928592522888129324e+00
9.326711864424908072e+00
2.542953720367158255e+01
2.576580789838411789e+01
2.437478129119896408e+01
2.917368196959657567e+01
1.352907927765523155e+01
4.329715254895760523e+01
2.108642072591615602e+01
2.215819087881665439e+01
1.446353378818243662e+01
2.617759014138987084e+01
2.877663582476164095e+01
3.232136201133317854e+01
3.728132859517329933e+01
3.708404746868398938e+00
3.520598304162236758e+01
1.056404063257765458e+01
2.493724736978286671e+00
3.453955202068137709e+01
3.898751823307633657e+01
1.833854460008110721e+01
2.739346891421989838e+01
4.653489109542885416e+00
1.651028819185840035e+01
1.802473484851951824e+01
2.432535808949998213e+01
6.681553891912939136e+00
1.982811720327626404e+01
1.005333543335551383e+01
2.341479319012629290e+00
1.351673412939014085e+01
7.799345528447521048e-01
1.012872563065292297e+01
3.492388698304149663e+00
4.446630456804157028e+00
1.404214703308859313e+01
2.365946651086303731e+01
7.744481943838699145e+00
6.858931917496636288e+01
9.397135034653892660e+00
3.298800366325971112e+01
1.281457686084874759e+01
1.882582995268111681e+00
1.809402568682772028e+01
2.119592000030257140e+01
4.905172988329375983e+01
5.324997635992622946e+01
5.012532775589328971e+00
1.374656146004382684e+01
2.507124936976812180e+01
7.077238451591472135e+00
1.670596524515421777e+01
2.934939804655756213e+00
1.397752345935632334e+01
5.309213442167592945e+01
9.679131807047047786e+00
4.270757648664447004e+01
1.927290855427199467e+00
5.649145031585423027e+00
1.101310829704527094e+01
5.402945396833014513e+01
9.437266406474131841e+00
2.343226696814948440e+01
1.606000047201228043e+01
2.864385859134455004e+01
2.532076042428499463e+01
1.440138192640538861e+01
2.491859870171442282e+01
1.564088568131916190e+01
1.657148407801722811e+01
3.970437717167663294e+01
1.380971110782436284e+01
1.766458216072341969e+01
1.588748106200132959e+00
5.432280054365246080e+00
2.458074170921775803e+01
4.272765567455449798e+01
1.195768084186599189e+01
1.811822132470009095e+01
3.245786288885143733e+01
2.157261794966613877e+01
6.777439712952859630e+00
2.653845696594192560e+01
5.586948424638438127e+01
6.559612553360461007e+00
5.742497384506051183e+00
3.509995013707134603e+01
6.786519705667681812e+00
4.892953430833624218e+00
1.745049305864532130e+01
2.118779418510063906e+01
3.868297431203815506e+01
1.604674835712871328e+01
2.735720159362242754e+01
1.164193454538764527e+01
1.338014623110894696e+00
4.601774819357940061e+01
8.151871048534875541e+00
1.884796354381601446e+01
3.701921857630652113e+01
3.351348039978607751e+00
1.741820262394389118e+01
1.981968675897838494e+01
1.258630821294237734e+01
2.386879281620735149e+00
1.270423012807786378e+01
1.142867736050368066e+01
8.908300976517180558e+00
4.092395057622377763e+00
2.756889194013378841e+01
2.792992571478514208e+01
2.302160361477567641e+00
1.261603768965224859e+01
6.633302877642299755e+00
1.716475366082170950e+01
2.324692467429201415e+01
2.884388790259562185e+01
2.806678511495419670e+01
1.005101885367110093e+01
3.612100235451642760e+01
1.496638449661669057e+01
3.036059751422925856e+01
2.103981688741041189e+00
4.996496181309517937e+01
1.237082037654269051e+01
2.291025574969030032e+01
1.078218559279586763e+01
1.566414855458764244e+01
7.165692227355746624e+00
2.712186451580356206e+01
1.234239154168259489e+01
1.682976160752602723e+01
4.652890898273787457e+01
1.289268509261431994e+01
2.480719986390145237e+01
7.978110496787871320e+00
5.196759092727432083e+00
1.125441313756347839e+01
3.323120499880494094e+01
9.557920783237028317e+00
3.776090504189810737e+00
8.689503338854986936e+00
1.613479710771370534e+01
1.317270481730281517e+01
1.413814310508965022e+01
3.212178840057278251e+01
1.621863718379812269e+01
1.001952757350021983e+01
2.932502436487050090e+01
1.184553879655037001e+01
7.956744311008678849e+00
2.499522051044400683e+01
4.511455111512419336e+01
1.279896369832112057e+01
2.661089476843037005e+01
5.101003296481221305e+00
9.595719886676290500e+00
4.106853724018755258e+00
2.212081318257730445e+01
1.072204691883682415e+01
1.283952167810909017e+01
5.131558661563118129e+00
3.985713320586725672e-02
1.732085865619570342e+00
5.632633939167575043e+00
3.980591632173102568e+01
7.829475779964401028e+00
1.363713549027334437e+01
1.684274897950555072e+01
4.731715446535100966e+01
1.551052098006666569e+01
1.651617674166316974e+01
3.579862723406479574e+01
2.785832630789630926e+01
8.864560016290434774e+00
1.315742622972360110e+01
3.381820516628797435e+01
3.017420210005850123e+01
4.729046146298954056e+01
5.952727534403012832e+00
5.946762668589955503e+00
2.816106747857205406e+01
3.725015603223136296e+00
4.516459130930350341e+00
1.421284884969442608e+01
1.981646873422904065e+01
5.998175811555528014e+01
1.725696308529322920e+01
1.344192498108043310e+01
5.737131436742815005e+00
1.499097402482341224e+01
3.995075651303536546e+01
8.265323299233905630e+00
2.786148555317846842e+01
6.569972712624716493e+00
2.714100837470368077e+01
5.471519330101703993e+00
5.981838839438591293e+00
1.605665968258340826e+01
1.006167020342307872e+01
1.655370166094516549e+01
3.987819014539051210e+01
4.716456692024362241e+00
4.215482925836600003e+01
2.045596769509716495e+01
1.563336058612407875e+01
4.184696697652634612e+01
2.773930037859251385e+01
6.352102930621805399e+01
1.430497760429172516e+01
2.631622103558939330e+00
5.465939624980098444e-01
5.106054122032910314e+00
2.169846407892617179e+01
2.125553639683608509e+01
2.300697294436571028e+01
1.758624136912889568e+01
1.019604030070275869e+01
5.450689891506244322e+01
3.033372589250382845e+01
3.372682511672331351e+00
6.117107857276482541e+00
3.596630520117894037e+01
3.077940679276125380e+01
2.064141912734551809e+01
8.606584784475401761e+00
1.586444242392137660e+01
1.115224698015770954e+01
2.664993865658660255e+01
1.149583209551130381e+01
1.418067809312917404e+01
8.581896478987772525e+00
4.492212173520315588e+01
1.642379682914063466e+01
9.667659226023751273e+00
1.656359682560248814e+01
5.448032485574016981e+00
1.917936885575666395e+01
9.659510734395526654e-01
3.013575562652592765e+01
8.617902270646293772e+00
1.281396743438889629e+01
4.888208585554409780e+01
1.356920956992169280e+01
2.291025948476221785e+01
2.145160813248880771e+01
1.862690931490262969e+01
1.726308553928202016e+01
4.078711795842360033e+01
3.307018442982623441e+01
9.076104390359551743e+00
1.137123946043439027e+01
1.222606588516161885e+01
7.146357911691159082e+00
3.328310579891358145e+00
2.599967670384572926e+01
1.407553539531070186e+01
3.012008236682017781e+00
5.332820584360242755e+00
2.453295643097441570e+01
3.297560601523608170e+01
2.113027546316781269e+01
8.546722372398839696e+00
1.524514818109290459e+01
2.413758510724062134e+01
9.531295804006688854e+00
1.020905089699963852e+01
8.714444735378856777e+00
3.796451897038144807e+01
7.896174034217939841e+00
4.417294580490682421e+01
1.250422918844706999e+01
3.081293955085573444e+01
6.211938552247442402e-01
6.552125261922614463e+00
5.619057866246501831e+00
2.373763322306366064e+01
4.095211220138572372e+01
4.367384027541576330e+01
1.147243605837744340e+01
1.551051936320224556e+01
1.541149610754799504e+00
7.877186358705268177e+00
2.753153600050106675e+01
2.406582760006503818e+01
3.287284003741641669e+01
5.973825193482440454e+01
1.379736850108825763e+01
3.800622125664898654e+00
2.810375575189993924e+01
3.194361665356260005e+01
1.219460784117709551e+01
4.634281889521385267e+01
7.816644677010486930e+00
2.417772736734724504e+01
1.304312346776370646e+01
8.230691270366797596e+00
4.036179669646666923e+01
4.056745164047792684e+01
1.074833689063059339e+01
3.964692752408860343e+01
6.037776580313458652e+00
9.021312397832549124e+00
5.237859118177534690e+00
1.460826037580531533e+01
1.544993113441373112e+01
4.877538040954476628e+00
2.000559244546218451e+01
6.044259940141794019e+00
8.913339137876509000e+00
6.441484859860180379e+00
1.224786364499652613e+01
1.261651829945520475e+01
2.438336378960670459e+01
3.498882811589787423e+01
1.028055863508481238e+01
1.604589997724115236e+01
4.788753285829128004e+01
1.922102065546438254e+00
3.889693033215269224e+01
6.999413899807294115e+00
1.247469746335039176e+01
5.987162399980272198e+01
2.801877960378207177e+01
1.064373017883601946e+01
5.273969973494496699e+00
9.606870848714699207e+00
3.682216757256506412e+01
7.495744830834705219e+00
1.384388212463683132e+01
1.370684876995220591e+01
1.380947931626042013e+01
7.760466257785481048e+00
3.669636992091074035e+01
2.025821158393881305e+01
3.244920237504167204e+01
2.022519223960850354e+01
1.555170633012792436e+01
1.010915218798535875e+01
7.200470551354143822e+01
1.116300143540060930e+01
1.602197922687964393e+01
3.551695226438988584e+01
8.084219434671968685e+00
2.377895061356050022e+01
1.967062278768661088e+01
2.177399988540473785e+01
1.286613174725026454e+01
1.662057439755704280e+01
1.156391145316915114e+01
7.586381140507469922e+00
1.380570945045089815e+01
3.608755733826018997e-01
1.692101698378978369e+01
1.966663593141237953e+01
3.754657990135557100e+01
1.365104914462511587e+01
3.051973344445113412e+01
2.445084909936190343e+01
1.333020743900026339e+01
1.931683608666612173e+01
4.606947376763026369e+01
4.158233312599490716e+01
7.171383740533499029e+00
3.498778321120843771e+01
1.057613006109359155e+01
3.241719816274413191e+00
6.457186708356932314e+00
2.653004390592561634e+01
1.985890494441722254e+01
3.137083603550783195e+01
7.932110229902367138e-01
3.198303289925308235e+01
4.095190092767908396e+01
6.658912711915432325e-01
1.752207240263548016e+01
4.279053378663411067e+00
2.657928123329389436e+01
3.052498800373615317e+00
1.360320809442738721e+01
1.567359067402152029e+01
2.552583798112850744e+00
2.118682548417838518e+01
4.610877099651133904e-01
2.674929260930758446e+01
1.729950723740658702e+01
2.081728337640198490e+00
6.383745592317913164e+00
6.449744161096893080e+00
2.797243052780529382e+01
1.971750030171037693e+01
3.624401750663475141e+00
2.225029663930244794e+01
3.403460329664653727e+00
3.556451527003567747e+01
3.883894528302733740e+00
2.160453796518990544e+01
1.936131840240051716e+01
2.588678336114869083e+00
2.909076220490858233e+00
2.157737184129149277e+00
3.732574475730987729e+01
3.068414529119156597e+01
1.488705017715263779e+01
1.952296195698854930e+01
4.508369949884016847e+00
1.413066128187545623e+01
1.360598451415040344e+01
2.307574243222765276e+01
1.299339900464202557e+01
8.109628109886246605e+00
1.350371377139925144e+01
3.990027977055943254e+00
1.192508329233477049e+01
3.358199482094914856e+01
2.625300107429406893e+01
3.377136505589039928e+01
6.207115690270992303e-02
1.694684257473844013e+01
1.404132839289140477e+01
1.294610264603779370e+01
4.803692556601180108e+00
5.252194200867188556e+01
1.623576195572085012e+01
1.972162472568850333e+01
3.091938818964723623e+01
2.904645759429713792e+01
2.733724045526597735e+01
1.403274561474221471e+01
7.152782022362691450e-01
9.227075692888387692e+00
1.890043812717279081e+01
1.027741670398818385e+01
1.550327016496000354e+01
2.559598927340700492e+00
1.042739682196092232e+01
4.962204076210452541e+01
1.895266461611211284e+01
3.852417733732016458e+00
3.302922096498073223e+00
1.077847104915030663e+01
2.785930954263338322e+01
1.625859965233733462e+01
5.045625435016043525e+01
2.885640312915260708e+01
1.463417364487207273e+01
3.711785154374658191e+01
1.270819104608578165e+00
1.899207716370443677e+01
3.221806466755283793e+01
4.383742747453900357e+00
2.699109437206736928e+01
2.040235853140170974e+01
7.308578408484422972e+00
2.513122281463608942e+01
3.742015503010343025e+00
7.447005163394094041e+01
1.972254947197516017e+01
4.818017838639321582e+01
1.669197727586080404e+01
1.127238937142094244e+01
2.353285050613296292e+01
1.853051342157685610e+01
1.371900111804280620e+01
3.117426714628135187e+01
6.678473720940547587e+00
4.212800647325432024e+00
3.211189065096431250e+01
8.483471018039256961e+00
5.998470627146867962e+00
1.518232190877821708e+01
2.293031475536066921e+01
2.976006609106718415e+01
1.223215679118105825e+01
3.821100344765948620e+01
4.554060917261637798e+01
3.475837839430506904e+01
4.691138616872092548e+00
2.904566757811244315e+01
3.353070880558406230e+01
4.607645830876472282e+00
1.367658084695566600e+01
1.603413774650686108e+01
3.064131163500016797e+00
7.028283850055272453e+00
1.829846380612764989e+01
1.406451751329762523e+01
4.665672203407633667e+00
2.586544598771178727e+01
1.453431681173345069e+01
8.311386791613696090e+00
1.957454182788587183e+00
6.370715584218089589e+00
3.168319141247533111e+01
7.597064081570570337e+00
1.886192016697918561e+01
3.057927114381186939e+01
1.288257976735895838e+01
3.174173608019759030e+01
7.362718712728977266e-01
1.974677158687543255e+01
2.779600539633297984e+01
2.574285863130132412e+00
5.734734786589901034e+01
1.508990347624106221e+01
2.044824432011382953e+01
1.872021124075673271e+01
2.097494127882260173e+01
1.456472648241979861e+01
3.674051369137054479e+01
3.842090332876191283e-01
3.090236612385921688e+01
6.205903583930805212e+00
7.850074117609628921e+00
1.249366531604922947e+01
3.552940223180722512e+01
2.601777215376355201e+01
9.644024276495910541e+00
3.749649253563313778e+01
5.680083219070763967e+00
7.102017621695155825e-01
1.063599709728135778e+00
1.660088158987227303e+01
2.694539982310495319e+01
6.233479175086098500e+00
3.080369752386335946e+01
9.058292493188901062e+00
5.584688934095660784e+01
1.017398597463692411e+01
1.145293367390765127e+01
6.329927604795337892e+00
5.344714762931002383e+01
3.714616094160505355e+01
2.412960182676793153e+01
3.111311831995844557e+01
2.349551536217642322e+01
6.103928425218341225e+00
8.957346795636311754e+00
4.714278969070506697e+00
4.411991518803270651e+01
1.286033279259590856e+01
2.724121522570843723e+01
3.037878164057261543e+01
1.088368800909489309e+01
3.244916457913426910e+01
1.418972060644918542e+01
7.240077690041757386e+00
2.525715312474297036e+01
3.233853799242347726e+00
3.666791275505254788e+01
1.436902259947392402e+01
8.353373517023143791e+00
8.335976261095501272e+00
1.389514379275458289e+01
2.178873701210603997e+01
2.453574446583706248e+01
3.418558781434599680e+00
1.906139379937265943e+01
7.374017429414125857e+00
4.357184047832384977e+01
1.268529360779480086e+00
1.300681594567265620e+01
8.162159750726871721e+00
1.206597406099851888e+00
1.544974413790178858e+01
1.486142185811512029e+01
4.417704326172400187e+01
1.633364610942433792e+00
3.112676095427402601e+01
3.739265459644835943e+01
3.308734875980257328e+01
5.374416250407087858e+01
3.344047455586762396e+01
3.317436895826708820e+01
1.615534847389066186e+01
1.782824743917754517e+01
2.752358406409283020e+01
3.077036403156796496e+01
3.232285683342783500e+01
1.210764520317075821e+01
1.281365281058755023e+01
4.017787200857647889e+01
6.672296128531374215e+00
5.866117747045818120e+00
1.144455264561361574e+01
2.326772198230797528e+01
5.696608920978563084e+00
1.701637396781574552e+01
3.042121326223934474e+01
1.610144569932747771e+01
1.080396797953109278e+01
6.261805559576261260e+01
1.185327131811087042e+01
6.630946540702065128e+00
2.482948264047191245e+01
2.074076186183604342e+00
2.437394940266435128e+01
2.362201551722498039e+01
2.904291241480017050e+01
8.786966233293780348e+00
3.268361637966510358e+01
2.065534087819176357e+00
2.995741788635375435e+00
2.664256350705540655e+01
1.391647633246540039e+01
3.256674615957844310e+01
8.563864677381127777e-01
5.584683100267206868e+01
1.433048424719940428e+01
2.779382438500432784e+01
1.453131161541232430e+01
1.280664591142621767e+00
1.165321341483149808e+01
2.138812693357527905e+01
5.148319814251567372e+00
2.119212525315883511e+01
3.035488002278707853e+00
1.782510966910966133e+01
1.888710739586185738e+01
3.381297835704177857e+01
3.011029066770065654e+01
1.404364170827399150e+01
1.046399918824914010e+01
1.788855497667440986e+01
2.534650007205874189e+01
3.117290015798213076e+01
1.422240852087020002e+01
3.533234461928602599e+01
1.677059210688069868e+01
1.534794473618372734e+01
5.766907355669237489e+01
6.309522457010319130e+01
7.447156532575105459e+00
2.825064012156241944e+01
2.437332723407825696e+01
1.559174887196446235e+01
2.313264144643834008e+00
1.629842639650835778e+01
1.173917710806737702e+01
1.892850733799134133e+01
3.411347547022103299e+00
1.670579778344105648e+01
3.511467596832873284e+01
3.109747700099241285e+01
1.124184858014232091e+01
2.517869907577208011e+01
2.649499441904468000e+01
5.530885691892606104e+01
4.437283102983746730e-01
5.856487767651130660e+00
4.574396872703778705e+00
2.850938544564496269e+01
1.387222143492516935e+00
2.905922241871483536e+01
3.387485308761883829e+01
2.704337128001455071e+01
5.106833340158467394e+01
1.055340339081944911e+01
2.628908935015061843e+01
6.840263121064227292e+00
1.277896448523785367e+01
6.886916265399500858e+00
2.007200824440036513e+01
2.855466167389075771e+00
1.027732205844433722e+01
8.070994581848566440e+00
5.037761412340891098e+01
7.026470423123098996e+00
5.006599729733729731e+01
2.309745377043759262e-01
1.791377707841046529e+01
1.077003455792191389e+01
7.995770267646529206e+00
2.560794669987931371e+00
8.272065790684845155e+00
4.824898738098548634e+00
1.273980671359753458e+01
2.090119615326235802e+01
8.211509645120852241e+00
1.457053634391880514e+01
3.987796034135016043e-01
1.532968785945565315e+01
2.510983968534530320e+01
4.964420288888327093e+00
5.139493547830509357e+01
1.364463519801017988e+01
1.431829391647177019e+01
3.885544497101300720e+01
1.543267744865250890e+01
2.329828106438536395e+01
2.299107135561140325e+00
6.790302819417504132e+00
1.294932840449236622e+00
1.129787543801730187e+01
3.208168876308370443e+01
1.574652417397115478e+01
6.959690743246760292e-02
2.433678261065674775e+01
2.364989385891358609e+01
2.054967890091530336e+01
1.312719572242770916e+01
1.385271916787633728e+01
2.740508340153102651e+01
1.840358038195233448e+01
8.379553114455372764e+00
1.240502585727465501e+01
3.562802852460033876e+01
5.600478529455799048e+01
7.804071925290423373e+00
3.290342501211274140e+01
1.118991392591972556e+01
1.864175660725275918e+01
4.695895020052509494e+01
4.121672052688673915e+01
3.668699211707726704e+01
2.900762309239424042e+01
4.131841783423428893e+01
4.504179152559728294e+01
8.272430134427910531e+00
2.163963337835694745e+01
1.405137498812358743e+01
8.154100499515593015e+00
9.139656824578402450e+00
5.314430053527274822e+00
1.711301714156321196e+01
5.557241202282903458e+01
5.370900417653523817e+01
7.364351523377332676e+00
1.092312978116072308e+00
1.703281875817952340e+01
7.032872456880667755e+00
1.355920899361939824e+01
1.071839455555489984e+01
5.694610815481615518e+00
4.781877133359868637e+00
1.540577466690107400e+01
4.303779483513126003e+00
3.046985160000426163e+01
2.052780452206315331e+01
3.463327192392407028e+01
1.182244318988356824e+01
2.092169371711349868e+01
1.990976367947483539e+01
4.447682293434074552e+01
4.116693833980689021e+01
6.243851689261803273e+01
2.635448190294209425e+01
8.822697433926052213e+00
1.448510736627039996e+01
5.990434818686996010e+00
4.729821341103668253e+00
7.575645795428687101e+00
9.655155073349241945e-01
1.174762478751556571e+01
1.013409514574137305e+01
1.530963649446093200e+01
9.496540444219213839e+00
1.135674261803565344e+01
1.154519137923470851e+01
5.396275666607497357e+00
1.205588211756569805e+01
6.742124056025922130e+00
7.637557567561903404e+00
3.340778213128881191e+01
1.973134450817737218e+01
3.350082280485056074e+00
1.266274592056504389e+01
4.599407953775047986e+01
1.230603813341890529e+01
1.912059947392075188e+01
4.266514279489652672e+00
5.610528915668822059e+00
1.483086311268910862e+01
2.034964123501570299e+01
4.116518390861578780e+00
5.663717865940398610e+01
3.325097391898168553e+01
6.096130945228350839e+01
5.146067198656722752e+01
5.888471233635339530e+00
4.929544482418202023e+01
5.105545776073472375e+00
2.895346201003012965e+01
8.335468443844806785e+00
3.163783351259219501e+01
1.551010776269656688e+01
1.247198312645991791e+01
6.512314968916133040e+00
2.088464144802215827e+01
2.434848499981845293e+01
1.596503662020099057e+01
9.749109045972591758e+00
8.950029504636525246e+00
1.178709994869320354e+01
3.273468062663664568e+01
4.881404015328216772e+00
9.888480333570814906e-01
9.506016843969788965e-01
1.382951108499574921e+01
2.357404566465537243e+01
6.072955294510129498e+00
3.820779620555936162e+01
1.742203934115393871e+00
1.152640809069005456e+01
6.842307206437081568e+00
3.063663432594731972e+01
6.225385062026411731e+00
4.427179383969792781e+01
1.668294575984807793e+01
2.533606646246522232e+01
3.220668646732238471e+01
6.854030656269549659e+00
2.060977249068463024e+01
1.025917239168261474e+01
3.736983764901668792e+01
3.031992092875423950e+01
3.405772678037277501e+01
1.219944477029000218e+01
4.656552555089454870e+01
2.877072662444857265e+00
1.422789162443738320e+01
1.003659103816945120e+00
2.103648493848508849e+01
4.161319990504986066e+01
1.543976774787358863e+01
1.579979832915190485e+01
1.062826329248056645e+01
2.788323112887758271e+01
3.227098875410616685e+00
5.283658162060889119e+00
3.637817884458938522e+01
1.577033910870095923e+01
4.116756370645680008e+00
3.402347495606750094e+00
2.062143093057578014e+01
6.743472319514665081e+00
2.911835298271747519e+01
1.195029084260301744e+01
1.954563865761926778e+01
2.564407223083653520e+01
1.885809841937780007e+01
7.806322629410678360e+01
1.133588199834700916e+01
1.391148329944924456e+01
2.840692195820826527e+01
1.714308017329213385e+01
9.319722598465030927e+00
4.497020724809730474e+00
2.592054003187826794e+01
4.649375350512463534e+00
2.436194086454057839e+01
1.112178196977708922e+01
1.182006616500708063e+01
1.525950727391478523e+01
2.151031629662347733e+00
2.142583604167980127e+01
2.260999363219762159e+01
2.199898423822366311e+01
3.919287715256913884e+01
1.408349583657686566e+01
3.893085688854525017e+01
6.163712331558324209e-01
6.671919591851760423e+00
6.040409674267221973e+00
2.315312445999806457e+01
3.869574013239274279e+01
1.090802844523830473e+01
2.693252714532923164e+01
1.296169066840047179e+01
1.386072331049092909e+01
8.429257872112462024e+00
1.499617532650498930e+01
3.090026018157232457e+01
4.856379008805888731e+01
8.997460690302162334e+00
1.979181705199195562e+01
1.176257901770572190e+01
2.497597968561882098e+01
4.997738928308459450e-01
2.270022935099680339e+01
4.916929033828276374e+01
1.295680092549644868e+01
6.148973282527836481e+00
1.216005847649259763e+01
2.564854800118654410e+01
1.077517178271336640e+01
1.210223991247794117e+01
5.554936832506185418e+00
5.173305364451652366e+01
1.528082881024994677e+01
3.260000182294442439e+00
1.262907048011541278e+01
3.711287700456556138e+01
3.400152309809412543e+01
1.416684708679838423e+00
4.764278475097860621e-01
4.398741843337650437e+01
1.883848336168458815e+01
3.557827714878525427e+01
1.250178326059747747e+01
1.321776444127975481e+01
6.091465883887869914e+00
6.080530408093309802e+00
1.184595166434654345e+00
1.565470702937976633e+01
2.779674662953923558e+01
4.487783021101199310e+00
2.437592492372298025e+00
2.186801986156783428e+01
6.988671143340896563e+00
1.398128231276441014e+01
1.426871234899540397e+01
1.309288716704604028e+01
1.526263226704760356e+01
1.437044364525963402e+00
5.792106839734745272e+00
1.088046172323642224e+01
2.829000484592436493e+01
2.829240025304480355e+01
4.119507637538211142e+00
3.460979509024775069e+01
1.917013650427601590e+01
5.183651615652473765e+01
1.311440647325545683e+01
2.352919229505978649e+00
1.593371118766961914e+01
1.779438563490753822e+01
6.417823468743200088e+00
2.366627377950769784e+01
1.760293189206352338e+01
4.641507332751104542e+01
4.308802071502060471e+01
1.568305911855794044e+01
2.767589753769939165e+01
2.061791888264974304e+01
4.738084103542272629e+01
1.189365225865901543e+01
3.954076673541773346e+01
2.154484690778857470e+01
1.677176769510024812e+01
3.900619124386217607e+01
2.809395000974213019e+01
4.916583437023614067e+01
1.259272584791737515e+01
1.359981559125855810e+01
5.692655244086020083e+00
2.113839230655933932e+01
1.383001875651679313e+01
3.345320345045643684e+00
2.603855101018237583e+00
2.863441691714907478e+01
2.544339423084118579e+01
4.788029532099636043e+01
3.065597494320737582e+01
1.395894669835773172e+01
2.146103137334887023e+01
2.833493492439531636e+01
4.719024294121798846e+01
2.867920999508166702e+01
1.940823622230469780e+01
2.826617798810426763e+01
1.723135153206423098e+01
2.269068919159789033e+00
1.332442778422759844e+01
1.467054909088272296e+00
2.844488267002887127e+01
1.935168472653203509e+01
5.880096861394324037e+01
6.603153637610659210e+00
7.655411673844758624e+00
1.099513062504031780e+01
1.984213372509702111e+01
3.147505974668973749e+01
3.346073002982175026e+00
3.313967800516182116e+00
3.654668376808856323e+01
3.440738698429068876e+01
2.062654737931102211e+00
1.649596476070769313e+00
3.881362150953749079e+01
2.257572824418496538e+01
6.343354400935141690e+00
8.794488433912839298e+00
1.603252925762010861e+01
3.889182942855873648e+01
2.094285296137199381e+00
2.211129199167438664e+00
1.004033620050082121e+01
2.810857311134506986e+01
1.341735638478580483e+01
1.177658623545552175e+01
1.362635559581748623e+01
5.737484497347788981e+00
4.196426655693286278e+01
2.270204945753351211e+01
2.533407316817914889e+01
5.136348234927312717e+01
6.955859522436158571e-01
8.677371535343091580e+00
1.404113006738250036e+01
4.318687319497149701e+01
3.161805153888908038e+01
2.370553490031768007e+01
3.863969232241581864e+01
3.141181280181859492e+01
1.698223426309219874e+01
1.920496190789633317e+01
1.899235050965686256e+01
3.871491265507787105e+00
1.919085366859718533e+01
4.143003366577458024e+01
6.375080827777046544e+00
1.098962752407417476e+01
2.538144309387491049e+01
3.222168396609615115e+01
4.668858135721243485e+01
1.708437422552167106e+01
3.206500542857892810e+01
1.237539349399496835e+01
2.419447962940213159e+01
3.908589384435012448e+01
2.703930730528181314e+01
5.259545429172185749e+01
2.860522970646761642e+00
4.080632846962695126e+00
1.606646250245646890e+00
8.112694739394799015e+00
6.856351455181042276e+00
1.049101302628441346e+01
2.154670845487027719e+01
4.228938170028118115e+00
9.494365881272948116e-01
2.514587892405673131e+01
3.910607560674117167e+01
1.599451240557059251e+01
5.358657325531868132e+00
6.397555764109075227e+01
2.473037635885799723e+00
2.449870522736041778e-01
1.757607356154744593e+01
4.932992074065334265e+01
9.832822284160380732e-01
8.509187442256482825e+00
4.279531934742952792e+00
6.130257733952593213e+00
1.324338720129947333e+01
4.633252753288297221e+00
1.956954812878542072e+01
2.034214795222999328e+01
1.274558459625829698e+01
3.563200637456209563e+01
1.984740697457354486e+00
8.495506801032615130e+00
2.974205986820221881e+01
7.538065506377922276e+00
4.213149834989948772e+01
4.055401769436195458e+00
1.294520623442707574e+00
2.033508833566455287e+00
5.873077153345507284e-01
1.354376656697231596e+01
6.306206282482573755e+00
1.569258758114733254e+01
7.409130622684889644e+00
7.657491715360453810e-01
8.188113446337297319e+00
2.807123967745739357e+00
1.971746361014925597e+01
1.703513281976087868e+01
1.508098013388869951e+01
2.936277943176979122e+01
3.977538175668704490e+00
2.304660659364654407e+01
1.523879475252898352e+00
8.106735857187018723e+00
2.160938607785989340e+00
1.990370886470993383e+01
1.052333361944257639e+01
3.215659462041386973e-04
2.987370994768367893e+01
3.510763132944538967e+01
2.429921049016681067e+01
2.010061637819449132e+01
3.225796116617707554e+01
2.412422504629141429e+01
5.260000025558098002e+01
1.807971842198841017e+01
3.421637691115431323e+01
6.368643203619406279e+00
2.483455334312356655e+01
1.347662540591543134e+01
2.538976207939636076e+00
1.455675727284377885e+01
6.363325735374147740e+01
6.362425502783874975e+01
1.845955489355133494e+01
4.540763089570931754e+01
1.017545491583260464e+01
1.028603577506737032e+01
6.833784266896081760e+01
3.044113091185596431e+01
3.367624979884853431e+00
2.379591555730486974e+01
5.300903580923177572e+01
2.921706293819470446e+01
6.253654531966634522e+01
1.507269171640335159e+01
8.307619408111200698e+00
1.869839504840697941e+01
1.216224019625789055e+01
4.227518858871359697e+01
1.333060086755521922e+01
3.151286160235411415e+00
1.477097751585776386e+01
2.683896683644126924e+01
3.418942070764430241e+00
1.593751726098968646e+01
1.015679953536696800e+01
9.358149248797854369e+00
5.388752921215878011e+00
1.448984592903246238e+01
1.043931848992751910e+01
1.919367205690691947e+01
4.234499700857097260e+00
2.717423288641174395e+01
2.346645306822159327e-01
2.319805379944717316e+01
1.880046831173709521e+00
1.646181110220112842e+01
1.564083205262867260e+01
2.965943074553234382e+01
8.278485816963998545e+00
3.587600792059486565e+01
4.160619904337181651e+01
3.568121614366870631e+01
9.844162629331854930e+00
9.838041972915156919e+00
5.729846050931974588e+01
4.147953129827853047e+01
3.346575653150929242e+01
1.227190216703444392e+01
6.556803925531373700e+00
3.647305796634825725e+01
1.747951851611928475e+01
3.273686086072702395e-01
2.282579881384805276e+01
1.068563777503217516e+01
1.357287356400771472e+01
8.421783204753729990e+00
1.436156518363462808e+01
2.444362845913239468e+01
3.702685055034271500e+01
1.376706545514150193e+01
1.428722926812742244e+01
3.318910263735253352e+01
1.285446579035398607e+01
1.166990443028037561e+01
4.166079251488130808e+01
1.235110995281230117e+01
3.910822532844027144e+00
1.293845908505519837e+01
6.673944597296976866e+00
3.176024718522118917e+01
5.430404372135155810e+00
1.077782348140843283e+01
1.786921917091310874e+01
3.139125019274824524e+01
7.361417812768666913e+00
2.014381660506714411e+00
3.635555072781371422e+01
3.680684708648851711e+01
1.327931055490982892e+01
4.299379531793201181e+01
1.329569114735351576e+01
8.749987015346128771e+00
2.538896628978126557e+01
1.145850222181799083e+01
2.533629994650688033e+01
9.206946933791982701e+00
2.829243312020479806e+01
2.536314437812026057e+01
3.621743069770477774e-02
5.951202261400334592e+00
1.249388052304900576e+00
1.313154288000706416e+01
1.572673765288112868e+01
3.021217992242863914e+00
1.754528232057139903e+01
2.778933775816361162e+01
2.127409901687948945e+01
2.543728987989723933e+01
2.271522098772571496e+00
3.435702718451727478e-01
1.075149060145386137e+01
6.754685862447318279e+00
1.271864244246856401e+01
8.401839840700088047e+00
8.576567258873346589e-01
4.552700239685370320e+01
7.230197709391705807e+00
4.047768819270158858e+00
4.877261078959138629e+00
2.369438520979261220e+00
2.327554882763771360e+01
1.480055549533532044e+01
1.081952542857855804e+01
3.482481880554843912e+01
1.758087656801854415e+00
2.235534864852251147e+01
2.085773345052943739e+01
3.708599306218140867e+01
3.086099069625580782e+01
1.965932304566753075e+01
2.735949045485508435e+01
2.974510717194700504e+01
6.675161435680032618e+00
1.186916345446908849e+01
4.719284593565320307e+01
6.820335145765965557e+00
2.717439043199210147e+00
1.526338650993297463e+01
1.236000423190630748e+01
3.525290533206215571e+01
2.107368761387085243e+01
1.107056122266403264e+01
5.428720804129161337e+01
5.671527876258097933e+01
1.127545248208228301e+01
5.057762158466317004e+01
5.738738890281092075e+00
5.088660499230290846e+00
1.652066222861758860e+01
1.794975187106007297e+01
3.709163203625354122e+00
3.410812069241209166e+00
1.011463081506214223e+01
2.790243552076687905e+01
1.330500766732023443e+00
7.255642273258922081e+00
3.783282708201474520e+01
1.139622520366378922e+01
8.287012836460938559e-02
2.049356319646566860e+01
3.860929286143943528e+01
5.945358106839160328e+00
1.737992539183386143e+01
1.429515510929735278e+00
3.868087639165984370e+01
5.014675007740565604e+01
3.657968725523375042e-01
1.450525503557054208e+01
1.555757950842629000e+01
1.945933752548090112e+01
1.975299802857266585e+00
5.862494136751217333e+00
1.362879889110812925e+01
9.623684243208806777e+00
3.670980972697890365e+01
5.889397536335660988e+00
5.604016869565575654e+00
2.363567620162165639e+01
3.602179956307960396e+01
2.094706360900522313e+01
3.614687739197186289e+01
3.115807536367554320e+01
1.377652528069262061e+01
2.955031098306570669e+01
5.013926482762109949e+00
2.653544362221072106e+01
1.358896870116243960e+01
4.557583729022130115e+01
1.195308778467685329e+01
5.644377940975386920e-01
1.260807111836437144e+01
4.125808866697666666e+00
1.590969754722826224e+01
3.082339814450030246e+01
9.664411571071230611e+00
4.864548647994570985e+01
5.860101866153488714e+00
1.588572749795980066e+01
1.539142031930784782e+01
1.915840319462769514e+01
8.766323553550336101e+00
4.665694720267987350e+01
2.254150382687536336e+01
9.918025033818778979e+00
1.461609985743317353e+01
5.810380193633668533e+00
4.489092933191229662e+01
3.562059422667218911e+01
1.829970142755399465e+01
1.220244618566557193e+01
6.106765890438003908e+01
1.692415035573480253e+01
2.062650319342729333e+01
1.004018176143262053e+01
1.287053350586731071e+01
5.747348561288445623e+00
1.604522384361251142e+01
2.055254203122358625e+00
6.708951533683782387e-01
2.226831064749612565e+01
4.536795148989525472e+01
4.027812803363839400e+00
3.853672162973686710e+01
2.872779492534371926e+01
1.179499610355105865e+01
2.150761165412462361e+01
3.574414150469085172e+01
1.963829737540057074e+00
4.718479185663226616e+01
1.245123745361120804e+00
4.564957232526256625e+00
2.571052281060604017e+01
1.481293355222213037e+01
2.278124469746412117e+01
2.561924329273823631e+00
3.941346264946909628e+01
1.021616745934106341e+01
7.692551395627300614e+00
5.973354609911885049e+00
1.463889449549649058e+01
6.408453425466031916e-01
1.748623060693199704e+01
1.581843291854234579e+01
4.807889812128429696e+00
1.736284435041612895e+01
7.740471240050617041e+00
4.566122220717372215e+01
2.922722757087681345e+01
2.308924599176542714e+01
5.094392713982387733e+01
1.985349744678788220e+00
2.115649548337905728e+01
1.041811623084354466e+01
1.861912031148604818e+00
2.715932227363382268e+01
3.979582579701212985e+00
1.120484690253320537e+01
1.097407920906256962e+01
2.105845262647931904e+01
1.473205657360254861e+01
1.876648034944750165e+01
4.449672458126418917e+01
1.275855804862868759e+01
1.268359774354865799e+01
4.255557005553689542e+00
3.488940915104499396e+01
3.423271290317531168e+01
4.614067737675753023e+01
3.310196403610765969e+01
3.612721577658084726e+01
4.896568923324140599e+01
2.376423758754575566e+00
1.303930422260901523e+01
1.165604091173810808e+01
3.251015911020927263e+01
3.640911920231082455e+00
9.970060991358774771e+00
1.641359652484697307e+01
5.384166830867065379e+00
1.490094279448273085e+01
5.283664023747469685e+00
2.102676329043473658e+01
1.910270794633228775e+01
1.143161572643225377e+01
6.869506964468475019e+01
2.858624898875061859e+01
1.057884214935378431e+01
2.373495814349668720e+01
3.897259414348997097e+01
4.706782898204997423e+01
1.326815182282370387e+01
2.724709551111936889e+01
3.179855721667312807e+01
1.344797351534121610e+01
1.590176387702668670e+01
1.479742847101184111e+01
1.742384216670167518e+00
1.436272263708671204e+01
4.673601579251895899e+00
2.887606393954067485e+01
2.626221450083954068e+01
7.725149134097164527e+00
6.154124612469858135e+01
2.239578622884375037e+00
1.144358031372016882e+01
2.868945872448957957e+01
1.706460616878757719e+01
2.633468504333780302e+01
1.366676796573540464e+01
4.964743757771194765e+01
2.874332341601959584e+01
4.334306668959730935e+00
1.293918950424410852e+01
3.680110259670777140e+01
1.690868020551416961e+01
5.041785805810938825e+01
1.589420120732887298e+01
1.873247701838110046e+01
1.112130293079982479e+01
2.926279733799108662e+00
2.080893427078034463e+01
1.172835134337302243e+00
1.382649906152699870e+01
1.013197990512115787e+01
8.022985978358265768e+00
1.314924733938105383e+01
3.730065609484567801e+01
4.234755729931360690e+01
1.606913262698572709e+00
3.545132605829226513e+00
1.166865977442455105e+01
5.111392526019220561e+00
1.395476135566953246e+01
4.794579236120066668e+01
5.504266294950599381e+00
1.323667929082850137e+01
1.165964429393151391e+01
3.028286872564178722e+01
1.029239043816787458e+01
2.683161839749148569e+00
2.779475262413810910e+01
5.677878893490506584e+01
1.810873278909641471e+01
3.718614846456536327e+01
3.381413608625661027e+01
5.529352097549911349e+01
6.607964286874379312e+00
2.498299690346050994e+01
1.054737602108513173e+01
4.816629788795845002e+01
4.670755133396198033e+01
3.844890366532638382e+01
6.610717623133699483e+00
1.126225673553371465e+01
1.112970743819907682e+01
7.430965052982463348e-01
6.570160553114323676e+00
2.114882406676832360e+01
6.328908554961487631e+00
5.922139842800766552e+00
3.668808545504886887e+00
1.821119242318225417e+01
2.753533461859514375e+01
1.643989991685990049e+01
1.567666724377747656e+01
1.400566680182380175e+01
2.570197195124201883e+01
8.086706779660278954e+00
4.078136146851374377e+00
3.266836755092761280e+00
2.085990534213322256e+00
1.096546503110262805e+01
2.351200092777572337e+01
6.697223578520494414e+01
4.380908032169061528e+01
3.863740602025877990e+00
2.345262135554704486e+01
1.595865020572217929e+01
1.997609171703029673e+01
3.563962430486067312e+00
8.040150625173602350e+00
1.877918135049494452e+01
9.715121454135221768e+00
4.889773193773861237e+01
3.611051149135890626e+01
5.497467284704637791e+01
6.407097890707147414e+00
1.873263612511444265e+01
1.156837064105420509e+01
3.803243347535678609e+00
6.302186044556679079e+00
1.087480795402950839e+01
3.224654042389651920e+01
8.672370848579525671e+00
1.246604940025575203e+01
2.046323989724463388e+01
1.521163993330931774e+01
5.316281978096082383e+00
3.493140370825920371e+01
1.551736964728145374e+01
2.991349376678476091e+01
4.336929758038732530e+01
5.793464888310140282e+01
1.995439026583378705e+01
1.151793739355799673e+01
1.281525206307088105e+01
2.428564820235123989e+00
1.634202986673338742e+01
5.595911639521222725e+00
1.796044423057230333e+01
2.148046267272718524e+01
2.561994029314451637e+00
2.009018112622607077e+01
1.577534072873831761e+01
3.929589421555523643e+01
7.903883985411419566e+00
8.623585934314892398e+00
4.725932478438332751e+00
2.728604047203320171e+00
2.669039599344835700e+00
2.146676559789073480e+01
1.297288069846247538e+01
2.673631172591228733e+00
2.092122897805504067e+01
3.284332452151439696e+01
7.145159424463143338e+00
1.988938489149039057e+01
2.187769783576865024e+01
1.735531809910650836e+01
1.338797716196815557e+01
5.819645449729460296e-01
3.107453382733049807e+01
2.336202438476209231e+00
6.150431659860622347e+00
3.539208483680500450e+00
1.406357949085523806e+01
2.087301618803516590e+01
5.530894022841514612e+01
4.710386674289357423e+00
5.202785527292974876e+01
4.705577382927594954e+01
2.002462728659848423e+01
1.571693753432146323e+01
2.178807067925014707e+01
9.208064332900779192e+00
1.769478974782678904e+01
1.411493301439337245e+01
1.421066941084458968e+01
6.785656763688141524e+00
3.408941508158858369e+01
1.879084895812133027e+01
4.855793093145877037e-01
3.799890579039366401e+01
1.186298278817188390e+01
2.473357428219025067e+01
1.178855800707712120e+01
1.912449483027467423e+01
1.634477879849449522e+01
3.713081891844905158e+01
7.980998511032733056e+00
2.709815681444016633e+00
9.710189167158823409e+00
1.795917341185526794e+01
1.415394331273522965e+01
1.929567731247694340e+01
1.235420740070525270e+01
1.457136106696910183e+01
5.633109985154727184e+01
1.018308416859070675e+01
1.675140448734213550e+01
1.122628777117329335e+01
1.329315922672369510e+01
1.299594104800794270e+01
1.049027374918365396e+01
8.233956551267130664e+00
2.861363754575108231e+01
9.965091827990546491e+00
9.549264784888599422e+00
1.720099928645568710e+01
1.506107222140262714e+01
6.114427610779515909e+00
1.253871708781273497e+01
2.376417996006252764e+01
1.030466885361736118e+01
9.370190539043088407e-01
2.111650650504237703e+01
7.424712604161887164e+00
3.515376984880725075e+01
5.448970712765399682e+00
2.290499246970212255e+01
1.170701822950059778e+01
1.142783443886841255e+01
3.165184811520838082e+00
4.515763829277397434e+01
1.247915717264424984e+01
1.726843699629476703e+01
4.522752426734166775e+00
2.316915133377117542e+01
3.887130134771299339e+01
2.306207708465135653e+01
1.073800092351206992e+01
1.664769267577326417e+01
3.686740521950515870e+01
4.629043854811776271e+00
1.554153112741429865e+00
1.199045578497537434e+01
1.775766610963647096e+01
2.837152629004602389e+01
2.921774667897669708e+00
8.352098709060840065e+00
6.733340656608022279e+00
8.120186064728752484e+00
1.419752206305480158e+01
1.436138241706053087e+01
4.808056376905022944e+01
9.694178261511311234e+00
6.722619551803532545e+00
1.297851099768765337e+00
1.225703079183282362e+01
3.311868816952123495e+01
7.469253158762789724e-01
9.280628862652129385e+00
2.617383315144272871e+01
9.086174193812190936e+00
4.338094586194407754e+01
9.457706697314494093e-01
1.637092287447539007e+01
1.121203302737905361e+00
1.135936015606753280e+01
5.565396874741645661e+01
2.186443975117058258e+01
6.947521801930156471e+01
9.358094855068666007e-01
1.133454706722636374e+01
3.008656838248802146e+01
1.543115970305053430e+01
1.944354492726563421e+01
1.221137457640775281e+01
4.320338545419022402e+00
8.776734082100002610e+00
1.057440078880511614e+01
9.478400629944871980e+00
2.428528273931962644e+01
2.641574137233382302e+01
1.810324311969224809e+01
2.011623852999322537e+01
1.321155016662189929e+00
1.113212207236247053e+01
3.492142434487177383e+01
1.144803402350080823e+01
1.100179017346825106e+01
4.653330922606136255e+01
2.902985049053652489e+01
5.507037441975504066e+01
1.657344281026695754e+01
9.793568155281317189e+00
1.025068032229847859e+01
1.522425621727485634e+01
2.699813202416878610e+01
1.780952629949850063e+01
1.807506062166475047e+01
2.369499086720638914e+01
1.832230312753901913e+01
1.520990655809484338e+01
5.014107906947118387e+00
5.447814324566446942e+01
1.114987389331256651e+01
1.102040122384273602e+01
8.973158372567070273e+00
3.450958279608151713e+01
2.924756360748537176e+01
1.312752909421555003e+01
2.421668186891812269e+01
3.610804974848858251e+01
8.428587750577420934e+00
5.604209607822818739e+00
1.254036372046685166e+01
6.782806899132798328e+00
5.302819702409644620e+00
3.207401580477997527e+01
7.896309713262272822e-02
2.952074953972383398e+01
1.190229845843293610e+01
1.046012451174638258e+01
4.965482090085404820e+01
2.309022625238843318e+01
1.310257858124142061e+01
2.570223308754837532e+01
1.450081994503915617e+00
2.582494274816671265e+01
2.823402142827635686e+01
3.480159621941336923e+01
1.667846350727630877e+01
2.438690902610607480e+01
5.268552112775581975e+01
1.258003378402394645e+01
3.933797331492794314e+00
4.284028987632293450e+01
1.006280533017045542e+01
3.508981480021211574e+00
1.395177399630376236e+01
1.795061367367367566e+01
1.672899838437480469e+01
1.274146422678890112e+01
1.614770529905884544e+00
1.366172849760549646e+01
1.544757101762406215e+01
1.036139272151770285e+01
2.849314911526534644e+01
1.342591890886668438e+01
1.641034878819102971e+01
6.845337908015003414e+00
6.024538603766171896e+00
2.998648861274777389e+01
1.925089678409874772e+00
3.524374012781750309e+01
2.458693314714122025e+01
4.692702027425110600e+01
3.702638443220163111e+00
4.024206782485828526e+00
2.748638543723069816e+01
4.092697687567925513e+00
3.765268367808560868e+01
7.750538494352143815e-01
2.017784084689111523e+01
2.696738167237944239e+01
2.389321780089625946e+01
1.985204331042045212e+01
1.526192603239739931e+01
1.094675149242529955e+01
3.462144171232972667e+01
4.207734408923857927e+01
8.129020905170648348e+00
5.245715641447168309e+01
2.794836446314397094e+00
4.705149794637097926e+00
4.294612089996429916e+01
2.260720766601842513e+01
1.837235519566493736e+01
2.210289828874723028e+00
6.419133498614115751e+00
2.120936455907851581e+01
3.307819473822859457e+00
1.339576958841481868e+01
5.715271596747128768e+01
4.032102329715614530e+01
8.375270129600043134e+00
1.306961433861186705e+01
1.669095332002412846e+01
1.805927110321403717e+01
1.461792084012980553e+01
2.030013199167146709e+01
1.874627797906780557e+01
4.720220842842348929e+01
2.217167797670171936e+01
9.592753543852360565e+00
1.591693759287149490e+01
1.972142019324485318e+01
8.758530598566016678e+00
4.111065318163487348e+01
1.229981511580346876e+01
2.005802997647432306e+01
1.976530403924936508e+01
9.737700331219123484e+00
6.160720093686889243e+01
1.302799416928679399e+00
2.046025448788113721e+01
1.781041849175002412e+01
1.359315212711154075e-01
1.158708965097465793e+01
1.330717054081964612e+01
4.123074900190870551e+01
2.225293922355842113e+01
4.044065023961829297e+01
5.313600709936028288e+00
7.756810023808236032e+00
2.543681297235089644e+01
1.395275273804585936e+01
3.132750134901551853e+00
3.957157807519151582e+00
5.910181202202990924e+00
1.616120806789000852e+01
1.062026198027144019e+01
3.677559019919141292e+01
3.665053261121254025e+01
1.136582984723477630e+01
1.448781877196780954e+01
1.362716784276429749e+01
2.681481835609678122e+00
1.812001165770038469e+01
4.092838999584846960e+01
2.517069210736200091e+01
1.309588404968087261e+01
4.751730564187428563e+00
2.934198734061921243e+01
2.040595440700132457e+01
4.852998099627081530e+01
6.662706533649531693e+00
1.955837655599923508e+01
2.397876650991448422e+00
3.361360455924356216e+01
1.535935313127934165e+01
1.523350396320899414e+00
5.826432816282478555e+00
3.419619004686458297e-01
7.047834633970295748e+00
8.094387577392115674e+00
1.920946780134369192e+01
2.015815638406504107e+01
1.900043223616631849e+01
1.698948985063131190e+01
5.775671722999198288e+00
2.515540497835289102e+01
9.411938167855682380e+00
1.843579659140415217e+01
2.848542650801677567e+01
9.175208653489086430e-01
1.171939218983675346e+01
8.809272478378925797e+00
2.181387449002969348e+01
4.821777904784108060e+00
1.828038170266998996e+00
2.899210359830895101e+01
5.173450819047631377e+00
4.404521080414447454e-01
2.723158343931830672e+01
2.604339908369834689e+01
5.994006422853026805e+01
2.114147131960963932e+01
3.038299400489463764e+01
7.977532119166408364e+00
1.416375644255318811e+01
6.717741945530320002e+00
1.048226803198093471e+01
2.565365230507243766e+01
5.302718414777851308e+01
2.157157327735204078e+01
5.555859569723043023e+01
1.491433736737080018e+01
3.434141323872652585e+00
7.897364745310886391e+00
1.852336684411726253e+01
2.582734140172426862e+01
2.430708509816825824e+01
3.345192988052725269e+01
5.002892788503410237e+00
2.795588271922955315e+01
1.766322961462396535e+00
1.344184632934253187e+01
3.262778132867949665e+01
2.780700026466509200e+01
4.161144028229423952e+01
1.949308197122845598e+01
1.165948328835619918e+01
4.418313904908621481e+01
1.763691378030263124e+01
6.939991585221960690e+00
3.804712906575802123e+01
1.202684661459685245e+01
3.733361957525938024e+00
2.345686340841690765e+01
9.649573511082088828e+00
2.447372508788925316e+01
2.278919723046957202e+01
1.600914906669181903e+01
6.756034682393163848e+00
1.466889249830294339e+01
2.855742493363799639e+01
6.209324768107238413e+01
2.269840693321034664e+01
1.497193124332307690e+01
1.400184970898898840e+01
3.546309144928527957e+01
2.765248367638506366e+01
3.597471901847226761e+00
1.162427609767324732e+01
1.120708845083084881e+01
1.382048815748915160e+01
6.596816657475246259e+00
1.240518470591000977e+01
8.684195456161280191e+00
4.573580180371794590e+00
9.642528064571775914e+00
2.452568140912658734e-01
2.258277695100452398e+00
4.022920262679829762e+01
1.150592092421110024e+01
1.538632456155442085e+01
3.017352774166726093e+01
8.323944141698348176e+00
2.869868546019216282e+01
2.106209521780144556e+01
3.407492669749045966e+00
3.174129470289943633e+00
1.118594146672391432e+01
2.450549750052555353e+01
8.204981705760449273e+00
4.061715122782083576e+00
5.759219255942915616e+00
1.036244731518765150e+01
2.412456633239390413e+01
4.325710393826820166e+01
1.578442070623631288e+01
2.283406516003338993e+00
3.441507204643390594e+01
1.274735703007734422e+01
7.095194611436150822e-01
2.882857309483677355e+00
4.799101730847188385e+00
2.095292758656452747e+01
4.567742357950066179e+01
4.320092274963604950e+01
9.130753923986434373e+00
1.837408864953604848e+01
5.567183373483053366e+00
4.352123844485911164e+00
9.300049115896769081e+00
1.310313087262116127e+01
2.206421182320406160e+01
5.147274151965819300e+01
3.019248201215784988e+01
4.289723721020322067e+00
3.432924195228159903e+01
5.618840562629357294e+01
2.838617311374513719e+01
6.648574851604749369e+00
2.053020940695893159e+01
6.582307192778413807e+00
1.307455936979284772e+01
2.329661621607415078e+00
3.188038936865877915e+01
3.678046127500189755e+01
2.950633367459043477e+00
1.255947922269573525e+00
3.825646693941175869e+01
2.773841520457631660e+01
1.943797097416366526e+01
5.925582657014372145e+00
2.329488256553457859e+01
1.767862298231437279e+01
1.865958435021464190e+00
2.480101591393657401e+01
6.568050535271652279e+00
5.820150060734330388e+00
1.689016037512380919e+01
3.411859629081193113e+00
4.119633260579513845e+00
1.418598806382165378e+01
2.560936653318513123e+01
1.409676136278181779e+01
3.988930953143155023e+01
1.122950053343219068e+01
3.544072002715414982e+01
1.996953143786950235e+01
3.524419689927326971e+01
3.217165290219958962e+01
2.020775492384574434e+01
9.427624881856665695e+00
4.413649996020785693e+01
1.345346906784583574e+01
1.021165516869915280e+01
1.620131408549196905e+01
3.083378091759547601e+01
2.680561446654072810e+01
8.172889353541545887e-01
2.253665242256630563e+01
9.201889356201364834e+00
4.751702116666978171e+00
1.050466391397697485e+01
3.598539915842069092e+01
1.734359710700616830e+01
3.644318398635992828e+00
1.567075950811736007e+00
4.183963258577172439e+00
1.770922797540730542e+01
1.540811445686629533e+01
1.484875818137165737e+01
1.816352101486140569e+01
1.483325018554138097e+01
1.448860506321336672e+01
9.360515481270702765e+00
1.117798321006524631e+01
1.315487657942615485e+01
1.922307162157033034e+01
1.935922061400363603e+00
2.324006799042721383e+01
6.926751765074767775e+01
4.992147677836622499e+00
4.406403754366294834e+00
1.417730546432227712e+01
6.330156257502883577e+00
1.228990536384122478e+01
1.335223546883113066e+01
7.709980802617089068e-01
1.807059842901947988e+01
1.015726010501494159e+01
3.003247954649568285e+01
3.249759780176797364e+01
1.813621376433172117e+01
1.544300220238836729e+01
1.048352902152449673e+01
1.463523612608741331e+01
1.120564755239283983e+01
3.496155068393802878e+01
1.943671567699922775e+00
1.479354685006128989e+01
5.167486117491737474e+00
9.951504067613914373e+00
2.668402637689537471e+01
1.296483755423738415e+01
1.253869578653543648e+01
2.583364700628698607e+00
1.392626110532257933e+01
1.317353715246716206e+01
1.242266894922894238e+01
1.437544924279865555e+01
3.066424393528521719e+01
1.861126156943804233e+01
8.662760617831445131e+00
3.004789980969502139e+01
2.791014757165144466e+00
2.250334439954182386e+01
2.195650096582602018e+01
2.918377939937244392e+01
1.992637975474631418e+01
8.660511695973260871e+00
1.124861797723863965e+01
1.287987557535097416e+01
6.071195699981046801e+00
3.200218228104201046e+01
2.276267633689377234e+01
5.336447538237143462e+00
1.321331838847872220e+01
3.053792433112356619e+01
2.621055055921417321e+01
2.386142085296039284e+01
4.785572770418789190e+01
2.429576018989632047e-01
1.474872278380867741e+01
6.920819466552763366e+00
4.757965670320385421e+00
2.202788956346235594e+01
6.578919969632623577e+01
2.414064277626515320e+01
1.336656210618036766e+01
4.116447023829950069e+01
1.526654967685669995e+00
6.762605417349520920e+00
1.247797436293307527e+01
1.051744784964681045e+01
5.282390517598045676e+00
6.921207778466387239e-01
4.920591726615685957e+01
8.827092409991688982e+00
2.324744608038398042e+01
5.497624111174548034e+01
3.580115696618646481e-01
3.383726327074465701e+01
4.230276754076633949e+01
4.915538081929127223e+00
2.965305442203436570e+01
1.090041274241782077e+01
3.368823523084118676e+01
8.788466541817307132e+00
4.896325743671581421e+01
2.787755161752958344e+01
1.264874415442640654e+01
4.238804486134561955e+00
8.183175196739277624e+00
3.489939773723582661e+00
5.203934411656674364e+00
6.701496655761585153e+00
2.895756130820237217e+01
2.064084952978162590e+01
1.620417558143305570e+01
1.486478236064514569e+01
3.588460549808547739e+01
1.373341274772343823e+01
2.914252850300880127e+01
3.097202239590080097e+01
5.655253505003299352e+01
4.571663506712897629e+01
5.194935748575324475e+00
8.631435877823889768e-01
1.346575921804959997e+01
2.986524793174449854e+01
2.172910953562412573e+01
1.060893761424108739e+01
2.791892060563405664e+00
6.210158665406861900e+00
5.839909460713110789e-01
2.722309297266389905e+01
4.173197459074562232e+01
1.710639672393987709e+01
7.103644510460527250e+00
2.471199779750765657e+01
3.733207282686890061e+00
1.381866409402088181e+01
6.332558610318339554e+00
9.736521657990770962e+00
4.411281679460699223e+01
2.109056364549100238e+01
3.048312855734403115e+01
3.089719103595456318e+01
9.721812123632878055e+00
1.223065192892824982e+01
7.897971519342572577e+00
3.073118646607975180e+00
1.490482245918567372e+01
1.554509566174222535e+01
2.297086212622700963e+00
2.272412021705216745e+01
3.194888157197139833e+01
1.524203359022302529e+01
6.024115614614022896e+00
8.639588464208870278e+00
1.119943162958070282e+01
9.258447384575930528e+00
5.702760798329098435e+00
3.379414915684475318e+01
2.232831753301511668e+01
7.686724308741732514e+00
3.201155145154477566e+01
2.247619643237241860e+01
1.207914998925696537e+01
1.553113117281945676e+01
2.950137246026107718e+00
3.661609110707930625e+01
1.798350989554886681e+01
3.099996986247244379e+01
4.512451822638141863e+01
1.439509246100012518e+01
1.529931988048693903e+01
1.300870096508033313e+01
4.092026971023254589e+01
3.747576069150826328e+01
2.050424499135616685e+01
3.853045137920396712e-01
1.010595381353540745e+01
1.124265142060831835e+01
6.670474566323969512e+00
2.560900141804345509e+01
1.127546898570719236e+01
4.071651205141036201e+01
1.015915559733271323e+01
1.175106382827229012e+01
3.582185439015117545e+00
1.502282081077455089e+01
2.364062328092786203e+01
7.279098593366395420e+00
2.028936965236161072e+01
3.275072280764845800e+00
8.453344817459518268e-01
1.506412920227651142e+01
2.042377957434560187e+01
1.203209686575867821e+01
1.797358694949446800e+01
1.237127124312986659e+01
1.659101491963244257e+01
8.519113361140973950e+00
1.113612636713057213e+01
3.982373100537317612e+01
1.562785987368253693e+01
2.087381228962370727e+01
1.277252380753579608e+01
1.293665265350507632e+01
5.914379647079892521e+01
1.133477647201197591e+01
1.981400173215175187e+01
7.129755285383287955e+00
8.093011501553061038e+00
2.393206708499584323e+01
2.450251807957592831e+01
1.486427567170101049e+00
2.485995425119169511e+01
1.374622693767657466e+01
2.725104800482947098e+01
1.973269628102414330e+01
1.101078930776333564e+01
1.476808608376545351e+01
1.076312788168543122e+01
1.216992756623114147e+01
2.770172934360937234e+01
8.578070826943839933e+00
9.065827195659403870e+00
6.104194695206954790e+00
4.162935990882754567e+01
7.010085023046896957e+00
4.601037587743550539e+00
1.940690728824323585e+01
1.108082956784905981e+01
6.441656420535090888e+01
1.247572177524003401e+01
2.175886169955643012e+01
9.960323533419913389e+00
1.485943953715096555e+01
7.458113488124196166e+00
1.881751651872132314e+01
1.259669752149294908e+01
2.550930396734352001e+01
8.467887186401901189e-01
1.139935189422236483e+00
4.418696497009211299e+00
5.062268856133889017e+01
2.918822336043513843e+01
1.679797685841366572e+00
2.939595932078520235e+01
1.132602700849894006e+01
1.344246345573829515e+01
5.174195439328177493e+00
9.439894603193167200e+00
2.874242162797990829e+01
8.365868516144292499e+00
2.359683425428771386e+01
7.541108156643105964e+00
4.058283939100526538e+01
7.319739759579557692e+00
1.312552651833576078e+01
6.170350539883540364e+01
2.871272545118896957e+01
2.838826027377938743e+01
3.269621285613777673e+01
2.800141503322750580e+00
3.134918823142274391e+01
1.614114278173761718e+01
1.506799985236617623e+01
1.355118650925191126e+01
3.102811019587092822e+00
2.752900367573285578e+01
2.165091451843803583e+01
6.177701843748995003e+00
2.637083769715564685e+01
4.936513649909102242e-01
7.052314863949415980e+00
1.603822096911888906e+01
3.663666896782735449e+01
1.770494105021502840e+00
1.298833247469788432e+01
2.322648671432692069e+01
5.038392758920373637e+00
4.203178713771427510e+01
5.505813298404715894e+00
2.103602584204333681e+01
2.952377647498083491e+01
1.657070966269369450e+01
5.269230811671632431e+00
7.589500519511793719e+00
1.271917895394070186e+01
5.298112238723340361e+00
2.205691458639979885e+01
9.654670271880272381e+00
1.463307935442836794e+01
1.314331718873684807e+01
2.464340774522000288e+01
1.131575709892973514e+00
7.268395754115530849e+00
3.167313577011721115e+00
9.836650786461010654e+00
4.865852410067872391e+00
1.719564877236001621e+01
2.965324620179510262e+00
3.802037493186083417e+00
1.017618461684144293e+01
2.191411328584913498e+00
9.965399427550703848e+00
4.060215765170494251e+01
3.819743809146635982e+01
2.135614931272622385e+01
1.140892824393247018e+01
1.024034228881709474e+01
2.532944344124054936e+01
2.203073769055929887e-01
1.067261302045086069e+01
1.091988505340624194e+01
1.241819215343986649e+01
3.857249026056608443e+01
7.576491412981001261e+00
6.795079216211363793e+00
1.545520146379619675e+01
3.181203659732290134e+01
5.233971107248181198e+01
1.830291560559904696e+01
4.957006698901855657e+01
9.230229847428827128e+00
1.544732646766244777e+01
1.073944161268458686e+01
2.611865586240447357e+01
8.117055407695140445e+00
3.205802758604103531e+01
2.389050760921440641e-01
3.048974129220782814e+01
2.960395261783954624e+01
2.952627085741110591e+01
4.485311851787110271e+01
3.585313639740472524e+01
3.004910256043991090e+00
4.118733320548462196e+00
1.191041673286463620e+01
1.920829953531089274e+01
2.342917968830937525e+01
7.838721033129547600e+00
1.137059374893034658e+01
2.327864112502409100e+01
3.204944287112487800e+00
5.033962327905983081e+00
7.017662497720511539e+00
3.166744232476859011e+01
4.100652946826810563e+01
3.566045122683436830e+01
6.516801117002701815e+00
1.167949482349161983e+01
4.596891740224040568e+00
2.607417389813049269e+01
1.786319695851135236e+01
1.062298636752301206e+01
3.094486506733595732e+01
3.707186245226090904e+01
1.560596644831724333e+01
6.259171618731851083e+01
5.782662314433362205e+00
4.260867291319936356e+01
2.358090692120451415e+00
1.194581618740187068e+01
4.880549235163123001e+01
4.333216993581723386e+01
2.305572987285176012e+01
1.359513112255683609e+00
1.467147794579492981e+01
3.699364578072494680e+01
3.160650260498720598e+01
5.354339344867176109e+00
1.619663306412932968e+01
6.076594744274244064e-01
4.662404546059628530e+01
1.072977614130499191e+00
1.878103834227362512e+01
1.254410038267794647e+01
3.855728991994111965e+01
1.427451497889531495e+01
1.078074510441995315e+01
1.441951171076727434e+01
3.897932295297557026e+00
1.962565085838041767e+01
2.992022809311201215e+01
7.679202211970492797e+00
1.390440943909842986e+01
6.643762084779791799e+00
3.826704203003239435e+00
2.252146289685630265e+01
1.541615112232852525e+01
2.380991236687546220e+01
2.290634760574206297e+01
6.223069400402292395e+00
4.981837004362388299e+00
1.848206623590053965e+01
1.172564928409880380e+01
3.772456680412039631e-01
2.066519922903964357e+01
2.414582526180108957e+01
1.587334910771676100e+01
5.686269774669239219e+00
1.625385955451708142e+01
4.547398580708783555e+01
1.368404839665759987e+01
6.272734662179324516e+01
5.138283696068723927e+00
3.883259318377530178e+01
4.121779834479533378e+01
2.164867296528516505e+01
2.768687698886840209e+01
2.606234919045891019e+01
2.732363502756074425e+00
2.347303572779069114e+01
1.312892318841563011e+01
6.819519928978889922e+00
1.310222765726221184e+01
1.451341614434698002e+01
3.930525443582843792e+01
3.086975326319740809e+00
2.754135647275624166e+01
2.399822067479040300e+01
1.900170870744455343e+00
1.180951844875055556e+01
2.238822869088608059e+01
2.121918639040276844e+01
1.361979921413758454e+01
1.263617882600265219e+01
1.012739602917944737e+01
2.155391303016240911e+01
2.761981584321437921e+01
1.110437882901704754e+01
3.945151916364730482e+01
2.020789604360384573e+01
3.036189956938106782e+00
1.859310911473410854e+01
1.221143631853283118e+01
5.208998251928642276e+01
2.941441844174297415e+01
1.491477499398741102e+01
3.519408811469859444e+01
2.731857495141010261e+01
7.469706155569011230e+01
1.149413374078955741e+01
6.554259821039076783e+00
1.935638554999652428e+01
8.347692074353375347e+00
3.926917644370031546e+00
1.162585647485625628e+01
1.577907695515490261e+01
4.224020444346998460e+01
5.762842848634264215e+00
1.197954348951513204e+01
8.594467659078230071e+00
2.094128288730390253e+01
3.618393211369852480e+01
1.103533700209724522e+01
1.793104492170738240e+01
1.321818903007399015e+01
1.336240292318635525e+01
3.399206269349197562e+00
1.379709677858043193e+01
2.008275954936444663e+01
2.020627093142291031e+01
6.199090102730897556e-01
5.145418062080098309e+01
2.734108344211161423e+01
3.244531377473103362e+01
3.230131163930239069e+01
1.666368105813298328e+01
2.200132574733826374e+01
1.013657001005530134e+00
4.067614806407870987e+01
3.325466791256814503e+01
1.664653508405233850e+01
2.125403868073505365e+01
9.574019668364686098e+00
1.148933395112272748e+01
1.264428619958979283e+01
2.376735170248600681e+01
4.118595535758995396e+00
1.136755268546829711e+01
2.261799399690012180e+01
2.670030440476645062e+00
1.450468260695703115e+01
2.041373420796055527e+01
1.061007834337546285e+01
4.001000652049535233e+01
2.928978383034586130e+01
9.234002228056814587e+00
8.386142328641877697e+00
3.375913809114028652e+01
3.977315555817029491e+01
1.651471875811372314e+01
1.194623582937759387e+00
2.403590496230678752e+01
6.827098428409117403e+00
2.318600665458303567e+01
2.617215167600805970e+01
1.078909055342791490e+01
1.360499166964201834e+01
2.219977943108109031e+01
1.329844920591805035e+01
1.345469707085544897e+01
7.845363793079984660e+00
8.509042791733367750e+00
2.320468283145549293e+01
1.533592730089128331e+01
3.849758801734359537e+01
2.437024683530131242e+00
9.147417695127057158e+00
5.664898614081259609e+00
5.652652740722241553e+00
8.646685949686983008e+00
3.461205127067123755e+01
1.471476723986830848e+01
2.307018537023886040e+01
1.218731618545909612e+01
3.130475175835201185e+01
1.872475254215510887e+01
1.349316792970112289e+01
6.933018448118666299e+00
5.795818259754948087e+01
4.462849802333934690e+01
4.539930646068113163e+01
2.292428385142264347e+01
1.906268817211898003e+00
3.756664137688525784e+01
2.291338883864280263e+01
2.737805384999658642e+01
1.955162117815090284e+01
1.246749359833554394e+01
1.705147090639147578e+01
1.739436984946274301e+00
3.953925108661604781e+01
1.618176655601577352e+01
1.223154971405904234e+01
6.390034217748530310e+00
6.211026202710412392e+00
3.964262385747208128e-01
1.799185578563322707e+01
1.074566904733620376e+01
1.953391357600253642e+01
6.995416883855076762e+00
4.408049044644091197e+00
1.414111378817306530e+00
7.449017895408638346e+00
4.132387879097287708e+01
5.852854772478655043e+00
2.560482526272700454e+01
1.291415707213727870e+01
2.184541421775332282e+01
3.199288241611208861e+01
1.727806208616855344e+01
1.245200671616331078e+01
4.704395740294797790e-01
3.403824655706510782e+01
1.531825271548714618e+00
3.135171660264335358e+01
1.465990407143802443e+01
1.373969367144733944e+00
6.211262281719054101e+01
1.827325584673689107e+00
1.240202101882703545e+01
6.044144990982802312e+01
6.344741667278608332e+00
1.634852957901689052e+01
2.635515389372167050e+01
2.957760628519534407e+01
3.109796368387485188e+00
8.964153797685003866e+00
8.429344676086358845e-01
9.684660767570353102e+00
7.835624562791188019e+00
6.378921402404702512e+00
2.503239526503042711e+01
2.560073496296011442e+01
3.138481454548636052e+01
7.654998497860776574e+00
5.241150175943620759e+00
3.657840927519850993e+01
1.298697060515796586e+01
4.872612085713212693e+00
4.119105201647255399e+01
1.638041521978672677e+01
2.336214904231526113e+00
3.672093870962689266e+01
3.226862180791367507e+01
3.375296619809397924e+01
4.930434509900727136e+01
2.307868490377040871e+01
2.580613851703672523e+01
3.064958987791599299e+01
1.610394997918640314e+01
2.230617871308893285e+01
5.605490342986407803e+00
2.962024444560507064e+00
1.277072232157250298e+01
2.290984734374679022e+01
7.001490328557081000e+01
4.587548113963612906e+01
1.330357343027865902e+01
3.293758333873464395e+00
1.226951872021919598e+01
4.062451289703206214e+01
1.616095008889040230e+00
1.984463087944154935e+01
1.158054138637842811e+01
1.166477748766647693e+01
5.015061466714065830e+01
5.193265325679485755e+01
2.784639863020255035e+01
2.361643237462085665e+01
3.731815397855309158e+01
1.615281430845716315e+01
1.228514943150915784e+01
2.343187580763494893e+01
1.062721698457202990e+01
1.201728680938929372e+00
8.465104420995018586e+00
2.203757413731477399e+01
2.458142262250939680e+00
1.702812267941977709e+01
2.330473575388381136e+01
1.216684012059865339e+01
7.340348225630566326e+00
1.347400365198758720e+01
8.989979387279078082e+00
1.441437808723999936e+01
1.131453095306644840e+01
1.560529532226251348e+01
1.211890805981330388e+01
5.705693723289106956e+00
6.363874108861833179e+01
3.453288917881324949e+01
2.133788787547363697e+01
4.784676805007159750e+00
9.838979413338444502e+00
1.760466756469048022e+01
1.135028501651758148e+01
2.181511317688455875e+01
9.510624483437645438e+00
4.080377546689351220e+01
2.645937895564332010e+00
2.989828547261286218e+01
2.682069518861240809e+01
3.708285403054001250e+01
9.708841959681468126e+00
6.409387141235733942e+00
3.496147469285726572e+01
1.943935304369737338e+01
8.632399414046364683e+00
2.041333023579450412e+01
1.339952371416475074e+01
1.822831203918218179e+01
2.102444060765107281e+01
1.195342365271934071e+01
1.272273962761083510e+00
1.411532836715922912e+01
2.589987298624252077e+01
1.710052199475498114e+01
5.873403391656806605e+01
4.013772675072635465e+00
3.083210902318511870e+01
2.460433302862752214e+01
7.626614511792251250e+00
2.045573285532320540e+01
1.574467325597395018e+01
1.908008941214034593e+01
4.296066390703268212e+01
4.433798960519941090e+01
2.144609641974493108e+00
1.567832243460520658e+01
2.237351833303313953e+01
5.466372431147193112e+01
5.159040097208345088e+01
1.342937598127647014e+01
1.108595808686141382e+01
1.972337235848020498e+01
2.817645400842838654e+00
5.795899291583084256e+00
7.318165506764673367e+00
1.814886130780912765e+01
1.842672642481257839e+01
3.115572756141271604e+00
1.352571834949500840e+01
9.227658940770599116e+00
2.307821369369722575e+01
1.325028433257968707e+01
2.567762384116356600e+01
4.820537434290672252e+01
9.362361225360160688e+00
7.505222554259338708e-01
8.325287621411604277e+00
1.850340887024359660e+01
5.814592318612143984e+00
1.950615037828451470e+00
1.472677412408018860e+01
3.721795288408324964e-01
1.916347078427749295e+01
3.138047282131961424e+01
3.519069558314935620e+00
5.180750083040863707e+00
3.170836180303804497e+01
9.086390279530176528e-01
1.087766547074597767e+01
1.020904049265791613e+01
3.801394312069883341e+01
1.919127421042066217e+01
1.359699340910780485e+01
4.416427351746077079e+01
4.304667787158955861e+01
1.348617981140509769e+01
2.337331844169143835e+01
9.714860800255852524e+00
6.852106487124087764e-01
4.799141437088039197e+00
3.342654801780220453e+01
1.204671709012195002e+01
3.413666839396001507e+01
2.028551998776373466e+01
2.255343518398367308e+01
4.712232562579021788e+00
2.683818623601530362e+01
1.390286637321280772e+01
3.310411728115625607e+01
1.711017442139339906e+01
1.266822127699940381e+01
1.270105975654223229e+01
1.052209650235291782e+01
3.182938268265100845e+00
3.725290202568965015e+01
1.746459687087531520e-01
4.909269617997980006e+00
7.028189235165349658e-01
3.829316598113485526e+01
1.270669400916546365e+01
2.233458557120782118e+01
2.045621319965263041e+01
1.552559057321456493e+01
2.369802421095523748e+00
2.118193162506953797e+01
4.383877601734442919e+01
2.358928031578466644e+01
1.858027740673195893e+01
2.380595973406185450e+01
1.884750916066624171e+01
8.759155116570882527e+00
9.458467680358628726e+00
2.057547600546583055e+01
1.158738355686050880e+01
9.862786627106046922e+00
2.611592577851062913e+01
1.779588231676343213e+01
1.453678271457692261e+01
3.481341702552009565e+01
3.902465896808759993e+00
1.704930451473119035e+01
2.493956726203050422e+01
1.965986741770220192e+01
6.668710277008438325e+00
3.066092401498343634e+01
3.129387374238745778e+01
2.858490115936618281e+01
7.436895118596575927e+00
5.183931955794063384e+01
1.347755112983783832e+01
6.809869975961969146e+01
5.133059335606859719e+01
9.515424599652376969e+00
2.596752192962159711e+01
1.786819940050154898e+01
2.133274021192643843e+01
3.973559503969270601e+00
3.910915375913259773e+00
9.209999076975506682e+00
5.676822386438007584e+01
1.012870885145455979e+01
3.629723216292735088e+00
6.762879085254414058e+00
2.670341628407191337e+01
1.565942135656495182e+01
9.308578876976447702e-01
1.574174357356739051e+01
5.399292875154171334e+00
3.239465220456195027e+01
2.366442554499914586e+00
2.654334175379358030e+01
1.224702395842414049e+01
2.238685698169862093e+01
1.727435133292532043e+01
2.754101565873401469e+01
3.528036023415670464e+00
3.777895549583865176e+01
1.183185342939974127e+01
6.330586055766529441e+00
2.431298311240082199e+01
3.466477350254304213e+01
3.658226280181975376e+00
1.729257119057092495e+01
2.511044839263543338e+01
4.727300316406890524e+00
2.371548804650913667e+01
3.279076952855775318e+01
1.852305964108136394e+01
2.523976624162804683e+01
1.246982561916465393e+00
3.352679575387118405e+01
1.130463816926219422e+01
2.346876679485199091e+01
2.556208190283504322e+01
3.059890476341831089e+01
7.962154948424338130e-01
5.568984304657131901e+00
4.713307168863201113e+00
2.977357384600121293e+01
1.249594301411760533e+01
5.080519268791794474e+01
5.013377850868749874e-01
2.801409946939714501e+01
2.719715492712460048e+01
1.411217892133875829e+01
1.137697085225908289e+01
6.386353013132506362e+00
5.664857296326930580e-01
2.344999273371561799e+01
1.100305411311241954e+01
1.443028346955321695e+01
7.351239208297943861e+00
1.384742388628901111e+01
8.714590077148587355e+00
9.426453186195837830e+00
2.912227652203491601e+01
1.904381419183054192e+01
7.540815587270044418e+00
1.383626645685531642e+01
1.756660530977061185e+01
2.856328453176171323e+01
2.869971592207143374e+01
1.383924335347630574e+01
5.202962724977333409e+01
5.021187973636154211e-01
3.500982591598877747e+01
1.751439992087044928e+00
1.330002309034383856e+01
1.208700451653110797e+01
2.076780492573593406e+01
1.665592823419659396e+01
1.183379101513670761e-01
1.726643019606521889e+01
1.003350387409618349e+00
6.483943859726948311e+00
2.738023455489679847e+00
1.449941842471280751e+01
3.265077194750987388e+01
1.187535738684763942e+01
1.063398132626069881e+01
1.273878485833856899e+01
2.926897118536530940e+01
8.022196469546161168e+00
2.077345002851483002e+01
1.736834901880701665e+01
1.271626011897586395e+01
1.512184252935700002e+01
2.462692810914624175e+01
5.097917310854849227e+00
2.357958040739238648e+00
2.678114595150582389e+01
1.755504152588516220e-01
2.445181318701039430e+01
5.201564841283867757e+00
1.264332624349129297e+01
3.494531278354840254e+01
5.678456277950050257e+00
6.127810157682134218e+01
1.679731103747628040e+01
2.576751040945302051e+01
4.604962085654074144e+01
1.613416729131400729e+01
3.786386188594548230e+01
2.107632717827434554e+00
3.103385627335741859e+01
2.259621565674763133e+01
8.177919266451617375e+00
2.591468999358303904e+01
3.781437657821684617e+00
2.793254996568239612e+00
6.907056200223693487e+00
9.990120898169752905e+00
1.228740671232453252e+01
1.219673444221713865e+01
8.717535085253413030e+00
5.010014634612258710e+00
1.918352948859780582e-01
1.328389493364778851e+01
3.226046449601837907e+01
6.755406001443753361e+00
3.722295695720212194e+01
1.522679009188665589e+01
1.393542664470792758e+01
1.704167540508527878e+01
3.570397771117472985e+01
1.468647772862963308e+01
1.226785649083794638e+01
4.486784716463265710e+01
2.231099187880691659e+01
1.925620822341622684e+01
1.417647360219509522e+01
2.535174150462193765e+01
1.447645823235166418e+01
1.399126429936559113e+00
2.281850599844958793e+01
1.871145876461110902e+01
4.764629697160693667e+01
4.724713106967204368e-01
1.741835962112958569e+01
3.442551083671863132e+00
1.468890458288718648e+01
3.235106557068689881e+01
1.134803549740270867e+01
2.345872651003910647e+01
4.010909388684757992e+00
1.242486239683293547e+01
1.057567232380851507e+01
1.820476360281397632e+01
1.541001218085091828e+00
9.755001389688766622e+00
3.606321984058258323e+01
2.573847240712689910e+01
1.915255146309780088e+01
9.302671458897403767e+00
1.045615221611673107e+01
9.668359250942447858e+00
3.207062329632748288e+01
2.354251199924328830e+01
1.250297262358401795e+01
5.720075880970010296e+00
3.242970812404766257e+00
7.932061269496415434e+00
1.500006884672777652e+00
3.223072456574438149e+01
2.163222559379363119e+01
1.205549003023831389e-01
1.050884854147249214e+01
4.515194201506567140e+01
5.916140149376913904e+00
2.526059130902635985e+01
3.591553922753298878e+01
1.429240560685407502e+01
2.761380428666071651e+01
4.174687355574691061e+00
1.198440537782952120e+00
9.598298513347035765e+00
1.572218271980030480e+01
1.953017748608654358e+01
1.717028353075911085e+01
2.175074196415827110e+00
1.233787396136854042e+01
8.856399555969506565e+00
1.336983550515757813e+01
2.506797847270592072e+01
6.783686222754048423e+00
9.345500859466282506e+00
4.760690071236783893e+01
2.666370252098493410e+01
9.116074684534790862e+00
2.427052730703760375e+01
1.639739083454239221e+01
2.952102918432164458e+01
1.992216364232357506e+01
2.843430148735404117e+01
2.414172837976657959e+01
8.086191841812917502e-01
1.174480877214134722e+01
2.453634612054067432e+01
8.931155515185351135e+01
4.539120277468056130e+00
1.625333303224096682e+01
1.073134111704976412e+01
7.206595449395392095e+00
3.684247316043665066e+00
4.404817252362658309e+01
2.591681356039765660e+01
3.221510724883480492e+01
1.797274712676677666e+01
1.319505224926897924e+01
4.823485449675091274e+01
3.661833442890938528e+01
1.417185313776680999e+01
3.741536615882612438e+00
2.940954262623063187e+01
3.284690317215677169e-01
2.932746960148890736e+01
3.750960650051338519e+01
9.154310942601885159e+00
1.670446993464203089e+01
6.146893162839228708e+00
2.058504952731010462e+01
1.497878595039547989e+01
1.054969061780464124e+01
1.671320894859651318e+01
4.370694465558599973e+00
1.880714165167740504e+01
2.517909926328598758e+01
6.481116004859188706e+01
2.345262491202437616e+01
2.146805842738130821e+01
5.732809328689381090e+01
5.649870861400896338e+00
1.414210777129099128e+01
9.016589936194918664e+00
5.287844714576883653e+00
1.172288036819901791e+01
3.641820134473283588e+01
2.064235940251624157e+01
4.191788914303118219e+01
4.915888183191485439e+01
5.340850525555884687e-01
4.926561797439221380e+01
7.882482057102624395e+00
6.554388594792848188e+00
1.071104493055963225e+01
9.001237059428346399e+00
7.821289372602513446e+00
1.444807518140578395e+01
3.440130833330867688e+01
2.222320330812321743e+01
1.613716373864903986e+01
1.353389410539307391e+00
2.764267364069428190e+00
2.229046051361316216e+01
2.442302418532571551e+01
3.028813716711942305e+01
9.317532918757587268e+00
1.166463082337243407e+01
1.624449894767465707e+01
1.667781382854960270e+01
1.917209551902854159e+01
5.327160192959201623e+00
2.119387100485270281e+01
2.203632699804258976e+01
6.744405084143090257e+00
1.586586408182677488e+01
3.097823269358834608e+01
2.707490083777885914e+01
2.793306587178445710e+01
7.684890520342380071e+00
2.175555938072415429e+01
4.379096299552576177e+00
1.559313232945325112e+01
3.492437791533675551e+01
9.443917638347731014e+00
1.163013693476522192e+01
1.622760613103968552e+01
1.656299932805005426e+01
6.927509782962082419e+00
1.493704487212499288e+01
3.757826728988833409e+00
2.073355483773142538e+01
1.422422436307246940e+01
4.728236190620316393e+01
9.435366470212368739e+00
3.335865307344199060e+00
1.369946643056385582e+01
1.709967338583417984e+01
3.263937863333809730e+01
1.183148148755075368e+01
3.658303888482650201e+00
2.945911953533220107e+00
1.921620562774140240e+01
1.201500202816507823e+01
2.767081048555486333e+01
1.465834726169013003e+01
2.364865166755181036e+01
6.056957500937376615e+00
1.446149680502384349e+01
2.334252558577087910e+01
1.042332312876848022e+01
1.725997019157832213e+01
1.917090672508137317e+01
1.371196795553064618e+01
1.812453869001018347e+01
2.578325962410543681e+01
6.294682125416173335e-01
1.486740578336187468e+01
2.431768096115605005e+01
8.108805019246823065e+00
3.859615962683471402e+00
7.445123372412543183e+00
3.639168323554042850e+00
1.451553647364267619e+01
7.744807917227869432e+00
2.099092372358935066e+01
1.900967528028707676e+01
9.818289666309931718e+00
5.074876390848470642e+00
1.562949186243334232e+00
2.624867681318188062e+01
2.628049070651650254e+01
6.539505079433238777e+00
1.349867800505943904e+00
2.537123320929968173e+01
1.834195878947064529e+01
1.026065345995696987e+00
1.892186335039003353e+01
1.247775425855301989e+00
7.369586969416364042e+00
1.739267829800217413e+01
2.103138436282691970e+01
2.691738930622622661e+01
3.584830819693096515e+01
1.778125306378253256e+01
8.585022287463495161e+00
9.626676248244425693e+00
8.556026925437109298e+00
9.177759780659489053e+00
7.092956411868578392e+00
1.729439155145540141e+01
3.003043265522153860e+01
8.344983149495943664e+00
4.367049405977685694e+01
1.756932157168722597e+01
8.625995283442765782e+00
1.240030797135360885e+01
6.234541169101825986e+00
2.590685955298322085e+01
8.695815057833232942e+00
4.504408879162147272e+00
6.654825805566200181e+00
3.228283385090935553e+01
2.844985951748202346e+00
3.386976459695545394e+00
1.559286038825580256e+01
9.973926460553617090e-01
2.316824234578740516e+01
3.330898276682758841e+00
2.525050423225905405e+01
2.228104988992141244e+01
2.977303411918741460e+01
1.893735852901912153e+01
2.199149578308545827e+01
2.902442819467832003e+00
2.213404746458447292e+01
9.200957743640492126e+00
2.915852364140159025e+00
7.902112476018130494e-01
4.863330310587809890e+01
1.720062092632590378e+01
2.821125696113757542e+01
2.893180263790340234e+01
3.934384349335762465e+01
1.711279053810677198e+01
1.631120990796608439e+01
1.502185767875696598e+01
2.100134137862563932e+01
1.078065488071222688e+01
1.979919167559418725e+01
1.013112401387072836e+01
2.286618960483466267e+01
2.702942651873596702e+01
2.353257146185339010e+01
2.160941444807651379e+01
1.457973913587395920e+01
6.434694451011413463e+00
9.601415580157258489e+00
3.049146955008552595e+01
3.282109253956877382e+01
2.443072978223248626e+01
1.524539358794052646e+01
2.126076398622833707e+00
2.207014672693707880e+01
1.418728397426105658e+01
2.434290552879758707e+01
1.805748665795414709e+00
2.510297710298503659e+01
3.037965686933807774e+01
3.589439049288223060e+01
6.015976128971867176e+00
2.044462774791389137e+01
7.045381549245166752e+01
2.546689485323105906e+00
3.615724445214296701e+00
6.234877833619312248e+00
6.937449163245857164e+01
5.639727051643950162e+00
7.911474228381454310e-01
3.065631909852806203e+01
1.347995071977425852e+01
5.009739496300791295e+00
3.564627967801681052e+01
2.108711688965869513e+01
6.944032484259121674e+00
9.401924071215317369e+00
2.182426393034886303e+01
6.141035365130331769e+00
1.446160587649902851e+01
1.815020233821584839e+01
7.276221129971727208e+00
2.641062392603454967e+01
1.386193565194160371e+01
2.243836327170956046e+00
4.580100315938629052e+01
1.069821865590447985e+01
8.887439120791484015e+00
5.284383443813878145e+00
2.158583875863062573e+01
2.786392265286441372e+01
1.387645906598122814e+01
1.127236806318365758e+01
4.815601740541519682e+00
1.122586064584396581e+01
9.230165686491375254e+00
2.044870976143165109e+01
2.480447693065623938e+01
8.827030490024533549e+00
1.260646784149788147e+01
4.016158518601065452e+01
2.331313574168369840e+01
2.928918127674096183e+01
8.027899062067467284e-01
2.332128900683128059e+00
1.168073279538295317e+01
2.763595240455707369e+01
2.164182000073000722e+01
5.430759396687567886e+01
1.897396348318591919e+01
5.331724032706941330e+01
7.187441662954041632e+00
3.472676269722308007e+01
9.284637001793827338e+00
2.416129936427258151e+00
9.453679512970492027e+00
2.305217651740232299e+01
3.304839796859360135e-01
2.127345394890878083e+01
5.417888978697438240e+00
2.072769242775163079e+01
3.048935691385923263e+01
8.190988396353681367e+00
8.044335909451749700e+00
8.183242760814612993e+00
3.928049409748890497e+00
2.136912940860902310e+01
2.720278250628216199e+01
1.713598449179109906e+01
5.586825152269492278e-01
1.466134133421370578e+01
6.603373048558180969e-01
1.150551668730115296e+01
1.623300579034136959e+01
1.239149502998637686e+01
1.920683784784704784e+01
3.235587861699640300e-01
5.714141798345006862e+01
5.350758817553791147e+01
2.139413427607073004e+01
7.808067901883042339e+00
1.985223666939506160e+01
1.400133076390252995e+01
1.320173345298214507e+01
2.564841663637207247e+01
4.939141877414820669e+01
2.284442425083255301e+01
8.032889369450458616e+00
2.463669753061637024e+01
7.074003453352406545e+00
3.685708783228480456e+01
2.885390402755261263e+00
2.241589252763431972e+01
1.353665523992075848e+01
1.804866482349854095e+01
5.347565398667097902e+00
2.423777826753514830e+00
9.967259858013166607e+00
2.046944749329870916e-01
3.321640440743889400e+01
2.465026616368271029e+00
2.595876545959718840e+00
2.321896418350688407e+01
2.048995964107547252e+01
2.240468107229220962e+01
1.994478805655619524e+01
9.925821926697109276e+00
8.332671907202771067e+00
7.610903406668401772e+01
2.992873899741699262e+01
2.383606372409941088e+01
1.337142654980527645e+01
3.691767069602891382e+01
4.426016139571087393e+01
1.169497886643111606e+01
3.948878772257358172e+00
1.969521874470114753e+01
3.332653924023220782e+01
7.284699592258192524e-01
1.015845082039989933e+01
2.518428487833468310e+01
1.316466934861060167e+01
2.439052367245064801e+00
2.841538319025693937e+01
1.877643231421921399e+01
1.535974884792501527e+01
9.292491603747009776e+00
2.750168479031833613e+01
1.560125191491368213e+01
1.488834359918245198e+01
2.962926874431770585e+01
6.783415406379722512e+00
3.673129956431331067e+01
1.698565626970083287e+01
4.363945506682043174e+01
2.174272238566554805e+01
1.679761589292960622e+01
5.525715039594347644e+01
2.611746634505440667e+01
6.473014976121849173e+00
2.217144825891115190e+01
4.015057102461527805e+00
9.389892014035506662e+00
1.234597209893073533e+01
2.268066001103419183e+01
4.804939566565358255e+00
1.821761956716794373e+01
1.693722263810249018e+01
2.907261897714108301e+01
1.852544661208077770e+01
6.310002632637679199e+01
1.576435658341490686e+01
1.557857451247746106e+01
3.804787088282823504e+01
2.057435444846744588e+01
7.782633429436081052e+00
4.215154938630249859e+01
3.557719743134124535e+00
4.409847346788620115e+00
3.460892706271767594e+01
2.695352582935583996e+01
1.279449162142420882e+01
1.494439146650261563e+01
3.697290071542380474e+01
2.570719544624178354e+01
1.544867452438503008e+01
1.238020207192702671e+01
1.155298559993633845e+01
1.471092285773234565e+01
7.746854645289569241e+00
2.377369442110999387e+01
2.774032445335583574e+00
2.697808292159520249e+01
2.809751223485590366e+00
2.631160996605241920e+01
2.811159711780819492e+01
1.541322605688399960e+01
1.844298992744874965e+01
2.077381337650619031e+01
3.750655406909730516e+01
5.880278982238751340e-01
6.330496035622634743e+00
1.049848566326183530e+01
5.158218816802340179e+00
6.366659052618239834e+00
1.978020178869388523e+00
4.901370110052161522e+01
2.119022999854092149e+01
3.031214953946948043e+01
8.642549941130894808e+00
1.242387548353818261e+00
6.500456098418649908e+00
2.464495293096236139e+01
7.552361111633487667e+00
2.503047303637917409e+01
4.195766267133960525e+01
1.437917214188799697e+01
2.794358166399291221e+01
1.644000408058354878e+01
5.562334048078265702e+00
1.598526592319016260e+01
4.094670115304865732e+01
3.263220851403703193e+01
1.258953681289454174e+01
1.237025943319281041e+01
1.915320352579141883e+01
3.820416399644921057e+01
5.221903878384059894e+00
8.813543128764479206e+00
2.107777301418367699e+01
4.622142535799178553e+00
1.007801488377468857e+01
2.247957721304849699e+01
1.200114386258810484e+01
1.913016571647774278e+00
2.818260629031832565e+01
1.012251856677037765e+01
2.294874637908495174e+01
3.464641894381570353e+01
2.180123904101005650e+01
2.450212603529067223e+00
2.564199410658684997e+01
1.740235446168303213e+01
3.792861581557860262e+01
7.113015445491588373e+00
6.181870967459479616e+00
2.180716795322257440e+01
1.022612439298031717e+01
6.889848317234936736e+00
8.961854185305707432e+00
6.479665530165156895e+01
1.134519445338544230e+01
1.342261439190117756e+01
1.030907135397862717e+01
8.499675313350273598e+00
4.985955467370239980e+00
7.342632627704848147e+00
4.018668878290909419e+01
3.787626171691515964e+01
1.614216074755436736e+01
1.898255818300054187e+00
4.427429206035160547e+01
2.009972195286702146e+01
1.406334740867243305e+01
5.723690615584531294e+00
5.011802362361061824e+01
1.615501387703421798e+01
1.273338434198123537e+01
2.020847826007943127e+01
5.006372403478987110e+01
5.182753637333670227e+00
8.597179539769683743e+00
1.438992331437372130e+01
1.187407956108355123e+01
2.767287934307594099e+01
3.166793135825041361e+01
3.655819706216312248e+00
4.430401024495112239e+01
3.017511599899724928e+01
8.305491582548230056e+00
1.226337713931902051e+01
9.223205393335764057e+00
1.504780614446799092e+01
3.646270477338475757e+01
4.045135732978855003e+01
2.075596626381759435e+01
2.763333164925996144e+01
2.471892624810612205e+01
1.934735180867475179e+01
2.280947897290885962e+01
5.059780861475626779e+00
1.763783144157326888e+01
4.808275513288995384e+00
2.013229984807507478e+01
8.607090049828070022e-02
2.331711926838087123e+01
3.052406313965794027e+01
6.769086689805914325e+00
1.965235915047935933e-01
1.372834027431402149e+01
4.417370060930791986e+00
1.449793582593605912e+01
3.946629875563045786e-01
9.735365355807100940e+00
6.660388133359118612e+00
3.316535965019895826e+01
2.152748055401443139e+01
2.237962286716421545e+01
2.745512130315908195e+01
1.767326131899537955e+01
2.340824412446707115e+01
1.138405626595329068e+01
6.208311516870512747e+00
1.863596530794231398e+01
4.928064099264384268e+00
3.019458121996676425e+01
2.325758883036854741e+01
6.140279186703789804e-01
8.180847212725939954e+00
1.746014578398025208e+01
1.456878369755743030e+01
1.330147579407359260e+01
4.797723343674453744e+00
1.086361050567330366e+01
2.598739801213223544e+01
3.209113589362922170e+01
3.667297019064319485e+00
3.925681511191226036e+01
4.898923247929754154e+01
4.908772747503975609e+01
2.223936232212719943e+01
5.091041388869010831e+01
1.703615746966202948e+01
2.491956766850922378e+01
2.131116283656131571e+01
1.851496590999390790e+01
3.330379202647127101e+01
1.614554187152650400e+01
7.899800122823541493e+00
4.766354231002689623e+00
2.177501329869135915e+01
4.163484481315416019e+01
2.095347227416777258e+01
9.758781362701807183e+00
1.352242511775392231e+01
2.643897210120893604e+01
1.149090901672955667e+01
6.449823918799113542e+00
2.047119254155349566e+01
3.174721401888069749e+01
5.133231008249472538e+00
2.179541288777386754e+01
3.519341435702128251e+01
2.758375697862880571e+01
3.645580722175689736e+00
2.097849870064960598e+01
2.794372911717735164e+01
1.847625359102733711e+01
2.111963759751322911e+01
2.985445775607653474e+01
3.915780264463553095e+01
2.281168291093893430e+01
5.347146002083469085e+01
3.599049613620741894e+01
5.664075482177000254e+01
