2.427056984356303015e+00
1.063416985035387441e+01
7.530329511207872528e+00
7.574811492516263511e-01
3.812741321806940675e+01
1.087088692720758409e+01
5.365276845679963102e+00
2.822506826294619842e+01
3.943374554079447369e-01
9.688747327002555920e+00
4.196100208803749787e+00
1.039095020408958092e+01
2.035318460144043495e+00
1.217728250103472050e+02
2.477713228724411021e+00
8.267685947280600800e+00
4.951492627065326246e+01
2.150757304594558050e+01
3.714584020233846218e+01
3.680267931937099557e-01
3.197534302185645494e+00
4.556199778837395087e+01
1.094292928729394276e+01
1.168287381980459827e+01
6.508405456590339311e-01
1.776316976454315011e+01
2.125643028714194571e+01
8.355863792229870057e+01
3.592551839301703609e+01
1.021533184453853060e+01
4.292652686725557665e+00
3.375720076383734636e+01
4.775740349264636819e+01
1.784625060189798162e+01
5.558720297389334597e-01
1.811152724002222314e+01
1.730899666736786802e-01
1.863220059830241837e+01
1.719249507924919840e+01
2.717324130803153853e-02
1.178475900656933462e+01
6.250368344216473027e+00
2.464986288866081310e+01
1.103980689930355830e+01
1.049895177390206547e+00
1.604100965972524051e+01
4.571412006612465717e+01
1.239959330928621739e+01
2.658370190504677488e+00
1.324823079502272405e+00
3.285605018609770411e+01
2.048860233938771458e+01
5.276477342349761734e+00
2.563686902661647693e+01
7.711806191232209073e+01
1.708442620065667583e+01
1.407068646026871406e+01
1.596070617746726050e+01
2.724800536339597556e+01
5.199851630191751894e+00
2.048792066357669484e+01
3.796432432401579149e+01
6.059871460328763781e+00
2.016410133696024332e+01
1.981095144025544741e+01
5.324830378327870761e+01
2.993902118086305464e+01
2.882224143672453387e+00
4.902614720649815183e+00
3.916611916829929640e+01
2.089906277439600757e+01
6.322304619421402094e+00
5.317033305856976710e+01
1.933574867879593384e+01
9.796498561909631420e+00
1.215617869153838804e+01
6.069871821508652943e+01
1.357864115987382547e+01
2.263974235651339839e+01
1.508777312489333999e+00
4.046947480596396218e+01
9.608416465255831440e+01
5.063907601503716904e+01
6.972542964967279033e+01
2.519710071227186532e+01
1.834548961211412887e+01
5.717150593818949744e+00
1.486341683235915845e+01
8.507816367262582835e-01
2.845767598388816211e+01
2.022513707627336732e+00
1.239158286377204909e+01
2.466246627733763574e+01
5.209493025718207093e+01
2.006498503388396415e+01
3.529686569913039751e+00
1.093221061363932733e+01
2.410571090925423121e+01
1.023626961587828710e+01
4.090741960189150817e+00
1.524485668683998618e+01
4.260943425836416765e+01
1.265482147700836890e+01
1.754220246789646964e+01
3.174642268613829899e+01
5.157594370133607242e+01
5.343307307909769044e+00
5.462667940795034127e+01
2.269693664899160623e+01
2.308955883988572211e+01
8.860860923185512661e+00
1.412616909060180603e+01
2.643701357804303598e+01
2.587046100746214350e+01
2.605039694636227310e+00
2.645329593908049226e+00
2.278387477683613227e+01
8.291200773153562409e+01
2.528855268163858128e+01
2.141880101815861437e+01
6.570677527092505521e+00
1.322841409769397103e+01
1.671119537589822457e+00
7.042816454340005805e+01
2.422317954394574424e-01
1.809944884375412144e+01
2.786110770929408531e+01
2.402076026067655690e+01
8.967052031516520572e+01
5.629354039887027028e+01
3.396255068291555546e+01
1.119410710085900718e+01
2.223226170318211103e+01
1.210565382451376415e+01
7.816895120949693876e+01
1.452980702450053840e+01
1.046206675555737746e+02
3.189070776361262016e+00
8.361427279414607483e+01
2.613564138616290222e+01
3.657928876134212004e+01
7.787663833811696179e+01
2.951838082754983716e+00
1.347554419572021267e+01
1.973258430657748308e+00
1.016997858416415390e+01
6.106383504556863961e+00
1.626230225414568764e+01
7.821046667836668576e+00
1.633028443910357907e+01
1.233168004907655302e+01
1.507721980629233727e+01
1.167212780147547058e+01
1.814797909023950995e+00
2.741080070471188534e+01
1.372449637512709542e+00
4.026536165841810622e+00
1.611815691638641690e+00
1.572827967591006804e+01
1.019854950190888054e+01
6.581103399708784218e-01
1.380044376818537977e+01
4.589009578403626932e+01
4.028118443355228351e+01
1.182928002390737987e+01
5.782740194012537138e+00
6.090264180667544736e+01
5.039770795674535897e+00
9.372355983873795537e+00
4.183660810927664642e+01
3.812706084916294813e+00
1.674985961770159903e+01
2.116356951380155849e+01
2.456061754415724963e+01
4.483276600512214216e+00
5.974647041634084133e+01
1.124334657296889191e+02
1.269322252551951102e+01
8.043196625716184656e+00
4.053539496423542943e+01
9.322422451290864887e-01
6.503450848481373114e+00
1.145191160433514632e+01
2.186815875456092328e+01
3.728393047968598939e-01
1.722729568897299046e+01
2.019221338583959913e+00
1.529283792055669622e+01
2.745318167813898924e+00
1.028853874726531004e+01
2.260055952460466955e+01
3.874449402708205525e+01
2.689185452606692905e+01
8.030403690301277209e+01
2.893459011818584514e+01
1.532831313476741641e+01
1.673604666224567605e+00
8.840289400121934094e+00
3.441118888280050747e+00
2.827628541401329798e+00
5.399114944782672509e+00
4.780315450638219943e+00
1.744474751244920867e+02
4.167397661153233202e+01
6.741058109402108300e+01
1.112761309297200363e+01
3.679220738165592763e+01
8.377239105228829530e+00
3.988123592659700734e+01
9.874313178550121961e+01
1.554053507528806222e+01
1.238293297805216930e+01
1.868497510424320041e+01
2.345670314074788010e+01
2.926422432490469561e+01
6.883230636190948104e+00
3.618950499209551364e+00
1.267775349123066064e+01
1.136256868117735230e+01
1.005161952807988968e+01
1.997210555865580872e+01
5.587523344599127917e+00
1.181330858387152993e+01
2.507005492767742538e+01
2.508894459798589693e+01
1.170513355047975921e+02
2.284906060433882260e+02
1.272194951012922992e+01
5.790303117828359802e+01
2.588812635177031396e+01
8.924740513893793192e+00
1.537097407878483146e+01
8.338965673495948749e+00
1.691377728875952613e+01
4.011363365136923420e+01
7.543845884764790455e+00
4.072763173186400465e+00
1.076325419087362576e+02
5.221690966108375420e+01
1.735118715507772080e+01
2.555925567398247278e-01
9.158012373346377188e+00
9.875294520264032982e+00
7.461924769157568527e+00
5.581219045528889033e+00
4.991096640432408083e-01
1.933901439562500002e+01
1.660481859671482319e+00
2.125888091050988749e+01
5.668982566293287562e+01
1.140033614782126614e+00
3.331233327497729846e+01
4.663034270096408029e+00
1.777752734670979251e+01
4.151130195945389545e+01
1.499588717915043778e+00
1.270054670356507209e+01
4.183450350406647367e+00
6.867838050859297994e+00
6.808620383557776279e+01
2.438409184887428083e+01
5.787470598583919212e+01
9.175381160476990772e+01
2.273404077396056167e+01
2.081562298515488507e+01
2.140973340821769355e+01
1.506298645519451895e+01
2.952269754572976623e+01
5.404721694270042676e-01
2.970419866722082602e+01
2.684406836526114049e+01
4.200251815591386872e+01
2.963236331329866857e+01
8.886675581237474475e+00
4.292695550553740702e+01
1.803653509215768835e+01
1.384288476093906972e+01
1.579120450744090398e+01
4.824291254124865702e+01
3.755033611877963140e-01
1.014297720223019041e+02
1.193780059241104929e+01
5.165821947857015317e+00
1.410258639298082706e+00
3.631157421751296965e+00
2.410073521028437682e+01
1.123471989954237671e+02
9.265041431698418251e+01
5.254438027016227863e+01
1.160369035524649206e+00
2.357953692840839111e+01
5.374193112429277441e+00
8.218390730064244476e-01
1.282271639308292421e+01
1.560965223342361263e-01
1.361278422437560565e+01
7.234067939655211887e+01
6.919313172329198380e+01
2.306488513671892449e+01
9.739283870304208390e-01
8.956459445171589095e+01
2.208855360400527346e+01
3.075613476484693365e+01
9.109342855089931357e-01
2.733539741557693148e+01
2.930421996403193230e+00
4.571967516817345145e-01
1.961976604460121010e+01
7.346234857013710950e+01
2.595334631430878503e+01
2.573933738000215854e+01
2.150903951394699121e+01
5.332496044485534981e+01
1.326662987056679555e+01
4.967054002637916632e+00
2.530085417407478587e+01
1.366575959856413824e+01
4.594022180266997424e+01
3.200472636426090389e+01
4.839277248456731684e+01
2.624502389338787722e+01
3.057682955458244223e+01
6.143450392246646352e+00
5.602444959306641437e+00
1.148737800147899257e+01
1.864442627263930952e+00
1.016598737657548668e+01
2.563957135845017277e+01
5.754261688922213835e+01
9.672293669882817468e+00
2.306262564798141312e+01
4.856970473167303126e+00
7.130598739340684666e+00
4.920475515263361643e+01
4.675871977773700650e+01
6.641255006331413524e-01
5.641055705549328536e+01
2.049494326639626607e+01
1.746442092251324629e+00
4.186167155327994749e+01
1.974525337507608613e+00
2.468812322135894277e+01
1.001730829716369726e+02
9.832509348561687901e+00
4.307925657068520309e+01
2.911621795283285508e+01
3.033158867854557528e+01
1.737782710744915704e+01
1.001807790027349654e+01
6.982275485233788004e+01
1.687603467915496225e+01
5.050983547327724255e-01
3.969575054187080809e+01
6.558482669442196489e+00
4.725511926442707455e+00
4.871742859889253197e+01
1.476423475389579520e+00
4.859362203168834604e+00
6.384584346358126439e+00
8.079193153794315663e+01
3.975635708219138564e+01
1.340358710134090359e+01
8.303051647463899343e+00
3.723424680392040642e+01
3.268313554159635004e+01
1.605421371408512954e+01
7.884675691793992769e+01
3.742736410710678996e+01
1.325815184200426344e+01
7.714176765408678804e+00
2.070492194846292655e+00
1.222957840243274035e+02
4.456134188259868267e+01
2.299419447065183419e+01
4.388908255366819589e+01
1.494085612264940544e+01
8.528528874323155762e+00
1.595476287312001240e+01
4.056686565274952017e+01
2.333079616125793976e+01
3.443986639701695651e+01
1.492292610337678482e+01
3.884138677365825743e+01
1.396555724832158418e+01
2.933401072341533133e+00
1.373495310002185477e+02
1.678891679930673009e+00
4.136417237393664320e-02
1.671477106734203488e+01
1.550428433806111173e+00
6.175249060504912535e+01
1.389333160681291979e-01
5.689609872892077647e+01
2.857653960923135372e+01
5.969953118101131651e+01
2.508096586097525105e+01
1.243350116496499291e+00
6.090164226438484762e-01
8.694702167586814312e+01
3.563934888930221234e+01
4.885454690321474835e+00
7.673083045965749527e+00
8.575686674614557603e+01
1.792819067936899557e+01
8.429991050278944797e+00
3.053265274515077365e+01
5.323857249746355791e+01
3.442332860976169684e+01
9.287696184206089001e-01
2.304222776514841442e+01
5.547968974829575473e+01
4.944369835907617805e+00
2.980417609691392755e+01
3.052344817241839081e+01
4.580277587046368559e+00
1.993804853028553836e+01
9.694626177265023514e+00
2.064952353778628336e+01
7.040351713658478339e+00
2.641076120011125994e+01
4.030319603004874907e+00
2.150987820575420884e+01
2.795506244320037226e+01
2.115509970730609979e+01
2.732049109186666769e+01
9.997864667869802435e-01
1.014083122400532311e+01
7.103393105249776340e+01
2.043791670868766985e+01
4.133803478471866910e+00
5.448000440708741898e+00
9.196462688337012081e-02
2.258273585566593766e+01
1.645161230168600275e+00
1.617516148927182584e+01
2.542253857962408148e+01
3.470906757732050707e+00
2.767740401671401784e+01
7.525680592610504505e+01
3.887005915515068466e+01
2.134853960403332973e+00
1.711356668669394399e+00
6.970665517448473736e+01
4.637708844783475115e+01
1.976348826830265892e+01
2.531300472033961668e+01
1.314659710345603116e+01
6.137458411543160963e+00
8.312762937355378412e+00
2.551202163669496770e+01
1.432002447789816735e+01
4.378956777935310640e+01
4.994722831004239971e+00
2.228120455187009519e+00
5.862676693018673113e+00
3.371445222875485115e+01
2.279933961316768620e+00
4.698985520641254965e+00
2.931382450032678832e+01
1.778887956708060969e+01
2.251568363152543384e+01
1.918916787493321285e+00
9.074520881291380903e+00
2.363948278510247647e+01
3.835448226725208798e+01
2.977370235329399151e+00
4.149028696705548924e+01
2.282616325063353102e+01
3.735669990845070743e+01
7.705589066758373740e+00
8.916057720030822509e+01
6.582118825261882300e+00
7.094363562847259175e+01
6.122554178497848199e+01
2.613161298568269331e+01
1.595551709501718385e+01
4.493523603871214078e+01
2.702105514260324171e+01
2.240530062150478940e+01
3.897391410973052928e+01
4.676436722689054193e+01
2.633009488313182089e+01
2.171768122080453267e+01
2.068271738772978097e+01
1.950978179248194522e+01
1.707750370064598788e-01
2.229628973507598866e-01
3.411480376851932839e+00
9.202868074399482623e+00
1.524416446070142372e+00
7.342347957479793408e+00
5.105642724431422863e+01
2.308793565863877362e+01
2.014988304840233280e+00
4.463633844247159033e+01
5.653747453396182010e+01
1.752304230143489150e+01
9.814937596041501067e+00
1.065634526777092006e+01
1.253846053591929710e+01
4.073810015078487723e+00
4.037523394808316013e+00
1.478533565886734902e+00
6.471360013235604924e+01
3.751768128178386519e+01
2.341364578651682038e+01
1.409647168657921057e+01
2.088306539532582562e+01
3.342039336275234263e+01
6.603747859652003172e+01
2.302378303008362082e+01
2.517223381991477638e+01
1.466539092133600164e+01
7.073931048692530510e+01
2.146957075980279406e+00
2.206758997933512134e+01
4.235341516496369252e+00
4.771722485081367182e+01
3.359816678131645062e+01
2.020435602998233904e+01
2.493388075739454146e-01
2.401944151985250286e+01
2.429685947710271066e+01
6.172703226003780630e-01
1.326679827510675125e+01
2.464721548137414686e+01
1.841454166404164283e+01
5.868588290489326065e-01
5.139270501727143170e+01
1.248391947677867897e+01
6.265890941268685310e+01
5.119216549552747964e+00
8.874394209796099275e-01
1.078977546882312666e+01
3.599006252906713854e+01
1.240323788821081408e+01
6.675819203368254762e+01
1.761503594594407573e+01
2.260570877398791367e+00
6.409962484624954548e+00
2.499326208750796141e+00
6.126854859563200861e+00
1.988867110321625109e+00
1.149430945902626604e+02
7.860332624740874508e+01
2.611494043223326678e+00
9.553647391820755175e+00
1.239031863307801729e+01
1.768845498331925725e+01
7.985540188354312896e+00
1.153732009966335070e+01
9.993755888106463203e+00
2.468854203998241559e+01
1.375316101388517254e+01
3.600464391419009047e+01
2.942314306815280034e+01
4.606744988794656592e+01
1.623667052366727503e+01
3.248127626505738874e+01
1.171770103639112826e+01
3.830787496088287725e+01
7.879179276918109043e-01
2.864463156413554756e+01
4.586554051933188703e+01
2.168432731684546866e+01
1.543842613485931636e+01
5.118674269726911419e+00
2.123649835205941017e+01
1.223745450515412969e+01
2.920210041952340418e+01
3.002275887191134274e+01
1.726754187237811067e+01
1.846055131719807341e-01
6.816804756155441680e+00
8.451395125478601278e-01
6.597562216886511344e+00
4.926745862483087324e-01
2.865202955858324074e+01
2.955043491393270472e+01
3.220363305363595430e+01
1.974115704971916907e+00
2.583621565800986630e+01
1.621930268313362333e+01
2.195890230649889219e+01
4.084005112030278184e+01
5.462303582107781352e+01
2.894398782330363407e+00
3.471390888146630971e+01
2.156893923516848233e+01
1.347799820237303692e+01
1.982690329556282194e+01
4.819222576409216252e+00
4.455411452874164979e+01
5.336747986083498319e+01
8.741001818381068489e+00
2.551176495187779381e+01
2.315873127455883029e+00
1.965466916072430692e+01
4.700013016218356765e-01
5.789505414618131951e+00
8.843834426248291081e+00
1.889961826256161359e+01
3.807189073635272791e+01
1.219252166018973327e+01
4.597802892666584285e+01
5.380891218541191456e+00
5.429606260095436454e+00
5.020943891083610389e+00
2.367379480421032767e+01
1.659676931959922497e+00
1.264955694641207984e+01
5.213118000874515934e-01
5.796629040395938404e+00
5.988922878951921547e+00
2.207571004593324915e+01
4.025451079116139397e+01
3.789036623939644954e+01
1.458799617760515144e+00
1.197579012055449788e+01
2.582586962273846964e+01
4.219209263492605544e+01
1.256242010002911371e+02
1.836289218059146577e+00
2.889479423776796096e+01
1.716156409411020789e+01
5.201215994809194854e+01
1.711978332099742062e+01
5.673165303781898539e-01
9.082465173823035087e+00
8.029005509254673711e+00
1.671727201535348817e+00
1.820377409312073169e+01
1.337266531708960748e+01
7.498464154854947772e+00
1.257630907048359248e+01
6.367130742928019060e+00
2.407125025804720053e+01
1.194192981400124864e+01
1.129758297842288961e+01
1.538136575832561803e+01
2.130535689583652115e+01
2.760985136187901645e+01
2.228405028540648658e+01
5.264182573953756616e+01
2.532704947363288994e+01
6.458625713976656968e+00
1.124408435605213086e+01
3.481770376761189389e+00
6.976713303634471686e+01
2.193210046628036380e+01
2.090553698936155058e+01
8.387448728454727220e-01
2.554607951916814912e+01
1.945370465716890251e+01
3.992096298960087353e+01
1.882214371231926364e+01
3.202405050848435053e+01
8.213413412020411641e+00
2.693688024139439108e+01
3.126954231039086873e-01
5.779712390593522153e-01
1.370639362988600896e+00
1.601843596089193866e+01
2.076579405216645213e+01
1.848293935359464513e+01
4.196778179891823335e+00
2.213381467930221280e+00
1.999430482006263432e+01
4.663201630375063411e-01
2.119312260228522149e+01
2.080233835917578489e+01
6.108714968977053239e+00
1.571273373771649915e+02
1.478907618953393133e+01
2.017838631194383936e+01
1.636278435095440997e+01
5.219698777216606800e+01
8.739915543732915681e-01
2.987329553541980820e-01
9.321977123005090959e+00
4.316749441886483396e+01
3.689715616542657983e+01
2.506705911641584450e+01
2.526418127499218613e+01
4.348880074664884177e+01
2.840606254803423170e+01
2.740779858944666003e+01
1.697215532195824395e+01
5.212438659575897582e+00
3.971123616462493566e-01
1.880856238942758829e-01
2.881826445671710601e+01
1.122254467052193405e+02
8.690189795779010851e+00
1.892314000640130445e+01
1.286367357493707786e+01
6.939378530915019105e+00
8.099917163915577589e+00
2.253667347298645751e+01
6.059799210697022431e+01
2.154626393939561879e+01
2.561384237771501304e+01
2.867587311503895720e+01
1.483979088891503295e+01
1.221614983611176930e+00
4.680995987785149737e+01
6.225152107559145165e+00
3.490861908155372362e+01
5.993173604877692640e+01
2.773669757248264744e+01
2.432501242164628508e+01
3.079284670917009414e+00
1.920246958497022405e+01
9.301579587663543691e+01
2.424429152326486303e+01
8.240373945830852254e-01
3.889034617369244984e+01
9.089500331003694811e+00
2.571315711068269039e+01
1.666159149246215065e+01
3.008610742253076253e+01
2.464443936449256967e+01
5.776716923220666189e+01
2.144825591491201422e+01
2.370265447182267060e+00
2.358041345410812184e+01
2.808577557183458584e+00
5.590546282776778497e+01
1.650031820980795771e+01
9.762954764856353052e+00
6.163591557629701789e-01
2.067330432803945328e+01
2.203102440466959688e-01
4.419927535287195752e+01
1.747379921498810518e+01
7.642496140389353343e+01
4.278424359352897000e+01
7.151122237717780772e-01
8.920841484880227767e+00
4.310959707928863072e-01
4.665625178813006535e+00
2.486843927159786105e+01
5.167082926734654080e+01
9.378553638211784005e+00
1.578191644715743136e+00
3.218842814498850657e+01
2.291496980345350210e+01
3.089293463817837804e+01
4.164236507310872248e+00
2.685182775615983530e+01
3.400793175904478716e+01
7.332903823798210396e+01
1.405221390479490395e+01
2.134238028321541236e+01
2.498312063265711913e+01
5.290346487018636878e+01
8.423552963177463049e-01
8.245314542002836333e+01
2.803468128577079277e+00
2.089467432606343777e+01
4.134987211135513974e+01
3.322663891102662603e+01
9.226728523961023498e+00
4.470270080708890958e+01
5.812002129351266255e+00
1.190597183579336985e-02
3.653271692965342349e-02
5.396111760056860618e+01
3.046638661684469174e+00
4.335077980346067505e+00
1.069065010977394792e+01
2.616954482418217154e+00
2.910002977839578620e+01
4.963160617388242457e+01
4.439010937005885893e+01
5.752584766929320637e+01
1.300689630669189611e+01
3.578265597350544169e+01
1.768405672083351021e+01
1.816426659243616371e+01
2.264732994473028072e+01
1.464768210596897724e+01
4.074683791383592535e+01
4.712766450399082707e+00
7.020984309094929188e+01
5.124603304155961325e-02
2.423983366091297853e+01
3.144356841896532195e+00
7.152083426848030001e+00
2.593306267457532144e+01
4.505741040588723934e+00
5.914603820427085878e+01
2.284360354084020628e+01
4.194997932753079084e+00
5.906206796455195018e+01
9.326751671815034683e+01
2.698847278238280722e+01
4.582650393763519503e+01
3.290797404104568447e+00
1.185361226575059845e+01
6.002213367879878803e+01
8.185231534156958588e+00
1.724468604239458580e+00
5.167782385595086403e+00
1.541715218748771754e+01
4.985656487618201460e+00
3.310678456061842923e+01
5.675758795616981267e+00
1.588071353009511100e+01
1.849653300822991397e+01
2.515398903130804698e+01
5.437767173255646469e+01
1.899595879589665870e+01
5.877687857340223587e+00
1.493638631190827049e+01
6.801075905206510619e+00
2.445999689887032247e+01
9.666628798912785259e-01
2.076380481485363561e+01
1.213463439127968435e+01
4.911100556841873299e+00
5.860951715302677201e+01
1.538720821865108235e+01
4.282605478305787017e+01
3.747217950692903798e+01
3.534000306707251404e+00
5.979167584679105474e+00
2.630518604815831107e+00
4.669709875337963467e+01
2.197737070164305706e+01
5.253886869924571990e+00
2.114330890963954701e+01
3.481929824949294527e+01
7.021390832540959082e+00
9.085353977889585764e+00
2.486458813738888551e+01
2.535439842359927098e+01
2.820773628856736082e+01
4.198666060662283428e+01
6.624121711169482296e+01
5.708187995156299621e+01
4.142760578894447043e+00
6.060012336708624048e+00
5.854533460501480846e+01
1.147181901540843398e+02
7.896681560224954488e+00
4.603649491824752715e+01
2.799279123539848868e+01
9.241634540768279749e+01
1.411518396415708132e+01
2.418346234602723399e+01
2.349884930628638813e+01
1.028805121970354719e+01
3.817156020061108768e-01
1.289131032914876762e+01
2.350664951360469157e+00
1.268047780269003688e+01
5.878226979403106789e+00
2.716265724289672789e+01
2.263026351720942486e+01
7.346235605247471767e+00
4.936526042192949859e+01
2.969210580192171278e+01
2.423660011759087141e+01
6.633909290830976024e-01
4.608758831850777682e+01
9.280989606716689266e+00
5.147990228012179870e+00
7.096591857605607068e+00
1.981921161484689264e+01
2.215616048663937576e+01
5.525989369313884225e+01
8.089384042863898117e+00
3.835423239631323611e+01
2.454150797774809689e+01
2.530633307772118457e+01
9.026006517883566893e-01
9.127638360744976254e+00
4.274847774743826712e+00
8.606390565549028793e+01
2.057998218012177805e-01
1.258214142657116952e+01
1.346164974507597201e+01
2.538689303902773631e+01
1.777374943365978410e+01
2.165922333007578970e+01
6.170144079100327161e+01
9.867099932665475137e+00
9.050580519349523456e+00
1.631661768863041040e+00
1.757695516103008870e+01
4.033194446877979011e+00
2.604533634780726103e+01
1.077210871731224984e+01
2.524358123848030289e+01
5.734551194122260220e+00
1.596131210803213851e-01
2.296863977396202472e+01
3.013753011090257417e+01
1.320774247769606191e+01
2.822308357333838202e+01
1.082540689000570744e+01
4.621870257859314712e+00
1.631080453917710926e+01
4.994546449375753383e+01
1.048611030252700438e+01
2.215324642694317703e+01
3.046826354511678758e+01
1.565109158323373428e+01
4.308634295351505017e+01
2.101584219251309449e+01
1.770261072993879470e+00
2.577842070740619818e+01
2.189138957098649740e+01
8.311511430732176109e+01
5.413347403871929231e+01
4.819097014437108584e+01
8.602079115475564919e+00
1.019311572004238826e+02
2.149879595550883238e+01
5.800697549112542362e+01
1.261489414126181785e+01
4.599482933019262276e+01
6.335259770162072357e+01
2.935909302823405653e+01
2.666904801362308319e+01
4.895631379676209427e+00
3.226286428376200499e-01
1.991089770520153479e+01
2.798656270792358214e+01
8.741323318181100366e-02
1.310460028703326962e+01
9.940557393466912472e+00
8.352778119585460459e+00
1.133666560958744469e+02
1.953938307408636277e+00
7.362520016015873914e+00
1.668676843241541263e+01
1.331149371599538433e+01
2.750122674153524827e+01
3.870684450707668844e+01
7.037626348480803529e+01
1.254772370866179543e+00
7.552223429870345228e+01
3.323385967334081670e+01
1.212542923938218919e+01
2.538648931882006110e+01
6.236593956655483595e+01
5.625697732020510378e-01
5.278813224266097892e-01
2.469750321294664985e+01
6.433264295590785942e+00
9.518696475722967065e+00
5.380540146138093860e+01
4.272852499172201668e+00
1.755926891833616921e+01
1.091370832087624265e+01
1.206790823129919943e+01
1.613744593313352960e+00
5.188166179986537507e+00
3.236693735429934105e-01
2.663611566615522008e+01
1.009307606429462600e+00
4.171724716835229607e+00
1.566196615256944824e+01
4.894314703388939591e+01
7.799004956279768308e+00
1.692019425367507424e+01
5.535324417072935432e+01
1.997633001544433284e+01
7.255774435993362914e-01
2.622770322131644960e+01
1.649331357328881609e+01
1.753855289557922603e+01
2.204218143406111788e-02
1.340037755425770705e+01
2.516178141133791257e+01
4.713360600101054176e-01
2.314346309133628665e+01
2.274101548622741120e+01
2.947497927788223393e+00
1.237672379549387891e+01
9.958669976870924145e+00
1.568169028028856005e+01
9.337458131064957367e-01
3.118653912789306037e+00
3.718056718692624685e+01
4.343601138658192440e+01
2.505051948274076423e+01
1.309901929166547419e+01
3.428644585884429574e+01
7.933531675097220681e-01
4.906542408216047590e+00
5.354865818492356766e+01
1.195936048901947713e+00
3.749123089446914747e+01
5.724283224597002828e+01
3.970765378966542025e-01
2.259463891969947724e+01
1.954167147695252638e+01
9.918180181984750932e-02
2.609750743472055046e+00
1.544922716436085031e+00
4.051647408158599717e+01
7.827332706697723630e+00
5.393176495307177021e+01
4.346950413791127943e+01
1.475396419101627465e+01
9.698823701982355772e+01
6.157996704219020206e-02
3.440449848600800209e+01
1.639536566708395426e+01
9.469321359572838048e+00
9.027835625935544783e+01
6.381600290851994117e+01
3.325151183833068735e+00
2.601064786035761855e+01
7.664108690318347961e+00
2.976367808948900961e+00
1.725023733610269616e+01
2.393465867292275107e+01
1.413212388502638817e+01
2.814851000633332134e+01
9.971733995709783471e+01
7.901386373082641690e+00
2.430002536212366948e+01
2.481773993381261789e+01
1.246931917740458218e+01
1.616630293696566056e+01
4.670056750839822968e+01
2.950877415919526214e+01
1.548323560187609527e+00
1.239495888870325224e+01
1.644235848439988388e+02
7.701039871508612578e+00
2.209655007901342927e+01
1.338502162492875236e+01
8.922699157428581884e+00
2.144430919830219295e+01
3.908030451793766957e+01
9.535695400556675194e-01
3.784816089431763064e+00
1.474292904870665666e+01
3.587745439274405701e+00
5.768309474214834864e+00
5.077426969250748812e+01
6.246434596503263492e+00
3.738074851638451435e+01
5.609397840367012833e+00
6.594338523450883827e+01
3.083299582617041423e+01
2.258026435757804506e+01
2.013365192065759857e+01
7.032156052722766049e+01
8.669855241549948133e+00
2.074048737333429315e+01
1.113045769210435623e+02
2.661582834510465290e+01
6.904297845558694746e+00
3.538462663767133165e+01
2.235305888213820324e+01
4.524619118950677432e+01
5.150434026411925270e-01
1.423198079440299857e+01
8.354071156877756721e+01
2.025029017292090217e+01
7.577645523810343064e+00
8.997821160027497100e+00
1.778621259112270536e+01
3.744054760269469284e+01
1.062901164980336377e+00
1.702013335624108592e+01
1.107730035546317815e+01
4.829718243736185634e+00
1.900182576931312095e+00
2.738843175650043094e+01
1.812921059339886298e+01
1.120710042044074015e+02
3.209524689113037343e+00
2.669317958115602352e+01
1.636202212289780533e+01
2.721259584829351752e+01
9.778252589568326769e+00
4.901024022765737342e+00
6.976367449923782937e-02
7.545336165813690821e-01
2.794641971587698492e+01
3.448894682158247349e+01
4.276458593634831495e-01
5.360692023497331427e+00
6.643313414757589896e+01
8.764934538569990607e+00
5.331499183864865898e+01
2.729833379098052504e+01
1.240664497910914266e+00
1.711337000147956289e+01
1.547097562260448367e+00
7.954942083994021118e+01
3.650311458215967697e+00
7.079919543437788398e+00
5.586382920111781658e+01
2.495218433934191182e+01
9.042596711565337841e+00
3.896318315273460087e+01
1.227836999307166721e+00
2.758788020476262659e+01
1.773828145548679203e+01
2.410500644325087816e+00
2.814394897721913580e+01
5.251102772705307231e-01
3.053259732940803772e+00
2.035611728956708077e+01
2.362225958381361934e+01
9.103801685413932532e+00
1.144481302456552996e+01
1.473000009163831336e+00
2.764789077836234554e+01
3.428210420827911609e+00
5.690289991105453993e+01
1.828344623809255864e+01
1.411239673588637800e+01
1.756389644367356340e+01
2.638282598198999906e+01
7.606186478033103882e+00
1.273803243021213305e+01
1.981259752140747210e+01
3.056276356064183464e+00
3.836914785661609262e+00
1.649233908364677204e+00
2.558369642267785338e+01
6.059531172931639276e+01
1.034302067511308998e+01
8.132153584126203327e+01
1.133059821219188450e+02
9.829774871262428348e+01
1.489553053234060442e+01
8.232400604140920564e+00
5.854173806128944335e+01
1.747179892953078095e+01
2.690008813766868201e+01
2.414822606677574512e+01
1.376259233944742100e+01
8.096491354556387421e+01
4.665519428749533848e-01
8.101498191021987150e-02
1.894794338545346335e+01
1.199425566118831332e+00
3.772394143496484276e+01
1.060424117500432573e+01
1.781108236219685281e+01
1.090907682466677997e+01
1.251528754948071231e+01
6.169440254485745179e+00
1.370894937014279336e+01
3.522040953077179637e+01
8.403600475072328990e+00
5.031372074229478386e+01
5.951420194694868826e+01
2.446833155930467907e+00
1.282462037854458003e+01
1.755063139086037083e+01
1.067557383526631298e+01
4.766518874701993980e+01
8.115280129173232382e+00
2.344272830189368495e+00
5.634939641089618867e+00
2.357400362758955126e+01
1.072216012745591485e+02
1.158085903741369904e+01
2.170633730253780924e-01
3.556071012369149997e+01
6.190806510054388312e+00
2.246752696543396510e+01
1.953858613374690734e+01
1.179464360987619465e+01
1.863322714955961246e+01
3.046073982249333056e+01
8.761609895983791318e+01
1.579962624687574468e+01
3.727207244649732587e+01
1.783721727530620882e+01
2.725432879527365237e+00
6.361060880887597691e+00
2.891676117052244521e+01
1.334515686115651079e+02
3.768072488695816347e+00
8.513312906530913438e+00
5.238130255859461570e+00
2.867951315283884028e+00
2.083523869506589410e+00
5.629764360496019471e+00
1.991266862654852687e+01
3.028211090027569163e+00
5.215512309176460803e+01
5.294467277370777225e+01
2.625465710737217151e+01
3.204642395944647504e+00
5.480072673381500437e+01
8.341642028519625285e+01
1.136797663933299596e+01
2.940009491355343840e+01
1.678031281085968018e+01
3.535063691611517811e+01
2.724558047274037165e+01
9.241143141141877493e+01
4.657602014168756716e-02
6.583116613156569485e+00
1.592926885533870962e+00
1.471753265440923819e+01
1.537283309221812644e+01
2.394405553012411314e+00
1.671099667903718711e+01
2.969864248280061680e+00
1.889954266070777766e+00
2.411264858871189354e+00
2.260972424032673400e-01
2.099786639231022889e+01
1.686836289142735978e+01
2.580136652245928630e+01
2.464651108911770550e+01
7.936751931352744371e+00
8.311181672453349734e+01
3.909484111345314261e+01
4.427647839033713062e+00
9.991028817472374923e-02
2.422694826978139204e+01
9.308887941199410321e+00
2.027779537911536778e+01
2.409377584841136866e+01
3.506633433758258533e+00
9.342655652836312186e+01
9.567631261707301604e+00
2.460195762362616634e+01
8.434566107525817813e+00
1.623305773646508410e+00
1.804106289625519466e+01
2.406908383330326018e+01
3.548105574376744453e+00
4.665988574701621872e+01
3.724365137876300480e+01
3.041725006976486956e+00
2.113100496391679428e+01
4.337967515468371005e+00
1.821851165848331888e+01
2.657420848405179115e+01
3.951435163887143176e+01
6.702909121761867262e+00
1.994080863437385887e+00
7.408021350853443820e+00
1.316840784918044172e+01
1.817864980361542138e+01
1.344654290546939812e+01
6.604555147867064591e+01
1.328019199012480200e+01
7.730018810042022182e+00
1.084846743738056851e+01
3.134164620052386496e+01
5.263866597783155576e+00
1.779013370495998103e+01
1.297839142293699410e+01
7.163450424580222187e-01
3.723283007854766424e+01
1.982751772811231206e+01
1.416329502473934951e+02
5.086676337981240970e+00
8.254100953348094905e+00
2.539397800723832788e+01
1.175846846287595682e+01
7.661503462901074535e+00
2.345119813879053794e+01
5.170377866559954239e-01
7.064935555406268164e-02
1.674755292994714750e+01
7.110819521423583467e+01
4.169863747926199693e+01
4.000179665629271142e+01
3.665734906909568025e+01
3.504719917422848141e+01
2.042811900668052516e+01
9.975188899739987392e+01
6.572731929023590602e+00
1.188325737103464519e+01
8.857552601351589061e+00
4.907320256381426660e+00
1.174572969868413885e+01
1.017048126262783125e-01
2.865155898473753027e+01
2.092604330081388042e+01
4.094557049894891776e+00
1.752067291283704309e+00
6.896238082213061205e+01
2.029716814802199210e+01
7.444633542592039532e+01
2.241321044035215237e+01
1.290804506428626119e+01
2.576623566963469969e+01
2.959955597080603074e+00
8.316003271161623189e+00
7.184191552644945489e+01
3.555549558134990917e+01
3.514997503377419719e+01
2.588922293420502641e+01
3.642164839140669685e-01
1.254387784412235263e+01
1.770081300551085590e+01
2.241345002436806055e+01
1.594466400240760073e+01
4.358647185035538740e+01
4.962856500755603406e+01
2.211573484035047610e+00
1.964880065731494696e+01
1.854256087911039463e+00
9.358549297023570546e+01
1.374498599483771102e+02
1.943955414832987927e+01
9.281154321375463923e+00
3.422124853685705848e+00
3.276848608198159951e+01
4.036891303863114189e+01
7.227949545495336281e+01
2.826912100105055359e+01
2.375122098581572772e+01
8.961321924943252526e+00
1.619182338520034037e+01
5.448103236144594241e+00
2.441655219795923770e+01
4.482183843401053025e+01
7.266060878618600505e+00
2.521774480206953584e+01
3.626208633076902998e+00
1.197796779854580329e+01
4.708740061356640361e+00
3.336457670124513886e+00
1.939479731407762841e+01
2.442586213361866498e+01
2.785157139046225527e+00
9.927169084514846087e-02
1.587147220851963525e-01
2.158624220447697795e+01
4.327442918198720179e+01
2.655640101495438188e+01
5.173111139829720173e+01
1.364766464379711408e+01
8.755454519187010121e+00
2.530090908499079916e+01
2.309737893411993781e+01
2.588005920478212474e+01
4.303068402383328994e+00
3.385755678894661713e+01
6.551944036425514639e+01
3.429593920351248659e+00
5.735266616657147765e+00
8.122795520760456611e+01
4.410800514699613650e+00
4.233454671531925229e+00
2.609320056022144385e+01
2.634772940825419951e+01
2.340860770691933013e+01
1.543988618443036103e+02
2.051418570304877420e+01
3.885934208792178879e+01
5.034809284063946677e+01
2.729473391899603740e+01
2.111217522558485271e+01
4.562884259488394179e+01
4.699418345136898978e+01
1.986747556294612593e+01
4.524967651347204800e+00
2.172448439555493138e+01
4.027154247403341714e+01
1.254517644690303868e+01
8.973445637366534555e+00
4.012023794820647637e+00
3.337331061894484918e+01
5.765042457208072513e+00
9.853980084894169522e+01
1.152927094312167178e+01
1.800501114903696376e+01
5.135660601328523711e+01
1.728400025167121612e+01
3.555568107425883806e+00
1.308987497514822174e+01
1.512131495234773482e+01
2.608659210112856641e+01
2.044174581975741489e+01
2.494292217876796869e+01
3.402002853531479687e+00
3.241565534225448886e+01
5.483864857744871557e+01
5.414384240044067820e-01
1.960496263220210311e+00
2.358730519642013945e+01
3.013930133966005087e+01
2.369273738463351719e+01
1.514054225945119114e+01
4.123038894376269070e+01
9.917763806162127604e-02
4.192510270960220886e+00
6.534617459937526007e+01
1.449898708572460748e+01
1.706268707575395993e+01
1.510996177148660422e+02
2.086318023004548294e+01
3.363759520365831435e+01
2.747990157428089830e+00
4.123125860765557982e-01
4.259398135409131037e+00
2.994167646378121717e+01
8.947138046310424642e+00
8.993811407657018364e+00
6.000380745306774344e+01
5.488312152115429399e+01
1.452244080805785664e+01
3.495331781607618638e+01
6.701598040718128857e+01
5.956519401390397483e+00
9.325041037003527933e+00
4.200581728702523066e+01
6.747322065616181419e+00
1.304202898525977616e+01
3.475655976614844178e+01
1.113236464906385770e+01
1.017310591352378779e+01
1.205339295086953477e+01
9.823079047452965895e+00
2.072459672858718349e+01
2.004952195467895137e+01
5.631439604120881626e+01
1.197390577432266134e+01
1.919586781348330551e-01
6.808695108616986147e+01
5.229424607081602261e+01
9.835444218278494688e+00
6.905363265754212776e+00
1.032283046394183756e+01
5.232115400345271183e+01
4.327988964049323428e+00
3.819376928683210792e+01
5.349599419676627576e+01
3.933779571600026337e+00
1.099145254318219003e+02
1.905720509843522237e+01
7.809713513228603965e+00
5.135918122590738477e+01
1.443727999187592381e+01
3.882405873370871063e+01
6.108445570427036841e+00
8.700554148400321708e+00
3.480670273935157599e+00
2.015738524293389844e+01
1.505494832835047525e+01
1.526432862505066712e+00
3.384953266935234684e+00
2.031869645464962204e+01
5.173055058197481237e+00
3.627420468652675645e+00
5.671775523571597866e+00
1.487335014507191921e+01
2.250012472593296398e+00
6.189697678370357181e+01
4.118202672115625518e+00
2.622532500068594175e+01
2.666433790201095277e+01
8.764695432874914616e+01
5.470337700209167053e+01
6.535410630731296067e+01
1.464733482913841645e+00
2.675431731505715405e+01
3.374031768774353424e+01
6.676697013370525013e+00
1.641211997453293137e+01
2.645784171816479624e+00
2.290514178316276883e+01
7.610738347488374700e+01
1.924474529310947801e+01
1.169800366593819518e+01
2.273856092935375983e+01
4.108973753691677722e+00
8.539119562486917614e-01
3.233554180557485580e+01
7.276373071380827007e+00
7.568660730516642232e+00
1.090427489222895119e+00
2.059146576253053862e+00
1.172428369067565201e+00
2.078634800531240145e+01
7.312959591962421291e-01
4.863316916808883406e+01
1.604696371415002432e+01
7.264085541550508651e+01
5.682262006186503100e+01
2.289214336524748461e+01
2.766385767905038051e+01
2.751434862334379261e+01
1.482629988549060585e+01
1.688867529291267999e+01
1.869657077281948787e+01
1.387626691543344215e+01
1.011742173968860925e+01
1.537118931959567902e+01
5.117425501405590715e+00
6.749692704470322546e+00
2.449564768041496521e+01
9.217849292751246537e+01
2.666321710732206185e+01
1.386495072796250128e+01
2.956638429569100168e+01
1.860963010402310047e+01
2.227804055233468805e+00
3.811374918368687048e+01
4.825400165681090314e+00
1.716480884792275230e+00
3.410967310791505724e+01
6.969563203113942507e+01
1.091522944145344240e+02
5.057586371568584838e+01
9.117043540404615953e+00
5.672548336472128305e+00
1.419472005670856873e+01
1.378969423496993727e+02
9.497653924745182163e-02
9.847828612143260330e+00
3.310870078616010570e+00
1.895760712210139864e+00
8.185860601551988580e+00
2.535437253523102896e+01
1.793421405255865020e+00
1.866634950081618172e-01
1.853454256255698951e+01
6.113842912791350948e+00
2.282825724085935093e+01
2.143223771837147140e+01
1.878886920340720934e+01
2.059167170555128834e+01
1.305567515163927972e+01
2.973756010954867435e+01
4.255452481692625355e+00
2.399723601737917278e+01
1.957194394809748772e+01
4.052449050918846041e+01
8.085506622576057012e+00
7.130909012475381559e+00
2.766641507332411720e+01
2.043593618198248407e+01
1.347599497096495824e+01
1.285410532798489713e+00
2.401492164902643367e+01
2.081013182746906409e+01
2.982173147821977821e+01
1.430253022182274458e+00
1.318948846973423628e+00
2.330157282974152366e+01
6.017465091512320008e+00
1.062645734111715839e-01
3.512763345863281472e+01
8.298971918872098674e-02
1.941550847598696805e+01
2.242678239769988480e+01
2.630527625509560963e+01
2.286657118488822249e+00
8.141344781729448243e+01
4.980323406881724146e+00
1.442610360970909156e+01
5.528559990615492126e+01
3.154737015138289635e+01
6.986930354425844314e+01
5.569624006635753233e+01
2.024937915436691682e+01
3.538121207157671755e-01
1.809156149590890106e+00
1.598473401431723318e+01
1.493554219859743348e+01
1.687809515442560837e+01
6.372107267393894325e+00
4.869514887608736853e-01
2.064885983224628774e+01
9.147700651053436438e-01
5.323663953499966794e+00
3.832942890030481209e+01
8.855884685305051018e-01
2.958337399417071012e+01
6.725784914976286188e+01
2.162034378768872056e+00
1.681538827296701655e+01
4.931361327019364360e+00
2.467421815453640477e+01
2.117803921437262460e+01
2.486900455791617726e-01
3.905805553096504212e+01
1.493146587285467142e+01
5.815684023583259687e+01
1.390459224317630582e+00
2.529260100351655893e+01
7.319002459133743344e+01
2.668278770735879490e+01
2.550827056766717504e+01
3.499170300264187716e+01
2.008681014120187314e+01
1.043067378315491709e+02
2.412225366924342751e+01
8.617303254755280761e+01
3.914368364598575312e+01
2.083709293539965302e+01
3.779181610753644094e+01
6.833915116445356830e+01
1.029878889403628150e+00
7.970921113196647312e+00
2.623164675572868632e+01
2.586977733185235451e+01
1.756604920921735058e+01
3.604105834030153499e+00
1.077312683854789981e+02
1.504926113398431831e+01
1.345158297342783804e+00
6.259748137691215852e+00
3.046833123585836489e+01
3.985780469024027894e+01
3.835416392680006226e+01
2.971299362464697680e+01
3.199257373884949907e+00
1.769453087239898537e+01
7.445294851331381025e+00
1.118101340901412222e+01
1.011110594486247827e+01
4.386906243763229440e+01
6.694460798884554720e+01
3.237457521246548708e+01
4.246878676567856559e+01
2.599670067385318473e-01
7.176278140367852387e+00
2.498738987613296914e+01
1.214346648559429021e+01
1.808838345727837416e+00
2.334441543577597855e+01
5.756632773857840668e+00
1.754842311598217108e+01
2.366206440309636960e+01
2.147547512489560262e+01
1.052668381077256932e+01
2.628520862909028821e+01
8.309951052112020120e-01
4.237723725997939539e+01
1.565006949869309416e+01
2.793026684217692956e+00
6.680786089664279004e-01
6.447983003301409610e-01
2.792556755751774311e+00
5.645801457404613899e+01
2.815948994461269805e+01
1.574185687174279380e+01
1.607944186934204112e+01
7.145065237809862246e-01
2.425974641637782814e-01
5.820936024481310511e+01
4.344394782550298117e+01
3.271671606586010483e+01
2.571363039628673164e+01
1.710372163106904608e+01
1.398089131381039181e+02
1.243846753194261723e+01
4.517312791253903725e+00
8.428649649208677985e+00
5.762687244238734685e+00
9.341805585944277368e+01
7.362285737334249847e-01
4.510413662450024930e+01
8.346312419436502594e+00
2.783774275246422736e+00
1.655467135267932832e+01
8.130751958232746990e-01
3.682894437190388714e+01
1.221443192178789161e+00
1.916000684893533146e+00
2.249343078312463717e+01
5.849674604498138919e+00
3.964245359297253302e+00
3.818392158363947519e+00
2.429672056213151521e+01
2.658111808764084927e+01
1.935983571181894458e+00
3.482388757980998673e+00
6.179634597565496534e+01
1.134544198830763229e+01
5.174428016906421846e+01
3.638243689334257169e+01
1.406311663890608976e+01
1.630057864715314997e+00
4.439647639090937759e+01
2.269394690694584327e+01
1.158921741664772043e+01
8.233493155805260244e+01
7.072864535199675728e+00
3.666568267551731708e+01
5.742428595911469813e+00
9.805254548548920646e-01
1.182346108449993771e+01
6.869505115431773845e+01
2.799191601073920665e+01
2.253150845187547446e+01
2.568313823347703817e+01
3.223660660503194997e+00
4.227061832812961661e+00
2.237664636971736698e+01
1.844034380731377709e+01
3.276568739874051772e+01
7.278997907814861890e+01
6.453148714990485146e+00
3.493010355744043949e+01
4.547093934024271533e+01
2.566524051837970433e+01
2.333874768539321565e+01
4.964934079604072537e+01
1.623216327749481636e+01
7.031241425578492965e+01
1.387731451914705438e+01
1.514111085631434506e+01
3.655350350085249111e+00
6.566968659424935462e-01
1.559284852160755186e+01
2.077665912818692462e+01
1.262051213707309749e+01
2.126111058396028142e+01
5.600409808972526093e+01
1.943289963384646057e+01
3.424146818581937257e+00
1.020154195203099476e+02
4.851131064482535749e+01
2.647759062856398948e+00
9.662679951259981692e+01
2.189954148333008277e+02
5.900540398166789657e+01
2.837082725771481151e+01
2.404248237961112267e+01
7.523132050404761628e+00
2.352576830325131541e-01
8.951024402904296906e+00
4.382841069935717870e-01
1.551143238527879609e+00
8.481754303425343267e+01
2.085194591433498346e+01
2.065089352727035177e+01
1.831159314221739720e+00
2.117691961294000436e+01
2.677534641125084747e+01
2.421158765757877873e+01
1.548101952656092806e+01
5.476065525251566868e+00
3.563542312096297593e+01
5.227277173818690414e+01
2.463946394786796290e+01
4.930450961116227937e+00
1.517340117882232109e+00
2.111731812599645153e+01
3.865190719391618401e+00
7.395620016790090290e+01
1.007598510609664899e+01
2.179739072353125096e+01
1.731255486997100412e+00
2.573212987345885949e+01
8.962581752303988480e+01
1.814202631068005189e+01
4.454841001858397931e+00
1.444545795215629624e+01
6.562900396849657980e+00
2.195018776735125599e+01
7.784042332933186259e+00
4.393701588926608537e+01
2.597149278675715323e+00
2.187022224662990055e+01
1.749945182127792265e+01
2.361338617719502153e+00
2.627600837971581171e+01
6.293498635087983928e+01
1.203532614814206028e+02
1.814482284644396373e+02
1.098220667422144601e+02
1.312249684480712908e+01
1.034590258215954606e+01
3.734658091499910171e+01
8.843007181869442235e+00
2.321251479228562953e-01
2.372754587747846600e+01
6.762217262436362120e+00
5.610502425887120559e+00
1.466236306228936392e+01
2.520482370858478305e+01
2.519121493219305119e+00
2.601243856119384645e+01
2.465193501584768399e+01
1.866166735054318737e+00
6.181161311878746289e+01
1.054375297324049932e+01
6.747657930965621631e+01
4.422820906207217462e+01
1.372706088860902085e+01
2.872871977566642698e+01
2.208365913936003011e+01
2.078687242932459611e+01
6.949580430677887222e+00
2.186641375032745316e+01
6.698025199344047564e+01
2.588780548922973779e+01
1.618729270298846501e+00
3.671031619266093315e+01
6.036733350150527144e+00
3.317240815424516143e+01
7.045812485528978542e+00
1.226963740201951580e+01
1.208869102757331859e+01
1.490793600182632339e+01
2.691701587435571597e+01
4.758408413027250816e+00
2.495207861752167133e+01
8.927806989361641854e+00
2.727418650644295184e+01
3.525953519332915675e+00
1.155849144297496967e+00
4.273740024868718734e+00
3.548301623939419613e+01
9.994573114387855783e-01
2.623434973329739517e+00
1.748230725783117734e+01
1.617914742965815549e+02
1.203378512758560781e+00
2.053973173285084108e+00
2.134900718259789443e+01
9.274879841479358333e+01
9.100424687725357842e+00
2.804850767586450644e+01
2.633808850107783073e+01
4.588453891938126361e+01
4.334066043293287862e+01
1.922168978309567322e+01
8.196940370098887430e-01
5.632857539862029483e+01
9.554289612509579754e+00
7.127015241172874482e+01
6.208485626109313671e+01
2.579472067222323872e+01
3.267856449147425479e+01
6.094080987402845651e+00
5.183906494482156546e+01
8.761749249545466967e+00
2.327356715784209218e+00
8.253032638008201971e-01
2.405611281685550296e+01
2.291604766772649171e+01
9.766135164680562752e+00
2.148437539402554997e+00
6.267447542482145195e+01
2.043480515897204342e+01
4.789806857638922111e+00
5.845387358741433559e+00
2.879748147167369865e+01
1.435918290147521481e-01
1.664448227300184513e+01
1.816413293171982302e+00
1.178833705996256809e+00
1.960274162046848900e+01
5.531960654755152085e+00
2.807438516492266611e+00
3.509271589243117262e+01
1.384059963443235830e+01
6.781072605085218363e+00
2.624394355331566686e+01
5.903382603647144578e+01
4.562154470206872148e+00
4.381903097757064103e+00
9.323495580369142388e+00
2.311884545302730132e+01
1.179462451016272517e+01
7.836649107208031317e+00
2.175224828857406578e+01
2.570925326807395805e+01
1.288379427315757120e+01
6.608540953066875723e+00
5.104293810242906737e+00
7.990433946952913757e+00
1.465452426955588372e+01
1.341316491073989781e+01
2.461123024188861663e+01
1.173510127978920359e+01
1.745757125978187219e+01
5.207101021325676982e+00
2.823340944831647192e+01
2.396485786762763226e+01
1.176628913294029211e+01
1.381238333062233004e+01
3.576669354979506465e+01
1.143947407665532801e+01
3.221530211472640559e+01
2.464987877166210239e+01
3.727557012353231158e+01
2.555032111121042959e+01
6.546529697225183497e+01
3.647064375876908571e+01
3.835501313945745283e-02
5.618759874690650946e+01
3.460658604645202985e+01
2.025069341653016153e+01
3.329185218530926971e+00
6.287150366434413939e+01
1.843863879804770178e+01
2.559031274836952807e+00
3.209005923681344186e+00
1.027573709712680383e+01
8.769557576387846609e+01
1.837035645442274401e+01
2.922437481469849274e+01
3.212522423766829149e+01
1.924076017774462244e+01
3.992150591734285570e+01
2.882241263139374610e+01
9.014859478899575151e+01
2.454900632150529560e+00
1.080557014294388551e+01
4.275095708985607246e+01
3.279117457202145403e+01
6.184076159703790765e+00
3.892223373578506340e+01
4.878325688026380647e+01
1.044504068365376526e+01
6.926337646652808644e+01
2.186890327341220441e+01
1.291212085914685836e+01
3.211717449984736561e+01
1.071961225311319099e+00
1.680562418072138742e-01
2.772685895621330587e+01
5.261777453293669637e+00
1.335614189481402470e+01
2.876412018400532489e+01
3.141814859121579318e+00
1.794648311516899142e+01
1.491605236525781208e+01
2.598198264166392946e+01
4.601438282118837542e+00
2.498862365189410539e+01
4.614686586714587690e+01
2.196263612014226752e+01
7.186677812899075590e+00
2.733724998045211851e+00
9.035593370888325637e+01
4.222276319928131016e+01
2.644101441634370886e+01
1.122570256537471423e+01
8.526703508630383510e+00
2.556794145493469728e+00
6.329160764099772507e+01
4.647550279144809338e+00
1.093634847394586807e+01
2.063984008486581345e+01
2.889041327893059474e+01
7.635152258336178832e+00
1.061706082520241168e+01
5.503085360496626777e+01
2.121274754279419739e+01
3.107640223756284925e+01
3.491334829973976639e+01
3.201507259247745907e+01
5.740919434678841249e+00
8.433161160500135978e+00
2.968184112231906724e+01
2.001680543923849953e+01
3.580178428307454652e+01
3.310427325231465545e+01
8.227488146932364188e+00
4.266333460428597846e+01
5.924696585650798930e+00
3.212600359850907239e+01
1.165721609534325909e+00
3.264075527825732959e+00
5.447150517559479255e+01
3.561211107469563331e+01
3.508235574831581971e+01
3.440435683994021332e+00
2.251773012440876442e+01
1.515512696125211001e+01
3.652978612184120788e+00
5.628745971235732171e+00
1.248919082610262521e+01
4.497966733635798420e+01
1.270814092704995346e+01
1.912014754863415655e+00
8.725417077475418282e+00
8.579929633879983086e+00
4.044158825243043509e+01
1.763989523383222036e+01
2.132560461508690963e+01
1.750401090557164752e+00
2.036343944153140129e+00
4.400522035686586619e+00
5.965123357508759483e+01
1.966810034002981666e+01
2.723893688426679560e+01
1.371315623171275533e+01
2.423103570697384157e+01
8.646394829884108901e+00
5.095799592860503680e+01
1.737258240669116915e+01
1.004513135709821547e+01
9.198853628504384261e+00
4.175804318196490783e+00
1.758943558086310688e+01
2.190781894381193595e+01
6.356727477450214714e+00
2.335491899158763474e+01
3.467982008585900644e+01
2.241224124673534135e+01
1.475106959063178991e+01
6.775271183905663008e+01
1.348482618136949895e+01
4.290876733410681432e+00
6.347537429520351537e+01
2.312694224021134914e+01
6.874337006185969656e+00
3.286581031708576006e+01
1.598068386655174677e+01
1.842601222986945686e+01
5.841850236779310990e+01
2.037699266835881673e+01
4.581537611856233205e+00
3.872242981192671607e+01
3.195586772985752777e+00
5.646361550919259287e+00
3.563546203934864565e+01
2.812974034301487691e+01
2.664388403362494273e+00
2.332090174667198568e+01
1.504573284907252118e-01
1.288418203999222378e+01
4.837861902638199929e+00
2.504979981611768025e+01
1.094527213158159640e+02
1.535974253135589329e+01
1.314285934459939575e+01
2.431195271404002156e+01
2.549121585925210454e+01
2.204118595161844496e+00
2.274335059346840993e+01
3.638853058631158177e+01
2.456783218693959014e+01
2.713998227975384481e+01
5.182432009157898989e+01
7.815519594961745753e+00
2.159981583126007632e+00
1.804536043679071255e+01
1.382149058240193540e+01
4.234864624883996065e+00
1.303360550283211872e+01
4.582855587582779222e+00
1.215555070925812764e+01
9.899505080018858871e-01
2.221469070998006856e+01
1.018366208474416510e+02
1.580229993464037896e+01
5.500635057700654862e+00
1.097131530094668905e+00
7.717681392855372735e+01
1.794087554051451150e+01
1.089552825491842647e+01
5.718991763403894701e+00
5.258257864530445858e+00
3.981678177441304456e+01
1.205557267683264477e+01
4.643038686273425952e+01
2.472034798169772429e+01
1.882547335856512660e+01
8.755696767240918055e-01
9.905955214107557083e+01
6.318243887619897414e+00
4.573501105712345094e+01
3.305865968865315807e+01
1.467914943126709915e+01
1.379595376151884700e+01
9.898833353910420740e+00
3.263142748662460235e+01
5.921165444306784309e+01
4.784923598454865257e+00
2.002458094812637412e+01
2.447606921615486542e+01
4.643279246756020662e+00
1.101250308865177985e+01
5.801812611581016910e+01
3.064615582857934228e+01
1.920407191670817326e+02
4.554479109437591688e+01
1.665992127499904285e+01
1.849205113026004810e+01
1.649069677388527921e+01
1.307392811425162948e+00
6.568778576259983737e+00
7.119187814461599828e+01
2.030970759072473442e+01
2.368269033768920551e+01
3.495743805267645143e+01
2.365968586416988728e+01
1.750910497488235851e-01
2.030782203229232419e+00
1.756595451792119844e+00
1.121407393643873363e+01
2.856501727940811364e+01
3.951437912223918048e+00
3.400062626507789076e+01
1.227786365575185101e+01
1.281751857199876099e+02
2.704490259611539216e+01
2.688750393319962839e+01
2.360633692193031763e+01
3.246394103606348125e+01
2.031579331662035770e+01
3.079359326289351273e+01
1.989353743566778299e+00
2.598097788792999907e+01
4.110626813407983349e+01
1.189132986006851356e+00
1.472898735586982077e+01
2.027641856567100120e+01
2.152335813809569132e+01
2.316118221562755508e+01
8.417542747207716047e+01
1.299739779143059548e-01
5.758303214820777782e+00
2.228554330128470795e+01
1.209304675272777452e+01
4.708381981857842646e+01
1.688944909204028022e+01
4.991595241144893613e+00
3.868569028391637410e-01
1.434249913753403938e+00
4.729984775510629014e+00
6.802475598239338694e+01
1.150210971309486574e+01
6.831778348596660067e+01
2.233626595097225476e+01
1.686074861275639325e+00
1.914286046424939869e+01
4.919630207063252669e+01
9.155486345302692897e+00
3.284359515558085718e+01
1.887257067970239532e+01
4.358994242634282301e+01
6.182261301641933926e+01
1.412149523274733021e+01
1.599122245208257986e+01
7.390040110964858400e+01
9.575962743803643207e+00
6.747068545510894744e-01
4.858754771495100933e+00
1.640178616644971399e+01
6.729783419642511255e+00
1.008180089728570650e+01
9.667822397171445914e+01
3.761330479500610391e+00
1.891150059195653910e+01
7.119237006320706485e+01
3.248620657984555748e+01
2.818524345210316895e+01
2.419745945179262492e+01
2.613792058290330544e+01
2.231610346711406123e+01
1.040688975275616279e+01
1.666140524367889384e+02
2.386557453623716540e+01
3.166870828696758977e+01
1.325965668086674931e+01
1.095409275112684000e+01
2.040085374135335883e+01
2.332417157914828953e-01
1.837199903765937670e+00
1.712443163966725690e+00
3.059877018868847287e+01
3.992168659569026801e+01
5.184903481506010792e+01
2.024620196401358285e+01
1.773646445024028750e+01
7.990267369138128295e+00
5.439529730232059279e+01
5.155208428312430158e+01
9.612082340543679493e+00
4.772205171479259045e-01
3.141496903936923601e+01
1.084149250338047565e+01
2.219930867815719466e+01
2.007217398580223033e+01
3.713914457314032092e+01
8.215283300311915582e+01
7.532470724871069478e+01
3.678489251666900106e+00
3.734925525750074371e+01
7.885010011199771895e+01
3.676396542076451368e+01
7.533910740951535345e+00
5.222293908140544616e+00
1.054684881079289624e+02
1.473007118383314440e+00
9.159738536009058407e+01
1.221580506710689562e+01
9.580396318565874481e+01
2.792579999300613292e+00
3.980700659226185678e+01
3.350578550541560929e+01
3.336203197024941147e+01
1.807910078569081236e+01
5.050463362665463585e+00
3.323037755515817793e+01
2.966771762372790278e+01
5.497554422929418649e+00
4.081785647953046947e+01
1.664337298759233263e+01
5.482067726685531106e-01
1.100628738781178839e+01
6.219989209831801702e+01
4.948695867130640913e+00
9.068594423480622879e+01
8.638659221565495372e+00
9.734716642569138045e+00
1.854361957376713121e+01
1.601735469891096741e+01
3.538216791772285319e+01
4.904745004978878775e+00
3.078492987391686952e+01
2.134139500355641061e+01
2.182479225727737671e+01
9.384390130093622773e+00
3.087405877306060198e+00
7.631851125399233382e+00
5.810540835960997441e+01
2.832060859875146264e+01
2.186972105019324175e+01
4.305975388233103018e+01
9.266353293143110292e+00
8.529672517287831113e+01
7.697726331756536311e+00
1.838990153248408532e+01
5.234546681763945664e+00
3.647253153723438945e+00
2.224590013339106065e+01
1.373695600046265852e+01
6.207805589062354557e+01
2.675566870154453625e+01
4.342289434962786743e+01
1.004580525760412080e+01
3.900789320637371560e+01
2.132216183415149047e+01
1.200339551202567856e+00
1.346635386381429544e+00
1.901004258533811253e+01
4.854864442803861202e+00
4.256193953697957255e+01
4.894230849783493653e+01
2.440126466623479118e+01
2.153812893370642811e+01
4.897455096153100840e+01
2.627690372597559332e+01
1.987433842113897953e+00
6.445886859599770702e+00
8.109303452758406650e+01
4.660004472952467225e+00
5.842788178677199795e+01
1.058613589204598915e-02
5.698661077399996167e+00
2.106599123710262944e+01
6.504386609424965116e+01
1.771425763961210365e+01
3.057653520424229043e+01
6.951596292185928228e+00
4.113996026341390611e+00
1.587865652405464267e+01
3.105611292137599477e+01
1.340612187748526729e+01
5.757846342787336624e+01
5.052326452549218772e+01
1.449349211834280560e+00
4.774305477035660061e+01
4.903173695798856357e+01
5.827215654950275336e+01
2.333314474572391717e+00
6.639728815005195628e+00
2.587530998977545169e-02
3.173102280923862040e+00
9.680092337427885241e+01
1.110010586770739494e+01
6.903593964794687565e+00
2.611702586831758310e+01
5.034785010482326584e+01
6.754358697930902622e+01
1.531505653052758764e-01
1.223593520443221649e+01
2.757901173257634397e+01
1.568230688429293984e+01
2.312304020607032129e+01
4.231859061937350930e+01
2.692159371083154085e+01
1.589382563543409788e+00
4.539365292862812851e+01
1.356229114504866118e+01
1.757478696063035883e+01
1.824437573689699832e+01
3.898481142197356419e+00
4.079638502136821998e+00
5.633668439231899328e+01
2.124819261326896935e+01
1.287622013113992914e+01
5.158812409086336004e+01
1.383535300190138528e+01
1.133567591265480274e+02
3.810793580074381737e+01
2.200412463410854613e+01
2.631078434211575612e+01
2.261774046283978734e+01
7.365931622899462461e+00
8.309493891880181948e-01
2.837847792292456717e+01
2.229677020960572520e+01
2.105785450079408960e+01
2.303599738838776645e+01
8.224794029796149175e+01
4.495910369626152203e+01
2.033867834479031345e+01
2.250145924947849707e+01
1.896304062953409808e+00
4.266737210636124475e-03
5.090565433729977940e+00
1.880986945124471887e+01
4.185479590537017902e-01
1.341988316811536777e+02
1.127487509191248449e+01
3.859776495765580850e-02
3.905990049488073379e-01
6.605366541201946973e+01
7.497858689911016938e+01
2.792446986207601256e+01
2.303561354195826638e+01
3.197166664586091667e+00
3.125851786241728547e+00
1.226772311226467593e+01
5.674243967778154030e+01
4.171450571177390287e+01
3.323455384002385049e+00
5.319413938901760730e+01
2.106159095954458138e+01
4.119061292335391755e+01
2.034132377388199586e+01
7.264761375035239155e+01
4.719667177108008538e+00
2.239576383751997302e+00
3.271370035694034062e+00
7.914362935843437530e-01
1.171765699757985280e+00
6.894122357765738229e+00
2.146859282611036690e+01
3.494809656694396693e+00
1.210238749887668952e+01
2.709480597276327885e+01
7.767244756391405991e-01
4.970477119180370096e+01
3.964889684066996978e+01
6.939607617370860737e+01
5.252552320004476627e+01
2.340402711723918472e+01
2.498717616997689817e+01
6.099093102061950988e-01
1.413864135235910169e+01
1.459856999008715484e+01
6.299938920480534676e+01
5.723014098301542951e+00
2.837000376896092035e+01
9.304563281780090733e+00
1.700411066563193074e+00
1.452505093310880291e+00
1.761874731836426733e+01
2.507218795945432177e+00
2.261034815453310998e+01
2.690327416026222096e+01
6.578536889860471604e+01
4.755944403093376138e+01
3.059893948174968159e+01
3.524030069301839063e+01
9.923685064542742396e+01
3.281092275841908101e+00
2.014808507304423291e+00
1.198754861002345393e+02
4.237720555326023764e+00
3.815558495765633040e+01
6.049362085779825815e-01
7.392520571000513741e+00
2.538631634480443752e-02
3.624269801290439830e+01
6.578283059981718139e+00
1.167949082204870237e+01
9.762370743786604521e+00
1.042585349928035754e+01
1.246079854676816340e-01
9.622571895531757402e-01
6.477569594090709870e+01
1.196292377764135217e+00
1.433553480311054962e+01
2.521729230954002432e+01
8.899061545353749381e+00
9.888743466051124642e+01
3.759303886618330637e+01
1.517750916747687917e+01
1.890700934708227976e+01
4.035100570920310759e+01
2.468026982130740787e+00
2.056803385586870314e-01
2.200080209608313098e+01
6.559721601898915289e+00
2.114242017307188704e+01
2.988545633051953754e+00
9.494632201167281949e+01
1.371797217156001025e+01
7.064441339934968767e+01
8.020071868659124448e+01
2.363081888355021221e+01
8.355920667397299439e+00
1.904223959993749915e+01
3.080103266115808935e+01
4.798697775764189544e+01
2.357252565898063779e+01
1.774104518529646413e+01
8.307122091179238055e+00
5.190632492194394132e+01
3.876763889916901462e+01
9.540373211432761025e+01
1.037506103242091138e+00
8.453499021504831124e-01
1.309784520726375376e+02
2.953109511534401488e+00
1.688348277875689307e+00
4.668505243707878094e+01
1.111502553435737006e+01
1.615993484248976841e+01
2.548402542167698925e+01
2.298256513759367081e+01
4.806870330345356379e+00
7.122715573077559981e+00
3.387594156769424103e+00
2.007378631111075862e+01
2.278417417836659187e+00
4.927167902135382249e+00
1.160505518759610055e+01
2.553821783339508400e+01
2.171209844118845211e+00
2.511072923516585398e+00
4.546016104898148669e+00
6.337215510416627495e+01
2.546911314804297177e+01
9.453651033878277588e+01
7.762794079848521989e+00
6.427745542146398350e+01
4.956963129599191120e+01
1.772334673979913759e+02
3.289845114123527203e+00
7.362408447073161888e+00
7.320986407455852607e+00
7.529302066843099439e+00
1.276992702558845849e+01
2.960190887759589629e+01
1.030529972781750025e+01
2.204600314102564695e+01
4.377167510659596417e+00
4.352887985370980317e+00
3.372008483824598102e+01
4.010072819791307808e+00
1.257739542165328039e+01
6.521744766573451102e+01
8.239092699937675945e+01
2.660364980455540973e+01
7.326778462797109626e+01
1.692454517418578164e-01
1.609832416507743247e+01
6.419085299286103918e+01
6.473932263824279332e+00
2.684746544150052205e+00
5.326846000434264994e+01
5.220554585536931747e-01
1.504896719553153339e+01
1.394365602819346606e+01
6.368799261841014969e-01
2.598269419402921088e+01
2.586900501902713856e+01
2.139073568885867616e+01
7.613890772879857494e+00
1.501075524910182324e+01
1.397871980126724623e+02
8.259950364322287442e+01
8.380438336424084866e+00
6.537114815703255033e+01
1.364819714485693558e-01
1.715195342303082182e-01
3.695393136436345483e+00
8.019338658642501727e+00
1.520986347893262725e+01
6.119747620616986516e+00
4.672978854422454020e+01
8.550978958078880865e+00
2.638076754113503064e+00
1.361070748591959934e+01
5.658639009911055062e+00
9.504053393142527284e+00
2.483976059528980684e+01
3.700578066623315010e+01
1.932830925914011999e+01
1.021001190810728598e+00
1.999783349005739197e+01
2.258349697057303374e+01
1.851726759661428900e+01
2.157404749974047020e-02
2.781361878705576984e+01
1.052639034963801556e+01
7.162810390060036525e+01
5.377480675010772160e+01
5.354673243563818907e+00
2.337749100837952732e+00
1.441292294066863278e+01
1.057433279337574916e+01
4.076432258024966337e+00
2.149474188329171653e+01
2.284756423078199816e+00
5.166757168210677875e+00
5.931545854848026877e+00
1.407301368897305727e+00
8.642862309039477609e+00
2.410544784126145501e+01
5.999379136029309478e+01
1.246133755531459109e+01
7.709305382252405536e+01
1.030096418154804994e+01
3.112203075084685722e+01
1.959710630985205526e+01
3.703665622292119508e+01
6.365783310564902564e+01
9.622856607477447710e+01
2.245192898264012271e+01
4.081554278625977972e+00
3.247908190214997148e+01
2.245769940895623407e+01
1.944888753738053921e+00
5.580876940048430868e+01
1.049009178543538496e+02
4.807230366991023374e+01
1.548934148775603603e+01
2.069393710602583525e+01
1.890624802974268803e+01
4.064942853283042723e+00
7.169874759731206915e+00
2.403266468625897545e+00
4.288299472454581007e+01
4.356442367830639029e+01
1.008003328994887537e+00
4.853750757946720285e+01
2.018500987055483336e+02
5.705025361761634173e+01
6.571032996100170465e+01
1.120320547062232492e+02
1.516178103072333272e+01
3.791722086775650524e+01
1.285397439914896012e+01
1.046938951780667679e+02
1.953025989561150055e+01
6.146323467058702761e+01
1.920410506250332716e+01
2.154997224564268876e+01
1.350305429548886949e+01
5.631031278751677860e+00
2.550481242443590979e+00
1.385028454363484229e+01
1.457200840436819611e+01
1.281209655669667846e+01
6.044018208162694350e+01
1.075226815253720325e+01
1.220671805752757777e+01
4.760516375280511170e+01
9.860160369914511946e+00
2.174222665556589718e+01
1.484171645228652192e+00
2.956190578079445519e+00
3.111841559380835065e+01
5.282135676839133254e+01
8.724509169905619643e+00
6.356157451498129163e+00
1.127791183202295144e+01
1.217804708207341378e+02
1.439921075940863773e+02
2.977872380629926141e+01
2.984707662823812058e+00
5.255727471653891314e+00
2.365908732504328427e+00
2.472257425397774355e+01
5.002926596028179063e+01
2.912433259587695389e+01
1.160973161593897629e+01
6.240224100020189013e+00
2.709570751531192201e+00
4.881315720599938857e+01
2.903698646936056704e+01
2.637360840875080115e+01
2.656609773261133789e+00
2.780732450522902077e+00
4.793615562772824745e+01
7.652013448388884642e-01
6.096520125297195847e+01
1.676519096865874658e+01
3.872900704531695482e+01
1.194881221823276718e+00
1.440896487919230928e+01
4.414669145375897585e+01
8.869068283388644502e+00
1.207595298376297954e+01
2.772198696212650049e+01
4.163946591762809391e+01
1.886646613966763297e+01
1.187809173091949866e+01
4.184278361420638248e+01
3.024381998657336723e+01
6.091096844049864956e+01
2.126972203941884132e+00
2.329528125535989602e+01
2.317869497091562181e+01
6.975719791723042817e+01
8.182061466548549156e-01
2.097685949661553906e+01
4.278089933723374649e+00
1.801677624294767099e+01
1.067665040264420329e+00
7.826759941441315505e+01
6.025369963763847636e+01
9.874493577104306308e-01
2.381282168046542935e+01
4.001663641132908822e+01
3.285611326968595591e+01
2.303157798356634345e+01
3.321107576761921365e+00
4.425380923571611724e+00
1.723612026572284961e+01
1.579937711517003152e+01
4.039650352392215815e+00
5.837003305067154457e+01
5.781297886845564449e+01
2.835408919039517883e+01
1.851698572502136386e+01
1.746367768933299036e-02
1.319899623669257238e+01
6.011663407106904344e+01
2.038252339806786750e+01
8.206220282096582253e+01
2.080375184092941865e+01
2.795318338578056228e+01
1.246020368392759359e+01
1.737244448741522973e+01
8.936124887891732982e+00
2.887606925641015820e+01
1.253049550322131154e+02
3.141860867071455488e+01
6.746362301988969534e+01
3.747231868118225862e+01
1.473298480998022697e+01
1.784847851834024013e+01
4.146252219218891355e+01
9.555001808150285214e+00
3.502436362181521190e+01
4.276698604686880856e+01
3.015838817177574627e-01
1.081274601612139674e-01
3.596015398621157289e+01
2.189500284590408796e+01
6.654327498830974719e+01
2.045556411661758389e+01
6.968824785309896130e-01
2.504020941815879908e+01
1.023153702286754907e+02
8.066967993666500192e+00
2.264770155649127759e+00
3.066686750404574013e+01
2.327741000001249105e+01
3.956471327621106582e+01
5.631173627996335540e+01
3.130803129632813153e+01
7.461226392085056336e-01
8.165298055654620413e+00
9.713762588422657496e-01
7.385274060721163103e-01
1.453897883917967260e+00
7.367439895213792056e+01
5.224864844087902327e+01
2.458674304918279319e+01
4.060628890492728793e+00
2.782644935985653944e+01
1.956599699338808662e+01
9.561480127707596921e+01
5.007018818873729060e+01
2.862950269350334764e+01
2.623598217815866818e+01
9.685481096544267032e+00
2.529964125359835503e+00
4.910450783821905141e+00
6.637157936889670395e+01
2.661256967256474937e+01
1.282517338909757854e+01
2.235665159588738904e-01
1.047196684876904271e+01
2.967752771135884871e+00
6.972861923375771598e-01
6.555811977750570918e+01
5.352404610875736068e+01
3.699504677189345614e+01
5.466803717539808760e-02
7.119308424157268611e+00
5.767361041461224858e+01
1.236404216013544755e+02
5.207346051269824017e+01
4.464928775514017900e+01
7.051748745629593529e-01
2.406422197291150589e+00
1.421983428680648487e+01
2.399834598996534396e+01
2.421684134060826921e+01
2.961140645637056590e+00
1.224498619236447006e+01
4.075225840008473988e+00
4.612078699192396414e+01
8.266297892861669538e+01
1.903896604057451114e+01
4.789839796037778541e+00
5.123959719989309036e+01
1.352401628432432723e+01
2.435981918846236738e+01
2.014368420938546578e+01
4.954482242933837988e+00
4.844859995351101389e+01
2.966584933253423539e+00
2.346529070420859497e+01
5.400353117886830923e+00
4.120975402453048275e+00
5.646677767311953922e-01
1.742867539225209583e+01
1.278786021931170502e+01
5.560904870073242279e+01
4.687975770926837704e+00
1.836729561396590782e+01
8.496179412275854048e+00
2.165669156110218430e-01
1.203886696589288086e+01
1.676627006435673195e+01
6.115987375795324255e+00
3.190707756041290821e+01
2.865983800867344655e+01
2.695704240922828987e+01
2.955729157603919788e+01
2.048872159117890490e+01
1.436015910803844697e+01
8.464678771102859045e+00
1.937164206980126835e+01
4.915396850073526025e+01
2.547970968261343572e+01
2.109903849652876318e+01
3.663098168014956713e+01
3.715913210048705118e+00
4.728543844347802505e+00
4.308434730071765273e+01
5.126791979408823474e-01
2.359266634958934461e-01
1.208739766471504993e+02
1.341224752797210584e+01
1.593711979159156478e+01
8.773128846951513182e+00
2.550677316224606272e+01
1.965188733931374188e+01
2.534383677449194394e+01
3.552407451529263227e+01
2.711533447512502804e+00
2.484234688964047422e+01
1.021108103836330327e+00
8.543719653995946572e+00
1.399738660058903683e+00
1.051013965879020517e+00
1.439872799784305535e+01
2.629744810125265886e+01
3.005533059163091325e-01
5.719772780969847314e-01
1.401599714194952995e+01
1.648099087962355469e+01
2.000291033844011634e-01
4.971814599453647787e+01
2.793840912450028569e+01
1.401784260190133757e+01
1.939551565012650158e+01
2.807765622179234200e+00
6.756437249236972775e+01
5.371503618680568337e+01
3.270794954788065922e+01
2.413667777954263904e+00
2.670627622222681197e+01
9.824890732806537130e+00
9.111008108817775231e-01
4.347249938565202476e-01
1.379772358898360274e+01
4.225839325102068500e+01
1.651301908555661768e+01
2.063617804584397142e+00
2.413456420575663230e+00
2.510146366242307892e+01
8.961959885088775479e+01
2.078856994367326294e+01
2.342931347098147299e+01
1.410831228658098553e+02
2.222736639118132373e+01
2.591857857885538508e+01
4.925476240334445421e+00
9.653076687863425320e+00
2.484475826972634493e+01
7.921745087532669594e+00
5.317650491762314147e+01
3.694878118296471570e+01
3.293454004751628528e+00
5.010543923384214793e+01
1.144424704464613285e+01
9.024071352845943750e+00
5.590292491253449469e+01
9.557196862586316399e+00
2.428685189981638715e+01
1.791088553305584252e+00
6.514656345129589354e+00
1.378840048007023089e+00
3.012653867909973915e+00
2.027820151253723502e+00
1.640361725117356784e+01
3.314730794410737502e+01
2.669556425628993068e+01
5.287381127370212042e-01
2.473943013440577232e+01
5.001974787607352951e-02
4.288654444756457296e-01
1.594151781619718555e+01
1.805493192998493441e+02
2.814974880495936205e+01
2.537805088156995481e+01
1.495558876821199412e+01
7.499820911949763413e+00
9.796448757711830879e+00
7.583871951686350599e+01
5.668119573912573372e+00
3.656142745290038221e+01
1.101446202410572717e+01
9.047728029290263985e-01
1.284309251264068941e+01
8.417668297515275810e+01
7.794186207665528165e+00
8.946731262461151246e+00
1.008903434767054108e+01
3.756833328837687702e+01
2.580979597217494259e+01
2.311252165097531375e+01
2.805392287440839283e+01
2.440432849032804796e+01
4.869480923616729484e+01
3.567820263988938478e+01
1.069841485197508604e+02
3.866052879275888898e+01
3.052187937140447449e+00
2.940434417407444201e+01
5.001991160443689521e-01
8.221096739734658598e+00
6.831213041251961160e-01
7.813353997370882986e+00
2.553534067032106947e+01
1.986852762934908156e+01
4.335880759584362032e+00
2.600805773754057171e+01
1.112990271050516533e+01
2.060374337223397578e+00
2.413729439174299785e+01
4.885205357430860573e+01
5.087376956286306751e+01
2.195207681637716490e+01
3.009423912796426848e+01
6.215061404082995900e+00
4.825532018365709064e+01
7.113051956121218211e+01
1.894142129830102661e+01
8.813994364727813391e+00
8.963680663347366462e+00
2.957127083717415061e+00
4.933336884322154958e+01
4.668391265159536729e+00
1.297538933436086594e+01
3.527049207531453234e+00
6.887889009415115993e+01
7.384339377840953489e+01
1.670121325196831208e+01
2.566703650374061496e+01
1.669645070815949239e+01
3.907459612771165069e+01
2.957988903640818457e+00
8.119541316706129663e+00
8.320237038099332239e+00
9.078317379067948778e+00
3.282307734965510804e+01
2.837977748772001974e+01
5.429868918783561371e-01
3.772675800233846388e+01
1.962446661632532852e+01
1.720988289569356766e+01
5.874430858996593230e-01
1.755611805761250110e+01
1.148161660064823479e+02
1.100054157582994918e+02
4.177181601863050986e+00
2.326502916087190087e+01
3.138969716178019898e+00
7.578883025078324920e+01
2.796195410621070465e+01
3.333692366474578961e+01
4.748915276042752964e+01
6.877374150372789430e+00
1.696666395464585975e+01
3.954126752348861373e+01
1.255195710137821408e+02
7.217151898446149971e+01
1.775964038581923532e+01
4.084168056486289089e+01
7.238502677385410422e+00
8.868086076324683820e-01
2.320653626302602746e+01
2.263255672350807401e+01
1.772942187438696848e+01
1.344040808306224832e+01
1.176777080590814956e-02
1.500921523625046561e+01
5.457189905077442660e+01
3.328709803478859186e+01
9.247831772200575173e+00
4.537920887590973251e+01
1.665203336907429588e+01
1.666036301735681846e+01
8.918749024923478430e+00
6.645655160273359563e+00
9.570047861044129434e+01
6.593349091644887494e+01
1.212626666464396408e+01
1.048968228490380383e+01
7.306473259862659830e+00
2.437450987699032012e+00
1.155827137331961154e+02
1.817383696491461649e+02
2.625802161623699149e+01
3.314726505644712518e+01
9.892063635985698156e+00
3.275819389916413371e+01
2.290026021789294219e+01
5.792033732409847424e+00
6.028047515520524513e+01
2.876277930827216878e+01
1.748507070087231341e+01
1.161339728738692543e+02
2.491033560413454140e+01
2.646345209673064858e+01
3.757806293806456921e+01
1.770825547549888412e+01
1.769950341030636665e+01
1.287239125219403846e+01
2.945340256597420936e+00
8.963836101141794188e+01
6.267891188413366876e+01
1.081424749380467532e+01
6.404887224683136537e+00
1.351540736486388994e+01
2.064698156485843228e+01
4.527226605765320500e+01
3.645652273375097963e+01
6.577180796372125826e+00
2.597766972636566507e+01
7.210672186049782795e+01
1.858084588995648190e+01
1.708127915489346549e+02
7.160168950382832520e+00
1.204526931645204257e+02
1.591492768456950380e+01
6.394330317405410824e+01
4.317671608443610864e+00
1.655043260903945850e+02
3.262887719328748659e+01
2.527440067250849864e+01
1.997299899782109023e+01
1.531810864010401119e+00
2.434953361571999153e+01
1.028867442613859318e+01
2.427697315570770442e+01
1.364018566316388004e+01
5.902866293523676688e+01
4.217847441336803449e+00
7.561648073513283919e+01
2.380931330832866166e+01
1.541062986642319288e+01
1.474980394072574086e+01
2.889309223935270765e+01
6.342929147686710678e+01
6.573961385693787740e+00
6.830775767416172428e+00
2.748869112063290210e+00
3.140355349266616258e+01
3.292601275760462443e+01
8.277153038425700160e+00
2.296593453656208705e+00
2.572198895308491728e+01
2.935732264300796857e+01
3.252603208867219564e+01
1.489445388168550366e+01
2.001051944020773021e+00
4.081876914000032741e+01
1.839437160380852987e+01
5.030411498254786551e+01
2.179614793303886344e+01
7.291216042132185216e+00
3.390477119312577670e-01
2.375390361895373204e+01
2.244364322195214978e+00
2.215571663050583950e+01
3.932849711071667542e+01
2.276462554038423391e+01
3.594554973849240387e+00
7.035837714262721754e+00
2.445740111368470338e+01
1.080202725144328824e+01
3.701743371103021207e+00
1.085310295501167843e+01
9.217587078056710936e+01
2.402576898679897044e-01
1.060508300543651039e+01
7.044807959095107819e+00
3.877865602021532965e+01
2.066605439039794945e+01
2.519852677111624928e+01
6.797438588581306007e+00
3.284677688795535744e+01
3.017319876395427514e+01
1.425287159830493700e+01
3.466452003059615539e+00
5.689922708741581125e+00
1.585390578501669090e+01
1.726208039618752821e+01
5.397854757800927672e+01
2.196724254074844040e+01
1.991762527283448492e+00
1.876949790094256088e+01
3.958066544278979193e-03
2.051815211457481425e+01
3.936055946784991733e+01
8.769348823762949108e-01
7.151893057713510871e+01
8.031872307057911087e+01
7.096311208675482263e+00
2.890106074729051500e+01
6.396338325678619929e-01
5.620256171516934351e+00
7.024940690625042228e-01
3.493012310207323168e+01
1.197216052395307928e+00
1.551330744818187668e+01
2.802300756114771829e+01
4.343157934635508255e+00
3.292598616763012132e+01
5.888224988115041469e+00
2.209540685991881048e+01
4.692052689884834926e+00
7.020965069233724876e+00
1.472176073859882806e+01
4.707824035102756710e+00
2.867570973400055934e+01
3.444075887392267887e+00
8.025937040233772635e+00
2.974221620963377077e+01
2.215049707028956760e+01
1.662012395117065822e+01
3.607070653855165432e+01
3.822855567566757173e+01
5.142252135445358086e+00
6.811118040692326758e+01
2.800223567143625658e+01
4.076012143713084157e+01
2.132422720283901540e+01
6.476061154582517077e+01
1.577906933913813958e+01
3.346306328975696687e+01
6.128491560060965782e+01
1.040625105171759435e+00
3.839673209154681466e+00
5.169145451729824003e+01
2.780855140614183441e+01
2.883847870561672355e+00
8.096272311345194339e+01
1.062546892177050317e+01
5.223038555635042002e+01
9.263106189224057374e+00
2.614056124279089488e+01
2.079717742987387818e-01
1.656627064038671104e+00
9.624994956817856107e+00
3.650183436605523579e-01
2.435832696137787323e+01
5.848634111649190892e+00
1.256127682164444614e+01
8.415798397257574948e+00
4.024739826751558525e+01
4.949117518718438191e+01
1.090332058624274048e+01
1.791958548143452745e+01
7.783828054540446573e+00
7.689179158799314129e-01
1.794182579628504826e+01
3.168665320746297454e+01
8.855883262517262722e+01
2.491732424750749786e+01
1.225422129458318388e+01
4.032265833853583814e+01
5.667663691539932813e+01
4.277126059074971920e+01
2.223350944295012233e-01
1.361610025442150018e+01
2.290930520967800632e+01
2.451862367879426241e+00
1.435786224896174801e+01
2.517037235509723558e+01
3.608996929711819490e+01
6.771792271100605110e-01
4.600350014582365255e+00
1.335953790446305156e+01
1.683162865251266682e+00
3.246412777860701482e+01
2.524933256831340955e+01
2.257980760070885395e+01
9.065142326022103703e+01
8.019456832823982495e+01
1.975208126701397449e+00
2.304327140724953704e+00
9.985916133916990844e+00
1.837551215288267770e+01
1.882548393139130383e+01
6.742070256290078056e+00
2.418840739521694871e+01
4.922429996639618111e+01
4.844206669458714742e+01
2.964733051100254979e+00
1.606822944735349523e+01
1.682566444249078685e+01
1.840360755673388127e+01
5.677552783143227089e+01
2.538299400352670787e+01
2.073266442448175084e+01
4.342740429902294608e+01
4.330765338784750185e+01
6.194321155699567072e+01
3.635053084903108811e+01
2.530986622389207952e+01
4.196127112173820173e+00
3.805450287527065001e+01
5.473396685316370736e+01
1.019345423008635443e+01
2.529081654159088255e-01
1.405074385526375735e+01
8.822875567341439407e+00
4.867169322367095674e+01
8.503889761181252505e-01
1.934681914604776409e+01
1.674770811168794227e+00
9.255973076712092507e+01
1.196483124902457362e+01
8.674837788020319351e+01
1.071592308959020201e+01
3.063413645972898891e+01
3.006558936737071974e+00
1.891134737692228285e+00
8.328993256850099058e-01
1.291743251703550532e+00
2.039074291480692802e-01
1.289512064852131701e+01
3.158798921872637777e+01
5.204793946538431015e+01
6.651294605021925577e+01
5.438127293242387594e+01
7.255502859099541979e+01
3.046816887301695687e+01
4.621275298832856748e+01
9.381825653987670988e-01
4.179249269498340169e+01
1.225531048634253324e+02
5.412553747590477471e+00
2.220185698846992040e+01
1.177539333639635011e+01
2.592095889969442180e+00
1.108936902592664175e+01
7.121371977653075191e+01
1.824266163869123858e+01
3.397321977446549113e+01
4.585203838091777229e+00
9.819997040882801898e+00
2.186738450931540356e+01
1.827427160172508991e+01
1.078466065746994040e+01
2.119104147778890734e+01
5.513363822070206055e+01
1.191363346283497648e+01
2.658878622047021523e+01
1.887953529071335623e+01
1.153940543309571609e+01
8.933280969829640483e+00
7.119658551186942930e+01
2.576752072982644393e+01
1.220990490000517653e-01
1.974457292977917788e+01
5.801200853238060340e+00
5.846075230331552852e+00
9.853708543779111650e+00
8.886265131549350826e+00
3.377754063857235423e+01
2.007404121678710496e+01
3.295170818082107189e+01
1.226882995276508481e+01
6.501379381984072836e+00
4.812856141447971581e+00
1.110335432728449661e+02
3.146655097876782037e+01
9.655927206250980888e+00
4.280564426224611907e+01
1.629629922333571201e+01
1.828531569297821235e+01
8.288622215187210429e+00
1.502955904339567050e+00
3.624160037327674644e+01
3.714555103439727901e+01
3.085943083112542240e+01
1.438291071310833935e+01
1.364736175814637464e+00
2.036344809757282548e-01
4.208682899355675744e+00
2.675909173389394713e+00
3.019114892461974264e+01
4.661124631821459197e+00
1.943839305530186934e+01
8.427624106770669243e+01
2.484324251293810182e+00
3.210367615782784156e+01
2.659367932874094453e+00
4.738113999824853551e+01
5.353450662162796192e+01
1.681159913785163340e+01
3.573135095630117775e-01
6.664275016815784269e+00
2.787498050449034892e+01
6.341036957316693368e+00
4.912192111147860629e+01
4.811941256299756731e+01
1.931825084473964438e+01
1.421584645438749295e+00
1.049267468819364524e+02
2.039532663518752731e+00
3.600941424423437098e+01
5.523198667166654729e+01
2.897147122725255386e+01
5.160372208479987677e+01
4.373139253745590871e+00
2.720535834018930998e+01
1.456061806685623905e+00
1.052853916919972432e+00
6.007313966750472645e+01
3.211526365334292876e+01
3.883632162423939604e+01
2.074938291203993312e+00
4.689661200154123577e+01
2.321819397286531839e+01
2.142887599977985857e+01
8.473638355139058831e+00
9.286353798911201052e-01
1.335799814150425258e+00
2.569880593428719351e+01
5.996098767345520386e+00
1.034691500902169992e+00
4.165260043546040691e+01
2.275469301676357148e+01
1.828656570623458677e+01
2.298682590715496588e+01
8.760235582903683849e+01
1.563218266633863651e+00
4.156884025372233893e+00
1.283552567219006058e+01
6.613426594212848286e+00
6.838503174761250136e+01
2.524449253424420903e+01
3.049591706628302035e+01
2.551963980187150227e+01
2.416600780241713053e+01
2.995835969817473909e+00
1.971381392791651166e+01
1.399889440387324102e+00
1.055967334297275961e+00
3.653437300375659191e+01
2.121855761450570199e+01
2.482959710701898715e+01
1.018115634233487654e+01
3.895156638861295484e+00
3.408031669371292338e+01
1.114498498356644873e+01
1.312239760661516375e+00
1.239920827468209836e+02
1.356282102738034894e+02
5.874742535529544618e-01
4.987141869893400248e+00
9.226426609566074077e+00
2.977426672873515923e+00
4.065130358856397663e+01
8.147291994462054987e+00
2.455701858073500432e+01
2.508136037013965947e+01
8.340378752875708956e-01
4.461291882975737089e+00
1.977942129835003726e+00
5.894676145112534726e+01
1.145883247252835524e+00
3.057705826614456157e+01
4.070641892062385914e+00
2.325521288560639022e+01
4.562187550944000236e+01
2.853121928647717809e+01
3.407952771102591782e+01
2.723197150310587844e+01
3.562979529481166452e+01
1.216034894222525153e+01
4.341712116081370976e-01
3.281637037796611978e+00
5.816751681541142638e+00
4.968355950266543886e+01
9.489104589963288561e+01
5.723540425844536372e+00
3.759543091059776909e+00
1.156914660430935626e+01
6.902199571739966899e+00
6.937829807418891548e+00
3.130514039133102244e+01
2.610339094427308737e+01
9.234374453200596689e-01
3.852385995790168494e+00
1.695539774405957090e+01
3.970882935161670702e+01
5.258337177990768829e+00
7.054926653532834280e+01
6.410048674230833576e+00
5.037914404152625814e+00
2.229269954230574058e+01
1.648552851089418780e+01
2.615861649662756250e+01
5.891024017497219489e+01
2.843032802535157444e+00
4.934241600099944236e+01
1.065963805569455580e+01
2.797784949431263968e+01
4.837714233128877162e+00
1.287927791612267754e+02
3.712226910910541733e+01
1.659024988448867077e+01
1.640703034787333925e+00
2.369514174828744046e+01
1.119450558081410740e+01
4.481758870343014678e+01
3.175109892719358484e+01
3.393580828401297111e+01
2.987703756964146251e+01
2.213055796711237377e+01
3.627329371693910787e+01
5.677371493904691846e+01
7.979327026984982751e+00
3.125214495031862327e+00
3.820985446044865341e+00
8.321976406703031159e+01
3.079906664786305370e+01
2.378997509276594968e+01
2.423149697051605322e+00
9.463351023604398904e+01
9.290740681630639131e+01
2.652233086086842562e+01
1.911067979058518418e+01
2.145394571374137982e+01
3.829662050299428078e+00
1.508879107000523412e+01
2.937016348810119482e+01
1.363502863330434689e+00
2.325154871941413504e+01
3.553285799801246014e+01
1.549440583076207290e+01
3.271646541078057968e+00
2.482847349447661500e+01
1.817889258778062356e+01
9.071589648606414258e+00
1.713482187585260164e+01
1.334228787818587669e+01
5.146740181984890228e+01
2.031564601205315768e+01
1.528696345354671493e+01
3.720691393145918013e+00
9.769905189242056309e+00
1.105803440466571352e+01
2.176479469710383796e+01
5.546179950363940492e+01
6.186540500760112593e+01
7.962384504093285464e+00
2.353326974291269380e+01
1.621467173064875533e+00
7.318425258188426596e+00
1.995251466301960619e+01
3.106513081348613525e+01
8.668188863399464594e+00
1.445626854048570165e+00
1.256032095415938343e+01
6.102781985247396790e+00
2.830911335886035474e+01
2.961856194468562853e-01
8.551134610290779037e+00
3.325015364803790341e+00
5.116756130822580673e+01
6.646192091780984867e+01
2.240113412459320585e+01
1.536245971518999021e+01
4.787985224587985478e+00
1.453832713418281841e+01
1.630197599077691351e+01
3.622497826961767942e+01
1.219443897377094022e+00
1.562100170291514623e+01
2.503899193709774806e+01
3.294733694334163232e+01
1.434143255415778917e+01
4.834771134765503575e+01
5.765279199628245976e+01
3.755231038495993090e+01
1.261617621663042002e+02
6.415722326027151201e-01
7.509982602478283198e+00
3.760496453017411200e-01
7.555140151987130537e+01
7.311780489767191193e-01
1.707005722208757703e+01
2.267602363476576599e+01
8.589974474025909856e+00
1.510877290507209869e+00
1.714742857428349154e+01
5.261759686646820455e+01
2.582998186222082992e+01
1.066451098394446007e+01
3.543666197392312256e+01
4.742320271302400414e+01
3.350020065883578724e+01
1.281506469524819281e+01
1.755763450470196574e+01
5.031770923776390703e+01
1.560863491964045835e+00
4.764887016171257983e+01
7.579708343652622471e-01
2.260585907390380456e+01
6.007877622529619543e+01
1.367492087922692168e+00
7.717698327593377705e+00
2.970367429681715077e+00
2.513303888480655246e+01
2.251970695951703405e+01
1.104535796770118772e+01
1.139202174471851459e+00
2.442830108910197140e+01
1.755120802493489052e+01
9.337201839783633162e+00
6.777197767365866099e+00
2.941703482935137615e+00
2.363061457764667850e+01
6.467358333404376936e+00
4.165247745732143869e+01
1.877678429104681612e+01
2.519747587870002192e+01
9.228392447293014555e+00
1.836306685037641984e+01
1.257930970319936925e+01
2.069903114269635225e+01
1.195356516788142542e+01
2.675924599359740697e+01
9.494393959270398753e+00
3.711025037514055214e+01
4.053099874486482435e+01
1.504404999537715604e+01
1.960289949185823133e+01
1.058325705916787030e+01
2.461219030806577734e+01
1.584998684480950715e+01
5.592597855541536944e+01
3.690038332040378322e+01
5.450880406744574458e+01
1.356247626469640188e+01
1.852689551535832635e+01
1.300118844780489624e+01
2.698898748658772918e-03
5.042914885970758831e+01
5.667066333541658452e+00
2.198326281863468523e+01
6.135507062883807805e+01
1.620520808512809197e+01
2.436139514098491787e+01
6.348622486010535582e+00
1.920613643043392216e+01
6.248350967554350710e+00
1.253804604868995476e+01
5.322300112151703289e+00
3.034938465472354352e+00
3.437336265125349399e+01
9.091030648443771955e-01
3.077364089672077441e+01
1.651015367032373149e+01
3.341885426359040068e+00
1.912307887935855177e+01
2.004164562945392447e+01
4.838880653095873186e+01
6.103009211839647463e+01
2.371616395238459685e+00
1.701690099949227886e+01
5.065265855429713859e+00
3.721213479601036056e+01
7.256010557134594308e+00
5.201845837320045973e+01
2.874118973740521277e+00
5.379241500409425214e+01
3.057527381162535107e+01
8.534868549459995180e+00
4.244614485927413483e+01
3.067488492196011052e+01
2.300737482205762063e+01
2.529536657863389326e+00
3.295366967116110146e+01
2.231547649773953168e+01
1.407171692455203527e+01
5.693844443142047851e+00
1.703209654072074386e+01
3.976019232164344430e+01
3.127691781821130945e+00
1.468032504041330455e+01
5.686423210360225688e+00
1.834191526975168074e+01
1.801232768514851301e+01
3.089088316036244564e+01
4.569434507277189361e+00
8.546656944562760927e+00
1.831568809599370695e+01
6.768031995058582773e+00
8.181597422837525002e+00
9.546646999117679860e-03
7.360877946911177361e+00
2.641347368323489064e+01
8.043020061555924416e-01
1.040548799718558115e+01
2.099204730294337651e+01
1.868426307663230190e+01
1.601639726991209329e+02
3.722720543623840861e+00
8.646040956473469707e-01
2.329061474119365727e+01
2.177430172955530807e+01
3.413824702871995953e+01
1.179259288895829094e+01
9.779179741298631257e+01
3.287042700010175622e+01
3.895686163310968197e+01
2.677124652781077785e+01
5.787166130441863565e+00
1.749038893140666673e+01
2.780609044513487546e-02
5.343428914360163162e+01
4.805949344964921011e+01
1.464598792939157690e+01
3.005152265770549747e+01
2.398353970072328867e+00
1.049781811414437129e+02
6.820451052305477901e+01
1.377546594245756850e+01
4.098285592468924676e+01
8.424174102490424332e+01
5.813823689657093041e+01
1.470330159358414157e+01
6.146537869727807468e+00
1.261782990779577174e-01
7.515295826924702283e+01
1.609555692072824584e+01
2.677138514957116744e+00
2.349484351533551063e+00
1.337367074303925030e+01
3.271453835879488992e+01
4.166709667619957713e+01
1.717079689680495491e+01
1.161741884023897775e+01
1.342904750808110448e+00
4.627750838116315890e+01
2.552277532907030277e+01
8.655028159863793036e+00
3.348700837949319276e+00
4.703978911019481401e+00
3.036184216410043391e+01
5.845204367635383846e+01
2.105822599224822156e+01
7.038767557180002576e+00
3.512437154568502251e+00
1.297514255244054615e+00
2.716921025522784916e+01
2.400128684460717210e+01
1.128402001992003711e+01
6.789413519265039554e+01
4.949360536565014712e+01
1.445225005357815817e+01
4.344258231174696050e+01
2.682004710204803644e+01
1.232080804526238715e+01
6.160167454811560361e-01
2.207535766005977784e+00
2.986528072690741026e-02
2.877429176835002878e+01
2.295339102185264224e+01
1.995234404805911765e+01
3.790725381695385199e+00
2.615433181434932308e+01
4.074705239832705672e+01
2.122965975252540660e-01
3.611439946857937677e+00
4.815254726598329427e+01
9.538466751687211698e+00
4.127447911543232095e+00
3.389244365869198816e+01
1.126705295365613146e+01
5.253566906459456121e+00
6.473744978141148465e+01
1.722875165227210514e+00
7.788215150067821924e+01
3.646154350908808794e+01
3.668168128102488623e+01
7.896798629662050040e+00
5.554119294880114133e+00
1.931952131616339585e+01
7.405220202302898791e+00
3.611231025133650263e+01
5.321725079137430647e+00
9.431017351492992917e-01
3.243856972945494022e+01
1.917369030512853456e+01
2.282124158136124592e+01
7.598419699315174469e+00
3.343937464652897518e+01
2.257326411484533679e+01
7.541234210490992407e-01
7.745092764451142386e+01
7.299439823092703783e+00
7.255805573007430098e+01
1.880675484991046531e+01
1.413961378646263789e+01
1.646718914332588213e+01
9.538274565150845774e+01
8.735558839931245600e+00
4.641569177787170020e+01
9.073589258227316989e+00
3.379710554432328706e+00
7.621873035734940061e+01
1.981591341655482452e+01
5.224813272701543809e+01
1.128674446074479309e+00
2.811213089958868139e+01
1.070040053246615308e+01
5.118320594530647583e+01
6.441891305648534072e+00
1.955022902345762503e+01
2.380583962591155256e+01
3.514606192792021216e-02
5.909651004921024686e+00
9.503948839854052366e+00
2.025834983675164480e+01
1.666075240133548974e+01
1.246129481134584660e+00
8.636287841460331904e+00
2.324653042595549124e+01
4.041855536595072351e+01
3.068305116934227783e+01
2.214212212457074358e+01
3.461551127580896114e+00
5.012008205997170229e+00
1.150172831290063868e+02
2.452035171195898045e+01
5.042109347110196182e+01
9.043880434250096911e+00
3.486002447261730453e+01
7.382315245112731183e+00
6.358373165613719458e+00
1.263758990638004143e+01
5.457781336042040721e+01
1.017921406901119674e+01
1.399281428144103501e+01
2.750664402756608595e+01
1.022859993704802850e+00
2.069163139969936172e+00
2.946208341355573879e+01
7.686232007813967648e+00
2.372976101335791910e+01
2.921035946813551831e+01
3.252347581237444274e+00
3.530702468461496579e+01
1.775109538952100152e+01
5.695295630715073720e-01
4.315306654718761337e+01
9.629738965152769481e+01
1.246713005298549248e+01
2.284335666485092631e+01
3.070355361084022405e+00
4.002221153002837895e+01
8.564985127682597010e+01
8.794436158517871149e+01
3.242050643677277577e+01
5.118843054123063041e+01
8.751748995551789534e+00
1.223915746329421523e+02
3.365962948466713556e+01
1.975804335232679421e+01
5.281912760457491629e+01
2.055455499726574331e+01
8.482807198472535504e+01
3.467201991529652361e+00
4.705013400886834063e+00
1.212709404967868565e+01
5.974084755914478961e+00
3.029139911393233575e+01
2.118417856902855689e+01
4.138037136764744162e+01
1.318001864874225104e+00
2.365383850367296148e+01
8.530737531699177367e+00
7.950290413536117207e+00
4.579924506705740583e+01
1.862464865107257950e+01
3.138194494477478713e+01
1.872401117795720049e+00
1.838762257246573739e+01
5.029881124968599693e+01
7.505877995728579322e+01
2.492003945056251624e+01
4.400588914916590255e+01
1.915727107761255255e+01
9.969554816419762489e+00
8.411286078360085128e+00
1.424961406557247301e+02
1.426589885658470180e+01
7.550863642661428798e+01
5.644710783085668737e+01
2.360813696926075789e+00
1.174772364863058449e+01
7.983370840282036340e+01
3.879643353681626650e+01
3.240913266129941128e+00
1.199669602885016140e+01
5.961996286758812857e+01
2.766649547046519686e+01
2.570558940830903527e+00
2.933587509972236163e+01
2.008184854981044154e+01
5.338770872151820335e+00
4.584143578591038448e+01
1.655299215879974781e+02
8.502115990173944482e+00
1.029992154960042861e+01
9.093888800076687318e+00
3.292772614579280166e-01
2.912009735833593638e+01
6.931686488221209252e-01
8.421150868947623047e-02
1.846270393122665610e+01
5.113967897964949216e+00
1.236224600839616095e+01
9.659067621672389192e-01
1.115999759369890931e+01
3.033110736915217842e+01
7.999889173155123601e+00
9.941952010156202846e+01
4.631310645885591271e+00
3.964296447015850333e+01
8.246047513141569141e+00
5.431690729983359445e-01
2.574866097036390045e+01
6.843995136905984111e+01
2.888126780932902093e+01
1.271963530007172061e+01
5.738981343055389317e+00
1.621577419605851489e+01
1.825790169881205571e+01
2.351882476909900266e+00
8.619487212946699728e+00
2.517415161224278108e+01
1.014387018622266936e+02
1.248271304643509438e+02
7.666409939839821774e+00
1.167487379472132574e+02
7.475376514472255707e+00
4.525357333797687431e+01
6.937123594771754220e+00
2.994477538438170328e+01
7.351261121568357204e+00
1.291805748008088450e+01
5.000829457668294964e+01
6.269809815008606790e-01
8.581772725408808355e+01
1.490913614012474682e+02
1.656225265538140690e+01
1.336385758931346812e+00
7.091074855746602168e+01
9.967141515697053933e+01
1.085434693027627020e+02
1.223596817338684595e+01
3.856509871002056400e+01
7.362072216824185666e+00
3.396579791538596282e+01
2.194141277997696449e+01
3.589792013060543496e+01
1.686451403196527821e+01
2.120033371833909541e+01
4.902508755780744565e+01
2.130077858445825356e+01
3.468445100240909795e+00
2.792052151933055626e+01
1.098497508506921463e+02
8.442819754291617240e-01
3.845717125931709113e+00
2.816594322248570137e+01
9.793692598223109336e-01
4.256438361388886982e+00
6.185050435348180997e+01
3.827017728000463137e+00
1.666422621733724796e+01
3.338363394375835469e+01
3.092140487268127913e+01
1.509217437851720867e+01
5.067478147547866030e+01
1.180968671802838621e+01
2.178796554165953836e+01
4.191896957809913005e+01
7.490204739960505620e+00
3.187544531041816853e+01
3.161376692229387469e-02
6.893721035891498161e+01
7.752068647752156494e+01
1.831637856197677650e+01
1.130140293222640757e+01
1.008970007839677940e+01
1.285283266670988667e+01
8.949797273568566425e+01
1.083557250820202853e+02
3.279528915322960358e+01
1.668937399066871663e+01
8.151305927880173385e+00
1.514082105940426892e+01
9.343263507658271294e+01
6.841931257409886946e+00
3.624859305185552216e+01
1.077441721656197515e+01
1.152221189517108080e+01
9.717875404895641722e+00
1.569501035867054561e+01
4.069254054796598297e+01
7.546314391505112518e+00
1.106457969417346909e+01
2.547856647367578020e+01
2.468501296527221278e+00
8.105192912250872794e+00
3.058102632439012325e+01
8.439984225962885489e+01
6.512199724797009814e-01
2.433760158953690933e+01
1.110959171324371653e+01
2.105540336298357573e+01
2.636238507741799708e+01
2.403299775580551412e+01
3.115611864245753537e+01
1.012379351561616581e+01
1.263872884224619186e+00
3.990702830502432352e+00
2.585039638153794073e+01
1.920344277374618613e+01
3.044914559768537199e+00
1.921594012130671159e+00
1.316880335754090758e+01
3.244939584624949447e+01
7.717141120826163103e+01
1.797207519451833768e+00
2.357771134504045207e+01
7.863263507917450568e+01
4.548511879437230476e+01
2.135414117643373189e+01
1.208454569058874384e+01
4.771720321110407070e+01
1.253127091203783472e+01
8.528753929843070125e+00
1.795899808493138039e+01
1.258344586021175715e+01
2.409131107462979671e+01
2.649395876934471517e+01
1.091725351129529464e+01
1.072616242161161360e+00
3.653292328102527620e+01
1.813478942022626228e+01
2.687435674181059042e+01
1.258544956801075365e+01
1.474393739200580977e-01
4.755119481425484906e+01
3.422583812557459471e+00
1.121763908088122363e+01
7.774137489454983552e+01
1.341656078454831036e+00
1.948098323002740662e+00
4.361303452968715355e+00
4.787542837500099324e+01
5.441745184304823013e+00
1.788641825987561518e+01
6.040095168428368133e+00
1.169709819535407647e+01
1.815239394857389499e+01
4.973464482139070242e+01
1.370789663977589612e+01
8.551256458215738121e+01
1.273674424699292373e+00
1.505229999409266384e+01
9.975210664130241867e+01
5.825395271304527967e+01
5.249132346087054479e+00
2.780955750762514356e+01
1.251304253676094547e+01
4.678734863923089904e+00
5.082362940367016790e+01
1.510748725600790898e+01
7.500496394020160551e+00
6.551832070690176124e+01
8.735158469300851891e+01
5.049513667547441464e+00
1.186644989835958519e+01
9.028749701414620077e+00
7.619960717670930705e+01
3.942866940108521456e-01
2.231652735355566719e+01
1.446203197299016452e+01
1.096314997493115406e+01
2.644932141570272233e+00
3.824445585740912978e+00
6.174287490436125836e+01
5.749991487859096306e-01
2.621479412711146750e+01
2.141820015413821210e+01
8.345280332721241479e+00
4.061624846781452902e+01
7.136957602407761669e+01
8.951669447086242570e+00
5.396700044957070119e+00
2.318855993285970385e+01
1.924742580241257173e+01
4.597000469568648939e-01
1.116741995710778781e+02
3.358470879351156668e+01
2.661168153947447834e+01
3.424042574393970995e+01
4.748669265081391089e+00
8.904665663107492080e+00
3.359352768845199932e+01
1.792355343854907446e+01
3.149108104676885844e+01
2.176153735362841246e+01
2.982719344500116776e+01
6.882202460173500924e+01
1.417730695235665550e+01
8.221054073695258069e+01
6.974784574479536481e+00
2.714774567012112172e+01
4.064077553957175581e+01
1.635081954902309676e+01
6.481454137185473030e+00
5.099165284254299380e+00
2.151794852137968661e+01
7.746927677404942258e+00
2.514114786271279911e+01
4.226298023234124912e+01
3.210130240101428445e+00
3.263023100653920316e+00
4.268257427539574600e+00
1.363174430833738571e+00
5.113920129039859930e+00
5.019913688997710466e+01
4.188673800723374363e+00
5.227013535394287658e+01
1.450923669792958215e+01
2.549174473333037128e+01
1.453856615456787793e+01
7.062777309063935638e-01
3.591426928959585041e+01
1.351142758622147078e+01
1.420854318820724771e+01
7.906875550464714797e-02
1.828115743339418131e+01
1.081609790031596674e+01
5.628470546317188905e+01
9.316274133673962865e+01
1.731932268711718166e+02
7.945792717878864764e+00
1.073625771625091971e+02
4.256297837570467202e+00
5.339023624539094470e+01
3.695721748997693368e+01
2.699130903637363943e+01
7.437256963750144223e+01
1.118661276252390202e+01
3.294474967694863921e+00
2.510030193181685476e+01
4.951263781131759600e+01
4.702141808609707141e+01
1.808067020355485610e+00
1.927303671149915942e+01
3.681280912924106019e+01
4.269219464165098898e+00
2.706450225922851160e+01
6.842903040414827665e+00
7.847364652146082165e+01
1.838730063811505744e+01
2.807262680801084187e+01
4.447561322866374844e+00
2.424587029814572148e+01
2.762312453611243157e+01
2.292821767555811618e+01
2.599220597751229533e+01
9.096658296856510617e+01
1.149105806249616535e+01
9.823354022458950396e+00
6.169441818196158067e+01
7.359788383806256995e+00
7.818922528049769483e+01
2.168885946471462134e+01
4.757573899148449748e+00
7.730607547385156408e+01
2.722303652303823895e+01
4.141304498579186366e-01
8.789277657642009522e-01
4.242799320486163595e+00
2.207482890996485736e+01
8.768358382211360436e+00
1.345213962359970417e+01
3.956498806796716394e+01
6.427730965522250983e+01
1.778638379537779457e+01
5.279896139108099185e+00
2.496458644047561037e+01
6.474058128281260593e+00
1.771319682882876378e+01
2.167357528499764374e+00
2.600613600031877226e+01
5.272221423243403926e+00
2.801315103734920697e+01
2.245192016886477404e+01
1.611629741024289686e+01
3.181712797947039562e+01
1.978299573709668735e+01
3.064042621628886209e+01
7.015572059253318571e+01
2.997225949011428359e-01
1.006548991399607047e+02
3.002326071958114895e+01
2.484724232293227431e+01
5.421694606410542150e+01
2.651797429419691099e+01
6.872049357697349592e+00
5.226459526381640686e+00
1.676926974873416754e+01
1.038394675773891151e+01
9.294649626112153840e+01
2.805306327211207673e+01
5.198880043966286557e+00
1.939530356937154565e+01
2.086164106750596758e+01
8.764091943334726409e+00
1.839524044895344446e+01
2.398280355275095843e+01
2.439124692112002446e+00
6.415934514830072821e-01
4.760223555271535645e+01
1.200917416662758797e+01
1.171217833067903946e+01
2.951093075086242123e+01
8.160335268207994375e+00
2.265918656270706322e+01
1.982953310898811594e+01
2.738622214816925915e-01
7.247356338284099309e+01
1.466353161380071946e+01
7.697202013302471890e+00
3.576407987978551262e+01
7.292889554571158506e+00
2.277237729491584428e+00
3.941528837329993706e+01
2.292316332218820207e+01
3.239691146665877142e+01
2.480315552453323136e+01
4.478271763837486219e+01
8.680375985404245043e+00
4.341682763462877404e+01
5.438915950730662274e+01
3.305463678096268509e+00
1.122295837851135403e+01
1.483876155724333756e+01
2.032744858036125208e+02
7.809192577614506581e-01
1.870241089417772784e+01
2.822473530912974038e+00
1.848800328249914671e+01
3.316199430615741051e+01
1.947241325475743778e+01
2.077453054315438763e+01
2.015929691582635996e+01
3.559527075526056450e+01
2.615021380567877074e+01
2.578482942309778636e+01
6.325461352496009937e+01
1.752106053160348509e+01
1.561418607108226198e+01
5.384366761426030479e+01
4.773847007353022320e+01
1.167893008958210643e+01
6.638199544849402223e+00
1.587299257918455631e+01
1.425399790244231113e+01
1.222217191328165775e+01
2.537749950030961799e+01
1.602912752450299649e+01
8.135714170757358810e-01
6.708992590580024284e+01
5.068638270859943340e+00
2.179486832150391518e+00
8.794394866416103129e-01
3.808904944734995013e+01
1.380183264937969909e+02
5.707630986755297009e+00
9.393019644607610630e+00
8.226612454248844131e+00
2.481571970283292572e+01
2.487581243824648425e+01
6.472379105862049187e+01
2.738733900124647125e+00
2.911416940314607871e+01
2.252122230065482356e+01
5.573031371234478115e+00
1.929496827162489581e+01
5.536095611975090947e+01
2.191262516040744757e+01
2.184041511997577700e+01
1.596859905809553126e+01
4.427341895872283573e+01
2.384648243833196801e+01
2.321880228005862179e+01
1.780845543908310091e+01
1.232495575660658282e+01
2.414536473995184451e+01
9.019281466571673178e+00
2.082657320570935511e+01
1.019830794464336776e+00
5.022677986521925675e+01
4.934359965907739110e+01
4.309471723925667419e+01
2.475774281702879520e+01
1.960681671803553883e+01
1.307429419078946431e+01
4.891378681822224017e+00
5.308279313274290701e+01
4.121871335058089159e+01
3.836851769444776128e+00
2.315457951523477931e+01
3.112835903831107132e+01
7.727420591799696581e+01
1.846583206980319858e+01
1.108262451583262020e+01
5.594119488935726281e+01
2.743063483903041444e+01
2.106136991102471256e+01
8.792692936409647331e+00
2.891654138436237531e+01
1.716663212388570159e+01
2.727301484134322251e+01
1.675296094503136146e+01
4.380162460420078929e+01
8.757661968936515384e-01
2.313045988215032267e+01
2.177199978249970158e+01
2.658283041024927229e+01
2.489387633517243259e+01
7.872682082060735809e+01
3.926528262065391406e+00
7.901742111637383159e-01
2.647294463219867500e-01
3.499938615452229129e+01
6.653477093131868969e+00
3.909385672248831867e+01
2.568868460306212143e+01
8.195364171732419933e+00
1.725323454226906605e+01
4.184070221481628948e+01
2.578027988082031285e+01
2.711572137222751522e+01
6.684924856442180374e-01
5.036385202990559584e+00
1.406760192290842681e+01
1.395398114314853366e+01
2.033995910602202883e+01
2.424223462980555865e+01
2.137583158047945275e+01
2.188199414824471489e+01
5.657440743319713050e+01
1.552632431705032623e+01
3.201807795577963134e+01
2.188511115161461973e+01
1.102541302347554764e+00
1.746803857736392374e+01
1.888317026158643941e+01
1.010516341317878286e+01
5.102778575334040667e+00
2.260021436031123798e+01
2.398930791233762960e+01
5.623255915688029738e+00
4.028347615810078963e+01
2.678252879524454233e-01
1.084904591696691512e+01
5.307237089967401289e+01
1.805044747761605350e+01
3.073566149336466324e-01
5.920087881313771838e+00
5.742937339035628419e+00
7.595011234465041561e+00
2.483082703645278499e+01
3.508387489749764399e+01
2.639207768632222084e+01
3.692549597692681207e+00
1.987768475145256986e+01
2.107664626485752990e+01
6.323408777905458855e+00
5.258903991855132354e+00
7.856194373675064568e+00
4.615931298342087707e+00
3.432338982197631339e+01
3.480952769176784756e+01
2.506224341872756511e+01
6.180815540463317603e+00
2.803475190757111690e+01
4.470939870516616566e+00
1.600414505351119843e+01
4.062482626561934040e+01
2.398934631711456333e+01
5.577584045819984127e+00
4.179776320334161710e+01
4.870540442935449477e+01
4.860691707695496966e+00
4.521941984124902447e+00
2.422969359204701634e-01
1.621019175787377919e-01
3.841567951648225687e+01
6.827300418792060732e+00
7.160216618917709752e+01
2.430935582073996315e+01
8.409004661801028346e-01
3.643611539972551583e+01
1.214924614615401133e+01
3.977889659661847332e+01
2.640020735236048921e+01
2.831005217206423197e+01
4.907137875392313475e+01
3.086484391757026202e+01
7.824747276330545454e+00
8.546677209015982157e+00
1.375841586198370514e+01
1.991334812622379857e+01
4.974150090461335338e+01
2.989686948436498071e+01
6.692273491206447034e+01
1.160404361173236421e+00
2.142217348807498212e+01
2.478150966182908732e+01
2.747244840125405219e+01
1.509304960103460491e+00
5.349267363395353136e+00
1.175899646993178571e+01
2.970103848491153542e+01
1.125795792667146245e+00
2.226133823444413196e+01
5.345681694231854664e+01
3.476216255510993136e+01
4.166342777211113457e+00
1.865126128524393678e+01
8.474194663891152857e+01
1.275339572737891114e+00
2.992913376156656646e+00
7.668517616016843341e+00
9.646449946148176480e+01
1.302813742267915487e+01
2.116382731647436088e+01
4.445884654275327819e+01
7.474137495964541245e+01
4.255554968295477969e-01
1.211479248354774718e+01
3.163753437758778375e+01
4.388220309794040652e+00
1.217564928081502851e+00
1.503687254528381034e+00
3.560143638888861517e+01
2.429584994736935855e+01
1.923702304263329310e+01
3.191419536438794502e+00
1.709548799443026112e+01
3.231085943161789320e+00
1.030505784164107119e+01
2.597177589324534352e+01
3.375164421905734180e+00
1.807263233040308847e+01
3.135259285591913425e+01
5.022087445134542349e+01
1.774895589111676486e+01
2.130549134481147178e+01
1.182841108493963220e-02
3.536263014546144889e-01
2.236764106448346467e+01
1.687423375725652974e+01
1.461992344146588607e+01
4.202710111752771205e+00
2.298880203332935857e+00
2.399438570056530295e+01
1.754553917793258222e+01
7.907079630792526359e+01
1.220163876600831188e+01
2.475081320079830860e+01
1.615811826783530414e+00
2.662611138068340466e+01
5.015130702449959621e+00
3.464881920544686356e+00
2.094416593795311243e+01
1.350361278653894885e+02
1.457695108498875314e+01
7.577246824430142169e+01
6.506497699471302099e+01
6.198827934604403822e+01
1.434362848039326366e+01
1.942561925071393603e+01
2.393386136410795473e+01
9.797229005714957140e+00
1.935607581521359322e+01
3.496073810818784722e+01
2.259294759074029812e+01
1.273470397964277412e+00
2.568065447385173528e+01
5.108139216303757735e+01
4.621003132763228827e+00
1.105181202243465499e+01
1.258542752060154157e+01
5.829254365783520520e+00
9.969502081580765562e+00
2.019622571272452305e+01
3.231828761362105240e+01
2.464493926666323276e+01
3.816993012483256109e+01
2.174265093873880161e+01
3.534919694654873012e+01
1.067269758574997596e+01
2.253515654516061772e+01
4.937305781037435537e+01
9.226603683917710796e+00
9.927707823889017291e+00
3.854485305361200176e+01
1.333757794718163936e+01
2.075276142561777348e+01
8.436156721943937953e+00
2.700076268762078158e+01
5.233469896251415321e+01
2.376197930112673262e+01
8.365689021548273763e-01
6.876998917414485213e+00
8.713001544277922505e+00
4.269922167953176029e+01
1.262664253519216651e+01
8.619110614426464423e+00
1.128172172299438927e+02
4.905754794612355596e+01
5.197097508784226960e+01
2.124063538700004727e+01
5.796623843081881722e-01
3.273419758433300331e+01
5.742940267770408269e+01
2.612373839576142842e+01
2.535787597798187676e+01
2.686854597457495331e+01
1.987708486193203727e+00
9.904781721821157348e+00
5.115442322812264564e+01
3.863531785402356533e+00
3.332311841446683243e+00
2.531825679929377770e+01
4.799624560459360367e+01
2.728228601830325672e+01
2.177787364232181844e+01
4.420654776318414747e+01
1.506408380882734654e+01
2.755444054409219024e-01
1.232396471685515493e+01
6.884071041916537581e+01
6.477061512540250021e+01
6.759028005658432647e+00
2.366084165627697189e+01
7.631248797960159536e-01
3.827636472665985501e+00
2.380627923447584848e+01
4.111784297793003162e+01
2.697428627768498188e+01
3.200695929351595481e+01
3.159096114829406665e-01
6.675318605128026661e+01
1.783294245406116474e+01
2.137613437692623908e+00
4.815668272513480730e+01
1.051036176997972582e+01
4.727481150720585390e+01
2.541608223087500562e+01
1.037712672665953129e+01
1.030695356890052494e+01
1.297218092620893231e+02
9.223460415715761940e+01
2.249540269903153700e+01
2.030103558666113628e+01
1.811622463343087119e+01
1.293341532212249945e+01
4.471583737765526934e+01
2.630061340171366169e+01
5.140474171593635333e+01
3.733291395812489366e+00
2.219596555175182218e+01
6.036989487659731424e+01
5.759639012553466664e+00
5.863380958350052907e+01
5.441222400622107713e+00
5.191519394397889897e+01
2.250238372918140328e+01
2.867240473698157288e+01
6.560728821507559871e+01
1.297180853735324879e+00
4.223305296454579150e+01
1.815031247394225034e+01
6.457098442544776162e+01
8.037578151300213847e+01
6.711759345872359006e+01
2.270546559994740221e+01
1.766728498581813653e+02
2.917783207629751629e+01
2.892357660245674467e+01
3.214577846798136562e+01
5.104698896090960059e-01
2.484842905044334316e+01
8.258196429055253418e+00
7.731553927077358424e+01
8.625724266564009213e+01
3.123141374269647841e+01
3.731783426274196103e+01
2.935952051842713217e+01
7.695707786063985623e+01
1.525256320925708398e+00
1.734622386610466904e+01
2.735442785469520022e+00
9.575432717609499988e+00
3.133690510696762743e+01
3.534187054788232807e+00
3.767974227046945401e+01
1.902955032118221368e+01
2.647258167774874238e+01
1.888477211334457673e+00
6.253128418412989831e-01
4.064413822117239050e+01
7.756566372927544251e+00
2.581381400081757960e+01
8.800716268553317434e+01
8.110175181373009412e-01
8.560923831005017348e+01
1.685907934530722629e+00
5.702219073303542718e-01
5.101775266652354368e+00
2.637939426850349633e+01
2.321945438891033664e+00
7.611869618582774422e+01
1.747956269253012707e+01
1.002801250160083768e+01
7.082450108890403495e-01
9.629579560888005929e+00
1.497711571948262232e+01
1.755811114315474653e+00
3.612250099273857984e+01
2.094944120534573684e-01
2.739920076912777702e+01
4.903261891997777866e+01
1.684095007190134652e+01
6.213666824211309780e+00
2.493775838614805807e+01
9.548541927345918223e-01
4.350673608251809554e+01
2.087520154438749387e+00
1.743383105641132413e+00
2.904400696641911850e+01
1.523645799239798748e+01
4.975011840267573149e+01
1.940837627086926176e+01
2.412045404321847641e+01
2.403219161188164676e+01
3.734962610524397064e+01
8.773282949519162344e+01
2.519332775920601719e+01
1.116543322405047789e+01
9.404504427398225630e+01
3.289848529338961924e+01
1.195413172599482543e+01
2.215371480612122213e+01
7.427496708537459824e+01
2.330880266326350991e+01
8.017701062959049496e-01
3.425840537453818513e+01
7.869927388362769705e+01
5.111041179039008142e+01
5.501277495856626132e+01
5.796571607748591148e+00
6.790965718756410974e-01
2.298363143717304879e+01
6.120723572477776031e+01
1.358237840238519389e+01
2.387035641350040294e+01
5.654203988779381973e+01
1.694592438745125307e+01
2.137483261486814357e+01
3.935022648893993136e+01
1.857753339303625140e+01
6.122256497062786451e+01
1.725001027844111334e+01
1.950534540928474314e+01
1.710757009034643517e+01
6.073824300890274230e+01
1.670614497742224458e+01
1.008229774033411559e+02
5.795051092774852641e+00
1.148986292428296352e+01
4.483394289704760283e+00
5.470470502324210571e+01
3.334843742053337223e+01
2.536440379636644238e+01
7.246702707530717769e-01
1.454173437694363535e+01
8.734411572111514488e+01
7.099403519666492457e+01
1.957811419360846017e+01
1.049666028960677622e+01
2.317601236994959280e+01
1.881645851665869529e+01
9.791220930318608850e+00
8.001790612086455701e-01
1.006546400312378076e+01
2.839314484936760863e+01
3.330432159615265508e+00
5.035345596361047171e+00
7.473023065769729101e+01
1.470926288706190910e+00
1.535854463047024154e+01
3.301722258858128534e+00
2.574581487085987064e+01
1.756011723783209888e+01
9.079677397641157555e+00
9.163000787802166869e+00
1.722398670371947160e+00
1.323391988762572566e+02
9.608069156073964834e+00
2.569323756528702063e+01
6.443167574098818129e+00
2.543545483528887630e+01
4.814112919257603806e+01
2.395057241266782810e+01
3.050372753627376454e+01
5.040345570095227856e+01
1.669288735923657174e-01
3.624510230733921645e+01
2.512669191007900338e+01
3.635423635834863276e+00
3.093681671964642610e-01
2.228835320091848615e+01
1.596506718775667935e+02
3.863673843089571402e+00
3.698891330843020597e+01
4.185359745889352112e+00
6.714273327338482034e+01
7.872945971600303849e+00
3.961524252118720568e+01
2.453008164784010958e+01
1.260830233326933403e+01
3.415967849887624652e+01
1.884687552471746130e+00
5.753758618610864062e+01
2.673533223096634259e+01
2.400006820172408695e+01
1.241599315497141198e+01
1.208115275516754750e+01
5.353515219741193931e+01
5.890080845087172001e+00
1.442848768220370914e+01
6.758393190715032972e-01
1.663436785725467715e+01
1.318064460655096681e+01
3.278010707599073648e+00
1.534229522080912744e+01
3.878032769590450357e+01
1.430526296621309825e+02
6.265583016863602861e-01
3.004357315210363666e+01
7.094495234690988639e+00
1.835266534476473410e+01
1.528773005519660799e+01
1.122971792650803202e+01
1.647259730849902182e+00
1.114722118673481432e+01
1.503988633909527834e+02
2.163693277071839560e+01
4.928936363337427906e+01
8.961697709236470644e+01
4.757748370919500047e+01
8.583911879509811271e-01
1.696775731170495050e+01
4.060561740268644471e+00
8.860985794040715291e+01
2.088131714288659779e+01
3.474775459347741702e+01
1.983434642728014552e+01
3.121191334414091045e+01
2.312960124063043210e+01
3.124324147900223991e+01
8.311020647304987108e+01
1.483878100961816848e+01
8.108181043830130363e+01
1.125762205538567429e+01
3.058355856542976525e+01
2.353170481233710376e+01
5.853544688778307581e+00
4.430465068850881494e+01
3.943783259819205966e+01
2.916034042651638103e+01
8.929562308602358200e+01
1.740065692092814587e+01
5.036702358544579994e+01
3.856866391968780050e+01
2.349098248448661153e+01
4.732681342369641442e+01
9.697262009795712956e-01
1.176652577830432422e+00
5.990652239237345356e+00
6.976827576162250466e+00
2.046272405083580992e+00
3.405300503782367816e+00
2.048114676324143346e+00
2.508397840361101672e+01
2.680252195123572889e+01
4.472648370168242238e+00
3.932962155341554933e+01
1.703867872232791285e+02
2.118313602927011985e+01
1.870084590039381156e-01
6.180295532328059949e+00
3.992810387817254281e+01
2.846764698136785299e+01
6.076540027175963310e+00
9.841180226218247951e-01
6.272737233722170735e+00
1.183322609976086603e+01
1.718624364210681676e+01
4.815798873235980437e+00
5.545662611678002563e+00
2.508828963278635626e+01
3.586263673140919206e-01
6.306677179559300184e-01
6.628143126880270586e+01
5.244230320130417766e+01
2.263855257032069801e+01
6.433442889521992925e+01
5.125110161552945520e+00
1.126085808559227885e+01
7.388150657255721399e+01
9.265608635101115098e+00
2.819344732471850890e+01
2.514196361363119969e+00
2.863431182445572531e+01
3.150986625955500386e+01
5.318197538697472915e+00
1.010463024911829599e+00
2.141880828555353133e+01
3.898756154728971079e+00
6.557001530332976813e+01
1.612194242932743160e+00
3.415110531287641749e+01
3.197658600164964326e+01
8.939064772945403092e+01
1.816575077689097384e+01
4.314306257230674291e+00
5.790934020767300439e+01
2.150496135313519375e+01
5.669780058869807071e+00
6.322109162276659333e+01
5.896245450550784639e+00
7.567621345296986135e+01
1.498194835119224777e+01
4.568730562506265613e+01
1.585371504588343150e+01
1.641713055456495818e+00
2.738357373160031472e+00
1.563165732774324468e+01
3.535649340488462578e-01
2.830222564986223155e+00
1.483082316971834835e+01
4.799169007282333155e+01
1.213347436269374668e+01
4.312550703751146841e+01
2.842845315068580447e+01
3.904460171982670147e+01
2.035568493512807109e+00
9.421680496785835857e+00
2.117045031726714299e+01
3.073470131738984179e+01
4.968384753467071846e+01
1.126749667026554818e+02
9.640976663223131737e+00
3.968020945748341077e+00
3.023128423361286110e+01
2.061413833984254751e+01
3.708232750482334250e-01
5.326959083130632600e+00
1.033946629957348984e+00
1.035840157504980112e+02
1.201286056221217535e+01
1.588087314697955321e+01
4.589841711117171874e-01
7.220486580414003264e+00
2.979804208462773829e+01
2.629953665678915797e+01
3.932939163904736546e+01
1.636544008898539238e+00
1.330100830020196234e+01
1.523776917041935164e+01
1.952760113318651136e+01
3.264318189283053329e+01
4.632073891792261833e+01
2.461311112972745241e-01
3.390858752422947475e+01
3.400827139079242301e+01
2.187773007045995399e+01
1.183792629444117850e+01
7.092475582531751854e+01
6.699264049239207708e+00
2.198935645919289072e+01
2.760594951558712395e+01
3.537910031248187437e+01
4.604941861482187981e+00
1.957034854706534333e+01
5.027993349394500910e+01
2.438711181641887293e+01
2.667653973721406224e+00
9.591289675331758247e+00
3.809082016232599699e+01
2.297349369301803890e+01
1.053651922640795657e+00
6.916209644179181737e+01
1.645995825507153754e+01
2.658144781465544781e+01
1.307892076264363901e+01
9.391088468031686176e+00
7.816448557715006018e+01
1.155415001926480612e+00
6.756816281592674045e+01
5.472081875410210472e+01
9.943322656067725518e+01
2.963543442731005939e+01
3.493321419978014375e-01
6.291794701048393001e+00
2.300302746773499774e+00
2.041465860783160124e+01
2.197154013266719730e+01
3.843201656386132647e+00
1.214784619054240622e+00
2.923824459910055396e+01
4.677726742873235821e+01
1.424594675852116836e+02
8.693842965818680568e+01
8.345759416030162470e+00
7.491602917748765833e+01
3.410986660687510152e+01
1.914081422381895337e+01
1.090120238655782892e+01
7.928938947621714251e-01
2.326088613784672177e+01
8.737957948525539109e+01
6.800088828747843372e+00
1.247132157880964520e+01
9.536710453470597315e+00
3.058375537186715842e+00
4.113083402299718472e+01
4.735238054195852442e+01
1.552896509223288604e+02
2.822273176798714900e+01
2.331243451026452007e+01
1.155865515683989173e+02
1.161350399878655395e+02
9.140672653130069492e+00
1.855052199410430092e+00
3.334302168903265340e+01
3.423036321602049981e+01
2.148101294808581230e+01
1.255889752770892187e+01
3.751079522395858401e+00
1.402857490599638979e+01
2.217834830087839748e+01
1.148952720755413104e+01
1.238804312909798888e+01
1.278858477800754514e+02
1.263763880847431054e+01
3.951567086282733499e+01
5.848917924841794758e+01
2.262029443729222322e+01
1.746112547289401906e+00
8.158548130476834359e+00
1.491462242068779709e+01
1.658091873641415503e+01
4.618107307625340496e+00
1.920096301112339177e+01
1.891088762767650522e+01
2.741163559389476340e-02
6.718198617384692284e+01
1.890915854369600524e+01
4.901768805838573684e+01
1.581769992628554533e+01
1.572852033799089888e+01
5.133383021521056122e+01
2.504776722469222960e+01
3.206699173489738985e+00
1.905144590660607307e+01
1.381344433205505950e+01
2.491570286181788063e+01
8.113191729450727507e+01
1.505513208277162818e+01
3.253759523025177458e+01
2.238480788698242208e+01
9.427543687981280174e-01
1.474522893568267001e+01
4.611902731568091696e+01
1.321848563369607916e+02
2.464296293146496808e+01
1.424559648896008279e-01
2.326303904292006308e+01
2.496431951576771624e+01
3.731366130427118577e+01
1.057846675814558246e+01
1.207628978507188783e-01
8.535901865130568922e+00
9.153659209134863417e+00
2.920232928540827189e+01
6.736868772649804882e+00
1.681604100535078317e+02
7.122562689120088919e+01
4.774676343781550969e+01
9.939620061452242084e+00
3.098883704954322127e+01
6.672319357769106318e+01
2.570452542827772646e+01
9.401369427288024105e-02
9.142515002946675295e+00
1.930186060767250567e+01
8.270231675288735929e+00
1.742681577914634294e-01
2.037264463288569161e+01
4.393042499100506859e+01
4.021977177881483811e+01
1.868883269863474439e+01
1.882361188939947194e+00
9.673850202539465926e+00
4.656708706425295929e+01
3.578062813603759196e+01
2.837246416399822735e+01
7.924572717502655905e+00
4.057737756378291039e+01
2.996387079818809696e+01
1.622196434331368309e+01
1.771456898386574386e+00
1.092583707844595686e+00
5.394155399613003610e+00
4.601746586581098342e+01
2.436058106807206514e+01
1.724443288246773509e+00
1.458775158723481447e+01
1.197432997274519551e+02
4.273303754852554448e+01
8.669479158745160285e-01
6.039280153567814580e+01
1.011686612981032027e+02
7.204122194249951860e+01
1.307783791646856209e+01
2.880154235817708752e+01
3.611861947023765396e+01
2.003175258916932155e-01
3.900213975965456825e+01
4.209109131659478642e+00
1.937565939713396546e+01
2.282407637907533982e+01
1.601148538669903587e+01
3.154949690188896838e+01
6.145854405426011802e+00
2.436443814521956597e+01
2.759503112425398808e+00
3.234388912764799073e+01
9.955698725170348595e+00
2.720555861069351877e+01
2.991952683133871460e+01
8.662177619476823054e+01
5.927793422317875205e+00
2.170143065370464441e+01
4.151793340766925411e+01
4.046719175017541859e-01
3.052394611060523566e+00
1.429476073854364415e+01
2.664356306945741082e+01
1.953899335092224376e+01
2.741284737214668610e+01
1.894443705484145202e+00
9.010404287074777585e+00
7.563796699668742463e+00
2.351691022638900819e+01
4.162465804292044425e+01
3.370212799056866970e+01
1.390937689817218548e+01
1.421474164295032061e+01
2.854339740611984411e+01
3.098315150413502028e+00
2.006820533501661785e+01
1.364784353180856513e+01
3.756287517646015761e+00
2.399430037394715942e+00
5.804171823722538370e+00
2.407250168722895012e+01
3.799355908355492417e+00
4.749559137278470189e+01
2.450011356127276940e+01
3.903741787489171600e+01
1.664766326804679153e+01
1.095655512626876993e+00
2.516494922075305141e+01
1.503629200000680655e+01
1.216000841996186068e+02
9.763429219193501041e+00
6.876376308836285922e+00
7.674301131811202659e+00
3.955290531167222667e+01
3.157215990573756770e+01
9.681986506910369994e-02
2.582687860942902347e+01
9.491929593428535838e+01
2.517093436936098882e+01
5.236919961035290783e+01
3.352794915011897103e+01
3.865860009045507439e+01
1.913593719356185829e+01
2.423901447466915826e+01
5.766594501844663512e+01
3.966968135789492589e+00
1.167983220350327400e+01
2.542431091007071320e+00
3.505401457837185486e+00
4.846195234079073266e+00
2.694701267104298381e+01
4.594513763125745243e+01
1.060115493682212495e+01
2.268325376958386652e+00
1.895809181025018830e+01
2.663896053560841914e-01
3.117923941327219950e+01
6.166418874335845857e+01
1.605762953235120305e+00
7.482461400445572508e+00
4.151155013433207586e+01
7.072260742259166477e+01
3.750984725164659972e-01
4.731362849313746466e+01
2.270553787195545326e+01
1.702171605576125657e+01
1.631369679061565492e+00
2.537758882968633056e+00
2.081341399033297623e+00
1.099076568735149806e+02
3.963888730798627691e+00
2.069079404414673817e+01
4.526583043576015086e+01
3.997630754477308557e+01
7.759943279006532180e+01
2.063347719272672076e-01
6.059142704909803712e+01
5.681435248284622475e+01
4.076969697461950659e+01
6.440005300655921872e+01
1.069191706185625712e+01
5.779302528769247438e+00
9.724318803741276440e-01
1.245537283373276960e-01
3.924799558357233309e+01
1.968698938575237989e+01
1.085640456524598285e+01
1.766971306363079419e+00
4.019048713989526078e+01
4.373912352460431663e+01
3.478457152484742920e+01
7.226610651759369830e+01
1.887960061982688398e+00
4.746095829803181232e+00
1.110709341417492446e+01
2.919102855613766323e+01
1.569171653420352364e+01
7.023079918369016639e+01
2.087913546376748641e+00
2.907805839907209755e+00
5.317222503673657741e+01
6.702096221463662573e+01
1.075230943498092451e+01
3.652363557683884920e+01
8.275726810361598496e+01
2.452901215024322568e+01
1.054106592246524876e+01
4.348214264633715409e+00
1.890306945757729196e+01
1.580176128036614536e+01
1.646092001389217963e+00
7.624726503865718996e+01
2.807008178159192369e+01
7.589953000838416131e+01
2.425229714764790856e+01
5.490508144866582008e+00
2.878946263892808055e+00
1.247406600781611141e+00
3.476001275288224690e+01
2.502708026546807929e+01
1.447521754419215334e+01
2.205625707266500868e+01
2.843296800448068140e+01
2.261929744623637006e+01
2.125178804048735515e+01
3.316090323493660463e+01
2.225009347737647403e+01
3.947119629670591490e+00
6.032037833731583021e+01
5.794056249608954268e+00
3.827101915202634785e+01
2.942872078189919094e+01
3.856654149810501053e+01
4.211566177432287894e+00
2.856309776808243939e+01
8.071921283138562941e+00
1.015609274015176133e+01
2.004609692968648460e+01
3.340736940967812529e+01
6.354679797984258194e+00
7.560584146400594818e+01
1.668728523412596232e+01
2.368482864844333946e+01
2.090626031023933962e+00
2.476151234679901592e+01
1.304799102900516061e+01
3.157343159574983105e+01
3.956634427328950543e-01
3.528961043524843966e+00
6.274553637584396171e+01
2.740586073117680144e+01
2.297966557531733045e+01
2.127144079015086930e+01
1.124631869295336983e+01
9.034158702318842771e+00
1.157535023792683582e+01
3.425420302221524160e+00
2.232276535907422854e+01
2.485578060144046475e+01
4.947953280322664682e+01
3.614263210516573288e+00
4.848292548202135777e+01
2.262341698589463590e+01
3.495510906870365808e+00
5.659485555842191928e+01
3.981509043444263796e+01
1.622722313162504193e+01
3.440473430884679118e+01
1.694524863347912103e+01
2.404288270070849620e+01
6.424000488756953509e+00
2.985944655262823044e+00
9.125948898757577865e+00
1.317710469575308707e+01
1.386866335660297267e+01
8.407097082328188975e+00
9.787089214367051682e+01
1.847554633122258494e+01
1.795135253118947460e+01
1.602172955304292756e+01
1.898651301197472918e+01
1.061548198901390805e+02
2.035612306555182016e+01
1.155732927487497008e+00
1.044591535568493157e+01
1.056766877865313745e+02
2.498153491612901078e+01
6.635100734700851710e-01
3.160536551167104946e+01
6.530618597511199663e-01
7.607255305074497542e+00
4.320390759225319677e+00
6.157024335572673479e+00
3.787172655600087978e+01
1.344642750632314332e+01
8.562417267408831378e+01
6.470156748764362931e+01
8.862747295304600925e+01
3.703182349274481311e+01
3.729696569625293279e+00
2.214108097878173353e+01
2.834830359955622825e+01
1.207830560149623409e+02
9.836192770976109889e-03
2.819507585717410691e+01
3.336459583729735723e+00
8.244969408379819953e+00
3.009421588603979103e+01
2.183625712547456743e+00
2.466759561465773132e+01
1.691455757231214463e+01
9.866101850234987580e+01
3.214296968059554160e+01
1.468820835989949991e+01
9.716837257679630468e+00
1.075094597438378514e+02
1.173158343181539642e+01
7.272337042463458134e-01
2.168008718495204690e+01
4.980483596117021072e+00
1.617615939131469815e+01
1.286128041190283255e+01
8.072326631258953000e+00
1.855750946806568891e+01
2.382019497162509580e+01
7.115971226752764167e+00
8.999720892175133713e+00
9.377744812368403871e+01
1.514099381784148379e+00
4.189907297199417968e+01
2.246413381554769373e+01
6.134766267818984176e+01
2.627246831004999805e+01
1.568436069138463562e-01
2.736397653153628817e-01
2.110359540398684786e+01
5.906744443137197464e+01
1.071989668715567667e+01
5.326210488110676522e+01
1.427577353668183591e+01
8.204263706097137288e+00
8.368608466730617579e+01
2.141796848060734604e+01
6.567884238327271973e+00
1.935735179382169591e+01
9.840967816405271407e+00
1.442222302628371722e+01
2.447988532361928193e+01
4.665539116687517640e-01
2.595551217732340987e+01
6.108202250454064064e+00
8.674461657803598769e+01
8.328888769668990832e+00
9.428618669433660671e+00
1.777394488051616150e+01
5.380570860366059804e+01
1.699431330297320386e+01
2.776637815435618251e+01
5.942292203675681606e+01
1.229107607412225711e+01
2.109825162926836306e+00
2.506955708802462368e+01
3.630453586122350629e+01
2.840379097603113223e+01
4.007489048317609104e+00
2.134932238113526282e+01
2.747048990003732527e+01
1.469142385008919760e+01
7.458615599161495879e+01
1.299210611148900085e+01
7.323288429067127936e+01
1.092422770181432234e+01
5.895742635986679581e+00
1.251496270343913686e+01
1.088433541412218908e+01
1.335147064798277761e+01
3.236493738904231865e+00
1.265239096934466012e+00
1.087791404737280629e+02
1.274031464625291221e+01
5.333872375379736042e+01
2.835458329949969070e+01
4.103017411891256927e+01
1.942524364989768060e+01
3.278483448686219504e+01
2.653992143698123130e+01
2.383526274386374766e+01
3.491285665156795659e+01
1.399748150285595116e+01
5.730997849743376094e+01
3.142925428580563563e-01
3.193981492577675496e+00
1.464246008299202906e+01
1.040083811412704584e+01
1.153773272130131033e+00
5.079844864824183048e+01
2.475839191748188384e+01
2.231030937669120195e+00
2.761413653754787489e+01
2.271364016673663500e+01
1.141845713549562191e+02
8.070016198260216100e+00
6.595250088826058743e+01
2.285821272689401695e+01
4.726309257638620087e-01
2.632433318682111789e+01
9.641907720537659543e+00
1.930201039835720778e+01
1.023709892187438619e+01
6.804817904084992541e+00
1.485598545402796589e+01
9.052069075518296870e+00
3.990000648595413590e+00
7.506295482064783364e+00
1.197635923907376920e+01
2.638288236162477673e+01
9.388797653485598360e+00
8.393761722623025889e+00
2.412038065445513624e+01
3.216562778951764301e+01
1.339508393792564966e+01
1.228729648246041251e+01
2.300480907754176485e+01
2.163221418776875993e+01
6.593536017703484298e+00
9.635350369362760148e+01
1.377242493216710528e+01
1.026971237842747620e+01
2.539758937982632148e+01
2.849834418071073472e+01
7.463392207688581692e+00
1.660976249180752262e+01
1.054252765174373829e+00
1.101978121599831795e+01
2.540609201526869043e+01
7.968077035522694018e+01
2.483446803285866267e+01
2.765103814130278437e+01
8.332295159718223942e+01
8.734359239389129925e+01
8.061345445901008588e+01
7.382955429749981136e+01
2.052975772089284234e+01
3.938399450352533804e-01
2.111370806556432811e+01
1.585710231472619114e+02
1.218969924182257536e+01
2.869834142866930193e+01
3.568325392422641329e+01
1.015704483590012757e+02
2.794700877077162460e+01
7.876195517223807840e+00
7.008532468731710985e+00
8.584214570665629651e+00
3.760058144645229561e+01
3.186469544177801705e+00
1.286675474101424932e+01
1.309153932507063134e+00
6.651085008716992597e+00
6.548278646732592634e+00
6.242961777180128990e+01
5.619374267068642581e+01
1.493279187286345078e+01
6.470494060631186528e+01
7.103131340251331949e+01
1.188359759410809069e+01
2.872773418134751955e-01
2.462743589576720282e+01
3.737762852587639184e+00
1.120205715894382159e+01
1.004728865171982832e+01
3.191981048471534521e+01
4.917974872045302703e+01
2.669534617415559552e+01
4.140627001214942027e+01
4.787103236405752682e+01
3.494177929887197109e+01
1.216020900377269420e+01
1.099348744876762218e+01
8.994224318565764520e+01
2.928504128033705456e+01
5.373407057571303369e+01
1.174526408372963360e+01
2.314455671849361096e+01
1.606398404494937537e+01
1.759273087036584471e+01
6.364595501305169734e+01
1.012512073475512864e+02
1.716690002974079121e+01
4.602935981865877713e-01
2.247487508341980966e+00
3.410045088173348393e+00
6.491371625173238158e+01
1.048690164539994640e+01
1.922994790431998391e+00
6.283123738446905193e+00
5.282241989196355547e+01
2.121499366502744621e+01
4.889812681141049922e+01
1.766464952030303515e+00
2.392705598001771250e+01
5.534796435445922036e+00
2.851028801970401005e+01
6.742213479624981964e+00
2.020537551121456588e+01
9.681869687360298826e+01
1.167337028198055471e+01
1.240268438456324507e+00
1.166368285695278040e+01
1.340497813044490627e+01
2.214460008455477791e+01
2.006915603490100963e+01
8.326949175165115946e+01
2.467719028402922987e+01
5.201384092900881484e+01
3.109308942495811134e+00
2.311351050238445026e+01
3.912433856513033703e+01
9.034007899395652075e+00
4.245815609954497027e+00
3.350009169743136117e-01
3.168490418837814904e+00
2.957228177586823747e+01
3.250407518318866984e+00
1.388358532526198896e+00
7.794602738667266273e+00
1.582168748755259813e+01
5.335853871063157783e+00
2.875862528482226921e+01
1.985015883168426498e+01
6.619837597270819884e+00
8.395788094213447295e+00
6.513133693280222758e+01
1.582129326259578050e+01
1.349377756219961633e+01
2.334128300957715041e+01
2.267142816255198312e+01
4.606141383608513884e+00
1.405003797954688105e+00
8.778767498350964260e+00
6.702526554174062312e+01
1.419291633419006082e+01
2.678483445361232995e+01
4.767923064286654267e+01
7.784099209785735773e+00
1.375503673434872987e+01
5.949228360014750194e+00
3.200967951833965230e+01
1.010678900531083890e+01
8.433052874407971444e+01
5.621879251922851495e+01
8.468076401962539990e+01
1.183812893541174205e+01
6.119960354521984414e+01
1.120574878460636725e+01
8.041696381108830849e+01
2.991389632942464871e+01
1.934559894775970790e+01
7.310366887367574229e+00
4.789769620416915785e+01
2.391356802391014114e+01
1.039443703839028732e+00
5.328394603213048697e+01
3.118911346258672879e+01
9.362193004346726966e+00
8.610515064395317386e-02
1.627215894028585463e+00
1.381881502453341781e+01
3.738129909347633628e+01
2.278468719621580263e-01
2.345688031686995956e+01
1.261521884467243915e+01
1.587949121668454389e+01
1.514903377205440327e+00
2.512165773670104230e+01
1.916823605676521325e+01
3.266773382442800799e-01
5.176071012206379152e+01
2.578099700719896603e+01
1.456785582110949884e+00
8.986956427236560074e+00
2.258634471733037685e+01
7.767926641315570180e+01
1.670216983555867074e+01
3.353991119554788725e+01
8.081552458385814930e+00
8.418443823356146216e-02
1.745334684892578991e+01
3.165679172556528798e+01
1.926052416188417382e+01
3.809286908984366704e+01
5.235702304330102663e+01
2.350914628783027993e+01
2.134814031238424903e+01
4.716814333468457576e-01
5.177567630615788064e-01
2.915060349113356430e+00
2.552695983437705962e+01
1.410404963044940985e+01
3.959229310611326014e+01
2.303957871592955797e+01
2.159950259105633208e+01
1.867375752819756585e+01
4.769718554317304182e+01
1.059106004465385631e+01
4.978100961670593350e+00
1.122374349144048189e+01
2.648327413943583508e+01
6.047910679913361953e-01
1.259084427575748322e+01
6.245356527952254488e+00
1.250474676131088358e+01
1.063623418063021908e-01
8.779516831847459457e+00
6.089923083365871292e+01
9.159283261408617705e+01
3.763409505052600679e+01
1.708692148918201426e+01
1.211832335593319954e+01
1.968890355079384591e+00
7.714110876290399688e+01
1.476329301790563520e+01
1.090434052811173871e+01
1.023178341870699910e+02
9.998241865114907423e-01
1.186709835934730783e+01
4.119490780921137940e+01
3.847545907717774050e+00
1.492841729291672870e+01
9.792690235158216794e+00
1.997908258028163520e+00
1.208836435723041447e+00
3.290207079293602277e+01
1.063237436705185068e+01
7.273387089271275840e+01
2.237367125237261778e+00
7.850083084014507939e+00
1.994358427523055255e+01
1.566586609696461210e+02
1.899608073304591116e+01
8.672784318369848222e+01
2.479094425614455943e+01
1.650998768843067666e+01
6.868990714533130593e+00
8.184454056698079683e+00
7.822239835081215631e+01
1.526583217329661402e+01
4.223089604836252065e-01
3.514995971812743392e+01
3.568705762525861047e+01
4.978634094929765297e+01
2.977573201446903539e+01
2.461610237505261622e+01
4.094463711485387591e+01
5.774807742042828806e+01
9.677865182470597460e-01
1.402821631061800929e+02
6.832045215594315657e+00
1.067093419206873861e+01
5.095977661672211667e+00
3.687928532028794137e+01
3.424833344830543780e+01
2.422655071560584350e+00
7.748639541910228523e+00
4.478979051952279633e+01
8.833688197072599735e+01
1.575075702261235389e+00
4.603603556724984891e+00
3.543543671566935416e+01
2.625064875548717325e+01
1.366423569780142566e+00
7.457180826042391963e+00
1.948057420862107492e+01
3.704834382289303107e+01
9.618528798330837404e+00
3.092231033931778583e+01
